ID,Target_07_AUC,Target_90_AUC,Target_120_AUC,Target_07_LogLoss,Target_90_LogLoss,Target_120_LogLoss
ID_LEG1GM,1e-07,0.0021002181920534236,0.002279370309459512,1e-07,0.0021002181920534236,0.002279370309459512
ID_1UKOKW,1e-07,0.000305629735435792,0.000268902088773992,1e-07,0.000305629735435792,0.000268902088773992
ID_U5H2YK,0.06845602745394742,0.07262330956471277,0.07642020370332536,0.06845602745394742,0.07262330956471277,0.07642020370332536
ID_55957A,0.017186595170133098,0.02533069145182126,0.03768976426001658,0.017186595170133098,0.02533069145182126,0.03768976426001658
ID_N1AC0A,1e-07,0.00019030639007070399,8.5309045558336e-05,1e-07,0.00019030639007070399,8.5309045558336e-05
ID_4R3SGT,0.000184139695337008,0.000617323082674828,8.5309045558336e-05,0.000184139695337008,0.000617323082674828,8.5309045558336e-05
ID_NVW38U,0.01736974524566639,0.03884170828195995,0.051297411089453404,0.01736974524566639,0.03884170828195995,0.051297411089453404
ID_15LAWX,1e-07,0.0012650847868998759,0.0020270451003983002,1e-07,0.0012650847868998759,0.0020270451003983002
ID_DPNOLZ,0.000173467264926268,0.002607296229075104,0.00538969408861176,0.000173467264926268,0.002607296229075104,0.00538969408861176
ID_GXO4MZ,0.00040758578892641196,0.001479776036880716,0.000268902088773992,0.00040758578892641196,0.001479776036880716,0.000268902088773992
ID_TWJ95S,0.00040758578892641196,0.004256739037941616,0.005645820233050428,0.00040758578892641196,0.004256739037941616,0.005645820233050428
ID_F6RQR5,1e-07,0.000617323082674828,0.000394018721463988,1e-07,0.000617323082674828,0.000394018721463988
ID_OD0S5Q,0.03519667120343631,0.03769087164502793,0.04447868306610902,0.03519667120343631,0.03769087164502793,0.04447868306610902
ID_L4DEEY,0.013892924310324791,0.01583977921408817,0.02338729159471238,0.013892924310324791,0.01583977921408817,0.02338729159471238
ID_H0WWMP,0.000184139695337008,0.000617323082674828,8.5309045558336e-05,0.000184139695337008,0.000617323082674828,8.5309045558336e-05
ID_NK0GGQ,1e-07,0.00048492174849707197,8.5309045558336e-05,1e-07,0.00048492174849707197,8.5309045558336e-05
ID_C3E07L,1e-07,0.001568516165584748,0.002043730777224188,1e-07,0.001568516165584748,0.002043730777224188
ID_8ZHOIS,1e-07,0.001616328797869084,0.002279370309459512,1e-07,0.001616328797869084,0.002279370309459512
ID_WEM7E6,0.11179901838716386,0.24278927517073434,0.23215876555862247,0.11179901838716386,0.24278927517073434,0.23215876555862247
ID_EI276D,0.01204707469033548,0.017422355019220553,0.01825815504367363,0.01204707469033548,0.017422355019220553,0.01825815504367363
ID_WY9YFZ,1e-07,0.000305629735435792,8.5309045558336e-05,1e-07,0.000305629735435792,8.5309045558336e-05
ID_VGITCI,0.00040758578892641196,0.002984828978263476,0.00538969408861176,0.00040758578892641196,0.002984828978263476,0.00538969408861176
ID_NHFYZX,1e-07,0.000617323082674828,0.000394018721463988,1e-07,0.000617323082674828,0.000394018721463988
ID_PZPP2T,1e-07,0.000542589324253724,0.000268902088773992,1e-07,0.000542589324253724,0.000268902088773992
ID_YSGK3Y,1e-07,0.00019030639007070399,8.5309045558336e-05,1e-07,0.00019030639007070399,8.5309045558336e-05
ID_RT29AK,0.000173467264926268,0.000542589324253724,0.000268902088773992,0.000173467264926268,0.000542589324253724,0.000268902088773992
ID_AUK2TM,0.08282041495132725,0.11109553823960361,0.15362559898939654,0.08282041495132725,0.11109553823960361,0.15362559898939654
ID_QZA91L,0.028485524893843196,0.05469655582624925,0.058168987077213914,0.028485524893843196,0.05469655582624925,0.058168987077213914
ID_CWTE3D,0.05381372271531752,0.06947244520958941,0.06967686596024636,0.05381372271531752,0.06947244520958941,0.06967686596024636
ID_E04V5D,0.000184139695337008,0.0006344010714875799,0.000394018721463988,0.000184139695337008,0.0006344010714875799,0.000394018721463988
ID_XTGV9Y,1e-07,0.0012650847868998759,0.0020270451003983002,1e-07,0.0012650847868998759,0.0020270451003983002
ID_ADLLTR,1e-07,0.0021002181920534236,0.002279370309459512,1e-07,0.0021002181920534236,0.002279370309459512
ID_938PPA,1e-07,0.001616328797869084,0.002279370309459512,1e-07,0.001616328797869084,0.002279370309459512
ID_68PA5Q,1e-07,0.0012650847868998759,0.0020270451003983002,1e-07,0.0012650847868998759,0.0020270451003983002
ID_EJJIM0,0.000184139695337008,0.000617323082674828,8.5309045558336e-05,0.000184139695337008,0.000617323082674828,8.5309045558336e-05
ID_9EEUE8,0.000173467264926268,0.000542589324253724,0.000268902088773992,0.000173467264926268,0.000542589324253724,0.000268902088773992
ID_EZ948R,0.034246954332366505,0.07746290298756286,0.11212104498514089,0.034246954332366505,0.07746290298756286,0.11212104498514089
ID_E0HFQZ,0.000184139695337008,0.000617323082674828,0.000394018721463988,0.000184139695337008,0.000617323082674828,0.000394018721463988
ID_KGXIB9,0.01588559827538414,0.015884247051786694,0.01774321525069895,0.01588559827538414,0.015884247051786694,0.01774321525069895
ID_ZXY6XK,1e-07,0.00019030639007070399,8.5309045558336e-05,1e-07,0.00019030639007070399,8.5309045558336e-05
ID_TEKWLH,0.000173467264926268,0.00082461426136868,0.000462029854672472,0.000173467264926268,0.00082461426136868,0.000462029854672472
ID_BWUBOA,1e-07,0.00019030639007070399,8.5309045558336e-05,1e-07,0.00019030639007070399,8.5309045558336e-05
ID_0KPGAQ,0.000184139695337008,0.00032270772424845996,8.5309045558336e-05,0.000184139695337008,0.00032270772424845996,8.5309045558336e-05
ID_3LJO3C,0.000184139695337008,0.000868810246512056,0.000656271285941792,0.000184139695337008,0.000868810246512056,0.000656271285941792
ID_WRG2RD,0.000184139695337008,0.000617323082674828,0.000656271285941792,0.000184139695337008,0.000617323082674828,0.000656271285941792
ID_4K4IHE,0.000184139695337008,0.000617323082674828,0.000970987836720844,0.000184139695337008,0.000617323082674828,0.000970987836720844
ID_U9Z9PF,1e-07,0.0014784567863087,0.0017755940634642802,1e-07,0.0014784567863087,0.0017755940634642802
ID_HX6A7Q,0.0876849040622167,0.10498108977639764,0.1431848206121209,0.0876849040622167,0.10498108977639764,0.1431848206121209
ID_CB9JIH,0.017199842543204457,0.04378219095054519,0.052277757323241865,0.017199842543204457,0.04378219095054519,0.052277757323241865
ID_HP3OJC,0.01736974524566639,0.03884170828195995,0.051297411089453404,0.01736974524566639,0.03884170828195995,0.051297411089453404
ID_15CTIR,0.04372264951725832,0.1028975000065211,0.12700288664812018,0.04372264951725832,0.1028975000065211,0.12700288664812018
ID_A7QLXN,0.000926918466697196,0.0015276721688951601,0.000656271285941792,0.000926918466697196,0.0015276721688951601,0.000656271285941792
ID_97B102,0.014910230909399138,0.01162881304549531,0.027840520321833997,0.014910230909399138,0.01162881304549531,0.027840520321833997
ID_2JV0A5,0.0438958544962151,0.06316372795656582,0.07880800941117512,0.0438958544962151,0.06316372795656582,0.07880800941117512
ID_4BHS4D,0.013892924310324791,0.015591323371029442,0.014594964307075674,0.013892924310324791,0.015591323371029442,0.014594964307075674
ID_475FQ7,0.000184139695337008,0.000617323082674828,8.5309045558336e-05,0.000184139695337008,0.000617323082674828,8.5309045558336e-05
ID_OOU6SR,0.000184139695337008,0.000617323082674828,8.5309045558336e-05,0.000184139695337008,0.000617323082674828,8.5309045558336e-05
ID_K9F2L9,1e-07,0.000617323082674828,8.5309045558336e-05,1e-07,0.000617323082674828,8.5309045558336e-05
ID_HVXRWN,0.013892924310324791,0.015591323371029442,0.014594964307075674,0.013892924310324791,0.015591323371029442,0.014594964307075674
ID_OD84X2,0.01736974524566639,0.03884170828195995,0.051297411089453404,0.01736974524566639,0.03884170828195995,0.051297411089453404
ID_S015G9,0.000184139695337008,0.0006344010714875799,0.000394018721463988,0.000184139695337008,0.0006344010714875799,0.000394018721463988
ID_SV5TAT,0.02101822041531151,0.02983825701484181,0.038953551284443264,0.02101822041531151,0.02983825701484181,0.038953551284443264
ID_CDCTHP,0.000184139695337008,0.000617323082674828,0.000656271285941792,0.000184139695337008,0.000617323082674828,0.000656271285941792
ID_AROTJX,1e-07,0.000173228401258036,8.5309045558336e-05,1e-07,0.000173228401258036,8.5309045558336e-05
ID_EHAJ1K,0.5194941768822222,0.6097830235251869,0.7638350156476157,0.5194941768822222,0.6097830235251869,0.7638350156476157
ID_IEX25G,0.000184139695337008,0.000868810246512056,0.000656271285941792,0.000184139695337008,0.000868810246512056,0.000656271285941792
ID_W88WIY,1e-07,0.000868810246512056,0.000268902088773992,1e-07,0.000868810246512056,0.000268902088773992
ID_J6RJJ3,0.013816983044592852,0.03299565273003848,0.036106638999424075,0.013816983044592852,0.03299565273003848,0.036106638999424075
ID_HXXXEO,0.000184139695337008,0.000617323082674828,8.5309045558336e-05,0.000184139695337008,0.000617323082674828,8.5309045558336e-05
ID_X4RW56,0.02101822041531151,0.022721098874888795,0.033551110009986604,0.02101822041531151,0.022721098874888795,0.033551110009986604
ID_R34IVE,0.04916253171738234,0.08194031522886197,0.1146629286563596,0.04916253171738234,0.08194031522886197,0.1146629286563596
ID_42HTPO,0.000926918466697196,0.0030484731172632277,0.003393357936801884,0.000926918466697196,0.0030484731172632277,0.003393357936801884
ID_S29RDB,1e-07,0.00019030639007070399,8.5309045558336e-05,1e-07,0.00019030639007070399,8.5309045558336e-05
ID_D92BW9,0.000184139695337008,0.000617323082674828,8.5309045558336e-05,0.000184139695337008,0.000617323082674828,8.5309045558336e-05
ID_LM303R,1e-07,0.001816160817488648,0.002043730777224188,1e-07,0.001816160817488648,0.002043730777224188
ID_9D1349,0.01588559827538414,0.015884247051786694,0.01774321525069895,0.01588559827538414,0.015884247051786694,0.01774321525069895
ID_YXYTNR,0.02101822041531151,0.03348067293429833,0.036151805953702064,0.02101822041531151,0.03348067293429833,0.036151805953702064
ID_LGBT94,0.013816983044592852,0.03299565273003848,0.036106638999424075,0.013816983044592852,0.03299565273003848,0.036106638999424075
ID_F5D4F1,1e-07,0.000617323082674828,0.000394018721463988,1e-07,0.000617323082674828,0.000394018721463988
ID_LCRAB6,0.010457124746638426,0.011046173814651379,0.01388967023617053,0.010457124746638426,0.011046173814651379,0.01388967023617053
ID_2S8CNZ,1e-07,0.00037416041615003203,0.000268902088773992,1e-07,0.00037416041615003203,0.000268902088773992
ID_1SGSZE,1e-07,0.000617323082674828,8.5309045558336e-05,1e-07,0.000617323082674828,8.5309045558336e-05
ID_KKBQQS,0.14537582676315464,0.18394365634275076,0.22145122042819357,0.14537582676315464,0.18394365634275076,0.22145122042819357
ID_XMDQ0Y,1e-07,0.0007364089123343,0.000268902088773992,1e-07,0.0007364089123343,0.000268902088773992
ID_J1LSS5,0.000184139695337008,0.000542589324253724,0.000268902088773992,0.000184139695337008,0.000542589324253724,0.000268902088773992
ID_UKASHO,0.000184139695337008,0.000305629735435792,0.000656271285941792,0.000184139695337008,0.000305629735435792,0.000656271285941792
ID_3RTT5L,0.16822347239814703,0.09299951583978423,0.126998661683739,0.16822347239814703,0.09299951583978423,0.126998661683739
ID_HWGAEQ,0.000184139695337008,0.000617323082674828,0.000268902088773992,0.000184139695337008,0.000617323082674828,0.000268902088773992
ID_U0LN1Z,0.08803465010490985,0.08127907596761179,0.0947814665420065,0.08803465010490985,0.08127907596761179,0.0947814665420065
ID_XCBXS7,0.08993186481346188,0.05914209409356166,0.10219676867732441,0.08993186481346188,0.05914209409356166,0.10219676867732441
ID_YFDC0M,0.000184139695337008,0.000617323082674828,0.000268902088773992,0.000184139695337008,0.000617323082674828,0.000268902088773992
ID_RCNWC6,0.29906673332321143,0.15663905283799412,0.16956901551216236,0.29906673332321143,0.15663905283799412,0.16956901551216236
ID_671WLE,0.12155084138762252,0.07690357754096278,0.11881685584702141,0.12155084138762252,0.07690357754096278,0.11881685584702141
ID_JXJ5V1,0.000173467264926268,0.00108957658942816,0.000656271285941792,0.000173467264926268,0.00108957658942816,0.000656271285941792
ID_QMT9FM,0.16734164777180285,0.13720364046954364,0.12920191483638543,0.16734164777180285,0.13720364046954364,0.12920191483638543
ID_VUL81Z,1e-07,0.000885888235324808,0.001233240401198648,1e-07,0.000885888235324808,0.001233240401198648
ID_MRZSZ3,0.000173467264926268,0.000921147681324468,0.000268902088773992,0.000173467264926268,0.000921147681324468,0.000268902088773992
ID_8HVUID,0.000184139695337008,0.000868810246512056,0.000268902088773992,0.000184139695337008,0.000868810246512056,0.000268902088773992
ID_3410TA,0.00084516631050668,0.00108957658942816,0.000268902088773992,0.00084516631050668,0.00108957658942816,0.000268902088773992
ID_ETZB50,0.000184139695337008,0.000542589324253724,0.000268902088773992,0.000184139695337008,0.000542589324253724,0.000268902088773992
ID_C19QG9,0.000184139695337008,0.000617323082674828,0.000268902088773992,0.000184139695337008,0.000617323082674828,0.000268902088773992
ID_L44KDR,0.000184139695337008,0.000542589324253724,0.000268902088773992,0.000184139695337008,0.000542589324253724,0.000268902088773992
ID_4DI6LA,1e-07,0.000542589324253724,0.000268902088773992,1e-07,0.000542589324253724,0.000268902088773992
ID_MLY1IW,0.00040758578892641196,0.000868810246512056,0.000268902088773992,0.00040758578892641196,0.000868810246512056,0.000268902088773992
ID_93HGEN,0.29223315950060225,0.1334833044013693,0.13525161825707513,0.29223315950060225,0.1334833044013693,0.13525161825707513
ID_LIHISF,0.00084516631050668,0.001221122124863236,0.000462029854672472,0.00084516631050668,0.001221122124863236,0.000462029854672472
ID_WE6D86,1e-07,0.000173228401258036,0.000268902088773992,1e-07,0.000173228401258036,0.000268902088773992
ID_GPFY9L,0.000173467264926268,0.000444305970700328,0.000462029854672472,0.000173467264926268,0.000444305970700328,0.000462029854672472
ID_RODTO0,0.000184139695337008,0.000542589324253724,0.000268902088773992,0.000184139695337008,0.000542589324253724,0.000268902088773992
ID_RX87BE,0.000184139695337008,0.000617323082674828,0.000268902088773992,0.000184139695337008,0.000617323082674828,0.000268902088773992
ID_38DTWE,0.0006434767478494719,0.000868810246512056,0.000656271285941792,0.0006434767478494719,0.000868810246512056,0.000656271285941792
ID_OZURHC,0.0046713834047516075,0.0053746991741528355,0.006838322970766263,0.0046713834047516075,0.0053746991741528355,0.006838322970766263
ID_C837CJ,1e-07,0.00037416041615003203,0.000268902088773992,1e-07,0.00037416041615003203,0.000268902088773992
ID_P91IX6,0.000184139695337008,0.000617323082674828,0.000268902088773992,0.000184139695337008,0.000617323082674828,0.000268902088773992
ID_8NF6B2,0.000184139695337008,0.000542589324253724,0.000268902088773992,0.000184139695337008,0.000542589324253724,0.000268902088773992
ID_4TNPPX,0.000173467264926268,0.001111301650026688,0.000462029854672472,0.000173467264926268,0.001111301650026688,0.000462029854672472
ID_B3KWIH,0.000184139695337008,0.000542589324253724,0.000268902088773992,0.000184139695337008,0.000542589324253724,0.000268902088773992
ID_SG931P,0.00040758578892641196,0.000542589324253724,0.000268902088773992,0.00040758578892641196,0.000542589324253724,0.000268902088773992
ID_BEPICH,0.00040758578892641196,0.001111301650026688,0.000462029854672472,0.00040758578892641196,0.001111301650026688,0.000462029854672472
ID_08XJFG,0.00040758578892641196,0.000542589324253724,0.000268902088773992,0.00040758578892641196,0.000542589324253724,0.000268902088773992
ID_D3YDST,0.003612971253787468,0.004142520754858016,0.005134920572007884,0.003612971253787468,0.004142520754858016,0.005134920572007884
ID_I6YHZD,0.000173467264926268,0.000444305970700328,0.000462029854672472,0.000173467264926268,0.000444305970700328,0.000462029854672472
ID_85J874,0.000173467264926268,0.000293826569020448,0.000268902088773992,0.000173467264926268,0.000293826569020448,0.000268902088773992
ID_VQEIBY,0.000173467264926268,0.000542589324253724,0.000268902088773992,0.000173467264926268,0.000542589324253724,0.000268902088773992
ID_0JQSZK,1e-07,0.0006344010714875799,8.5309045558336e-05,1e-07,0.0006344010714875799,8.5309045558336e-05
ID_JIDZNT,1e-07,0.000868810246512056,0.000656271285941792,1e-07,0.000868810246512056,0.000656271285941792
ID_15PDE4,1e-07,0.000868810246512056,0.000268902088773992,1e-07,0.000868810246512056,0.000268902088773992
ID_PKN25B,1e-07,0.0002598403899328,8.5309045558336e-05,1e-07,0.0002598403899328,8.5309045558336e-05
ID_D5RQPV,0.000926918466697196,0.0022120226481935476,0.004397469948965444,0.000926918466697196,0.0022120226481935476,0.004397469948965444
ID_0QRDVL,1e-07,0.001336558545866672,0.002745201184593332,1e-07,0.001336558545866672,0.002745201184593332
ID_LCBLI1,1e-07,0.00039224172411064,0.000394018721463988,1e-07,0.00039224172411064,0.000394018721463988
ID_RC9RKR,0.00040758578892641196,0.0013203661466186121,0.002080373782651748,0.00040758578892641196,0.0013203661466186121,0.002080373782651748
ID_HFEO8Z,1e-07,0.001336558545866672,0.002815563187426328,1e-07,0.001336558545866672,0.002815563187426328
ID_EFQEXF,0.000173467264926268,0.0015663880255555641,0.002063688105825944,0.000173467264926268,0.0015663880255555641,0.002063688105825944
ID_9UK4KJ,1e-07,0.0007201274705977359,8.5309045558336e-05,1e-07,0.0007201274705977359,8.5309045558336e-05
ID_VEMXQ2,1e-07,0.00027603278918094396,8.5309045558336e-05,1e-07,0.00027603278918094396,8.5309045558336e-05
ID_VGN8QR,0.000184139695337008,0.001336558545866672,0.001575317555759636,0.000184139695337008,0.001336558545866672,0.001575317555759636
ID_04QBJK,1e-07,0.0010850713820294438,0.0017755940634642802,1e-07,0.0010850713820294438,0.0017755940634642802
ID_M6902J,0.000173467264926268,0.001797646935118108,0.004397469948965444,0.000173467264926268,0.001797646935118108,0.004397469948965444
ID_5662X6,0.000511583429794724,0.002149679052945316,0.0030434534703852358,0.000511583429794724,0.002149679052945316,0.0030434534703852358
ID_EMVPFU,1e-07,0.0002598403899328,8.5309045558336e-05,1e-07,0.0002598403899328,8.5309045558336e-05
ID_7KALEL,0.034992708926252065,0.05128997820278006,0.08149363513376912,0.034992708926252065,0.05128997820278006,0.08149363513376912
ID_8APH0Q,1e-07,0.000643728887947868,0.000656271285941792,1e-07,0.000643728887947868,0.000656271285941792
ID_KR985R,1e-07,0.000587726136419896,0.000394018721463988,1e-07,0.000587726136419896,0.000394018721463988
ID_87YV3I,1e-07,0.0002598403899328,8.5309045558336e-05,1e-07,0.0002598403899328,8.5309045558336e-05
ID_TR8ASA,1e-07,0.001336558545866672,0.002815563187426328,1e-07,0.001336558545866672,0.002815563187426328
ID_MCNRLY,0.000184139695337008,0.000643728887947868,0.000656271285941792,0.000184139695337008,0.000643728887947868,0.000656271285941792
ID_U2C1OY,1e-07,0.00027603278918094396,8.5309045558336e-05,1e-07,0.00027603278918094396,8.5309045558336e-05
ID_02VC5B,0.000265891851527608,0.001573313514653708,0.002815563187426328,0.000265891851527608,0.001573313514653708,0.002815563187426328
ID_IMR2O6,1e-07,0.0002598403899328,8.5309045558336e-05,1e-07,0.0002598403899328,8.5309045558336e-05
ID_11U5X3,1e-07,0.001336558545866672,0.002745201184593332,1e-07,0.001336558545866672,0.002745201184593332
ID_BWQ4QE,1e-07,0.0002598403899328,8.5309045558336e-05,1e-07,0.0002598403899328,8.5309045558336e-05
ID_LMJQO0,1e-07,0.001336558545866672,0.002745201184593332,1e-07,0.001336558545866672,0.002745201184593332
ID_J8X1JQ,1e-07,0.0002598403899328,8.5309045558336e-05,1e-07,0.0002598403899328,8.5309045558336e-05
ID_IVOGMZ,0.047476179126967895,0.049257155955119106,0.06831584672025924,0.047476179126967895,0.049257155955119106,0.06831584672025924
ID_Z9OCJD,1e-07,0.0002598403899328,8.5309045558336e-05,1e-07,0.0002598403899328,8.5309045558336e-05
ID_W22JQT,1e-07,0.00027603278918094396,8.5309045558336e-05,1e-07,0.00027603278918094396,8.5309045558336e-05
ID_JG6KVB,1e-07,0.0002598403899328,8.5309045558336e-05,1e-07,0.0002598403899328,8.5309045558336e-05
ID_IRIQ9N,0.03981846942528557,0.04090631794635919,0.05121768497781566,0.03981846942528557,0.04090631794635919,0.05121768497781566
ID_O059B0,0.000265891851527608,0.001573313514653708,0.002815563187426328,0.000265891851527608,0.001573313514653708,0.002815563187426328
ID_CTIZD5,0.000173467264926268,0.001816160817488648,0.002043730777224188,0.000173467264926268,0.001816160817488648,0.002043730777224188
ID_ZIXA8E,1e-07,0.0002598403899328,8.5309045558336e-05,1e-07,0.0002598403899328,8.5309045558336e-05
ID_NB1NLU,1e-07,0.001768264685474204,0.002815563187426328,1e-07,0.001768264685474204,0.002815563187426328
ID_U6ULCZ,1e-07,0.0002598403899328,8.5309045558336e-05,1e-07,0.0002598403899328,8.5309045558336e-05
ID_QSX3RO,0.0554798354233075,0.09025819747535364,0.10230195035257678,0.0554798354233075,0.09025819747535364,0.10230195035257678
ID_1UA6WQ,0.006328534606802696,0.014288956467585451,0.020400644683378256,0.006328534606802696,0.014288956467585451,0.020400644683378256
ID_XPSO6B,1e-07,0.00027603278918094396,8.5309045558336e-05,1e-07,0.00027603278918094396,8.5309045558336e-05
ID_2ZQ7PC,0.000173467264926268,0.002111919418599852,0.004307961822912492,0.000173467264926268,0.002111919418599852,0.004307961822912492
ID_WDF4T1,1e-07,0.0002598403899328,8.5309045558336e-05,1e-07,0.0002598403899328,8.5309045558336e-05
ID_P6V6NH,0.000511583429794724,0.0013876292539832119,0.002745201184593332,0.000511583429794724,0.0013876292539832119,0.002745201184593332
ID_224AL4,1e-07,0.0002598403899328,8.5309045558336e-05,1e-07,0.0002598403899328,8.5309045558336e-05
ID_BOJ8C6,0.000173467264926268,0.002034401903905144,0.004397469948965444,0.000173467264926268,0.002034401903905144,0.004397469948965444
ID_FHTL2A,1e-07,0.000971614634434964,0.000656271285941792,1e-07,0.000971614634434964,0.000656271285941792
ID_4JT5BR,1e-07,0.001336558545866672,0.0020270451003983002,1e-07,0.001336558545866672,0.0020270451003983002
ID_3JRM7J,1e-07,0.000587726136419896,0.000394018721463988,1e-07,0.000587726136419896,0.000394018721463988
ID_QCP4DY,1e-07,0.0021999531852339316,0.002815563187426328,1e-07,0.0021999531852339316,0.002815563187426328
ID_N9NVTY,0.000686241473464384,0.0027723738668609357,0.002815563187426328,0.000686241473464384,0.0027723738668609357,0.002815563187426328
ID_L8NEX2,0.000265891851527608,0.001573313514653708,0.002815563187426328,0.000265891851527608,0.001573313514653708,0.002815563187426328
ID_V0ITZI,1e-07,0.0002598403899328,8.5309045558336e-05,1e-07,0.0002598403899328,8.5309045558336e-05
ID_U810NE,0.000265891851527608,0.001573313514653708,0.002815563187426328,0.000265891851527608,0.001573313514653708,0.002815563187426328
ID_T7IUG7,1e-07,0.001336558545866672,0.002745201184593332,1e-07,0.001336558545866672,0.002745201184593332
ID_P2HPA7,0.000265891851527608,0.001573313514653708,0.002815563187426328,0.000265891851527608,0.001573313514653708,0.002815563187426328
ID_7HCA07,0.00040758578892641196,0.002034401903905144,0.0024298413497007357,0.00040758578892641196,0.002034401903905144,0.0024298413497007357
ID_H1MCDH,1e-07,0.0002598403899328,8.5309045558336e-05,1e-07,0.0002598403899328,8.5309045558336e-05
ID_JAGL6N,1e-07,0.00027603278918094396,8.5309045558336e-05,1e-07,0.00027603278918094396,8.5309045558336e-05
ID_Q07G0X,1e-07,0.00048434029289958,0.000268902088773992,1e-07,0.00048434029289958,0.000268902088773992
ID_GFGBJP,1e-07,0.00039224172411064,8.5309045558336e-05,1e-07,0.00039224172411064,8.5309045558336e-05
ID_CCCZIE,1e-07,0.0002598403899328,0.000268902088773992,1e-07,0.0002598403899328,0.000268902088773992
ID_590HV5,1e-07,0.0002598403899328,0.000268902088773992,1e-07,0.0002598403899328,0.000268902088773992
ID_3V4E7G,1e-07,0.000643728887947868,0.000656271285941792,1e-07,0.000643728887947868,0.000656271285941792
ID_GIQVVF,1e-07,0.000703935071349676,0.001222438873654864,1e-07,0.000703935071349676,0.001222438873654864
ID_QLQOL2,1e-07,0.0002598403899328,0.000268902088773992,1e-07,0.0002598403899328,0.000268902088773992
ID_0CE2HK,1e-07,0.000643728887947868,0.000268902088773992,1e-07,0.000643728887947868,0.000268902088773992
ID_QG2TA1,1e-07,0.000196690253419252,0.000268902088773992,1e-07,0.000196690253419252,0.000268902088773992
ID_06I476,0.000173467264926268,0.00055448584744996,0.000268902088773992,0.000173467264926268,0.00055448584744996,0.000268902088773992
ID_MJ1FKS,1e-07,0.00039224172411064,0.000268902088773992,1e-07,0.00039224172411064,0.000268902088773992
ID_CVPRQL,1e-07,0.0002598403899328,0.000268902088773992,1e-07,0.0002598403899328,0.000268902088773992
ID_SZV3JP,1e-07,0.00040400644577007997,0.000268902088773992,1e-07,0.00040400644577007997,0.000268902088773992
ID_97O1LE,1e-07,0.000703935071349676,0.0014874592690749921,1e-07,0.000703935071349676,0.0014874592690749921
ID_DXPTCG,1e-07,0.00039224172411064,0.000268902088773992,1e-07,0.00039224172411064,0.000268902088773992
ID_VP7MWU,1e-07,0.000703935071349676,0.000268902088773992,1e-07,0.000703935071349676,0.000268902088773992
ID_YI13PR,1e-07,0.0002598403899328,8.5309045558336e-05,1e-07,0.0002598403899328,8.5309045558336e-05
ID_GKSEUX,1e-07,0.000643728887947868,0.000268902088773992,1e-07,0.000643728887947868,0.000268902088773992
ID_2JDZDR,1e-07,0.00040400644577007997,0.000268902088773992,1e-07,0.00040400644577007997,0.000268902088773992
ID_ESCEIY,0.000511583429794724,0.0016880016402977959,0.003049076294145056,0.000511583429794724,0.0016880016402977959,0.003049076294145056
ID_7YX6BJ,1e-07,0.0009554222351869041,0.000656271285941792,1e-07,0.0009554222351869041,0.000656271285941792
ID_K1MSGS,0.000265891851527608,0.001302459375466324,0.001476657741531292,0.000265891851527608,0.001302459375466324,0.001476657741531292
ID_HACR8W,1e-07,0.0002598403899328,0.000268902088773992,1e-07,0.0002598403899328,0.000268902088773992
ID_7IAGGB,1e-07,0.00039224172411064,0.000268902088773992,1e-07,0.00039224172411064,0.000268902088773992
ID_K1P3J8,0.00346708380752942,0.003734234950635648,0.003138584420197924,0.00346708380752942,0.003734234950635648,0.003138584420197924
ID_GHJU0P,0.000184139695337008,0.00039224172411064,0.000970987836720844,0.000184139695337008,0.00039224172411064,0.000970987836720844
ID_QB2VOQ,1e-07,0.00048434029289958,0.000268902088773992,1e-07,0.00048434029289958,0.000268902088773992
ID_917FV8,1e-07,0.000703935071349676,0.001222438873654864,1e-07,0.000703935071349676,0.001222438873654864
ID_XW1VHF,1e-07,0.00039224172411064,0.000268902088773992,1e-07,0.00039224172411064,0.000268902088773992
ID_UK4G6M,1e-07,0.0002598403899328,0.000268902088773992,1e-07,0.0002598403899328,0.000268902088773992
ID_BIPA8U,1e-07,0.0002598403899328,8.5309045558336e-05,1e-07,0.0002598403899328,8.5309045558336e-05
ID_Z3YZCX,1e-07,0.000703935071349676,0.000268902088773992,1e-07,0.000703935071349676,0.000268902088773992
ID_OII8NJ,1e-07,0.000571533737171836,0.000268902088773992,1e-07,0.000571533737171836,0.000268902088773992
ID_KVZHRX,1e-07,0.00039224172411064,0.000394018721463988,1e-07,0.00039224172411064,0.000394018721463988
ID_KKWKS6,1e-07,0.00039224172411064,0.000268902088773992,1e-07,0.00039224172411064,0.000268902088773992
ID_OABA3T,1e-07,0.0002598403899328,0.000268902088773992,1e-07,0.0002598403899328,0.000268902088773992
ID_XK9A5W,1e-07,0.00048434029289958,0.000268902088773992,1e-07,0.00048434029289958,0.000268902088773992
ID_QCOJ3X,1e-07,0.000703935071349676,8.5309045558336e-05,1e-07,0.000703935071349676,8.5309045558336e-05
ID_10YMBD,1e-07,0.000703935071349676,0.001476657741531292,1e-07,0.000703935071349676,0.001476657741531292
ID_LPH3DB,1e-07,0.00040400644577007997,0.000268902088773992,1e-07,0.00040400644577007997,0.000268902088773992
ID_KHSX16,0.000173467264926268,0.00048434029289958,0.000268902088773992,0.000173467264926268,0.00048434029289958,0.000268902088773992
ID_LTGA17,1e-07,0.0002598403899328,8.5309045558336e-05,1e-07,0.0002598403899328,8.5309045558336e-05
ID_3B3D83,1e-07,0.0002598403899328,0.000268902088773992,1e-07,0.0002598403899328,0.000268902088773992
ID_UQ2ERA,1e-07,0.001302459375466324,0.001476657741531292,1e-07,0.001302459375466324,0.001476657741531292
ID_RJVPF3,0.000173467264926268,0.00048434029289958,0.000268902088773992,0.000173467264926268,0.00048434029289958,0.000268902088773992
ID_HV0S70,1e-07,0.000196690253419252,0.000268902088773992,1e-07,0.000196690253419252,0.000268902088773992
ID_XBEH87,1e-07,0.000571533737171836,0.000268902088773992,1e-07,0.000571533737171836,0.000268902088773992
ID_RU36LB,0.000184139695337008,0.001068878982781384,0.001476657741531292,0.000184139695337008,0.001068878982781384,0.001476657741531292
ID_ZX0HBQ,1e-07,0.000196690253419252,0.000268902088773992,1e-07,0.000196690253419252,0.000268902088773992
ID_GKT8DV,1e-07,0.0002598403899328,0.000268902088773992,1e-07,0.0002598403899328,0.000268902088773992
ID_KHKU4Q,1e-07,0.0002598403899328,0.000268902088773992,1e-07,0.0002598403899328,0.000268902088773992
ID_XIMM99,1e-07,0.0002598403899328,0.000268902088773992,1e-07,0.0002598403899328,0.000268902088773992
ID_TBU5R1,1e-07,0.0002598403899328,0.000268902088773992,1e-07,0.0002598403899328,0.000268902088773992
ID_IXDD5C,1e-07,0.0002598403899328,0.000268902088773992,1e-07,0.0002598403899328,0.000268902088773992
ID_O6NVIA,1e-07,0.000759870764495516,0.000268902088773992,1e-07,0.000759870764495516,0.000268902088773992
ID_SUN5EY,0.000173467264926268,0.0009554222351869041,0.000268902088773992,0.000173467264926268,0.0009554222351869041,0.000268902088773992
ID_GYZ4QD,0.001202938925162644,0.0013941852203584598,0.001563705421190176,0.001202938925162644,0.0013941852203584598,0.001563705421190176
ID_L7KG54,1e-07,0.000571533737171836,0.000394018721463988,1e-07,0.000571533737171836,0.000394018721463988
ID_S6HTFD,1e-07,0.000571533737171836,0.000268902088773992,1e-07,0.000571533737171836,0.000268902088773992
ID_P06QON,1e-07,0.000703935071349676,0.001476657741531292,1e-07,0.000703935071349676,0.001476657741531292
ID_YOWRSL,1e-07,0.000703935071349676,0.000268902088773992,1e-07,0.000703935071349676,0.000268902088773992
ID_U5VLSB,0.000265891851527608,0.0009375154640347,0.001476657741531292,0.000265891851527608,0.0009375154640347,0.001476657741531292
ID_XGW2O2,1e-07,0.00039224172411064,0.000268902088773992,1e-07,0.00039224172411064,0.000268902088773992
ID_GQEHIP,0.000173467264926268,0.000634819694579544,0.000268902088773992,0.000173467264926268,0.000634819694579544,0.000268902088773992
ID_SG18NS,1e-07,0.000703935071349676,0.001476657741531292,1e-07,0.000703935071349676,0.001476657741531292
ID_V1RUP1,1e-07,0.000643728887947868,0.000268902088773992,1e-07,0.000643728887947868,0.000268902088773992
ID_SATMW5,1e-07,0.00039224172411064,8.5309045558336e-05,1e-07,0.00039224172411064,8.5309045558336e-05
ID_7BECWT,0.000184139695337008,0.001068878982781384,0.001233240401198648,0.000184139695337008,0.001068878982781384,0.001233240401198648
ID_S0YLSK,1e-07,0.0002598403899328,8.5309045558336e-05,1e-07,0.0002598403899328,8.5309045558336e-05
ID_KQF7DD,1e-07,0.00048434029289958,0.000268902088773992,1e-07,0.00048434029289958,0.000268902088773992
ID_L0BWUO,1e-07,0.0002598403899328,8.5309045558336e-05,1e-07,0.0002598403899328,8.5309045558336e-05
ID_QFB1JA,1e-07,0.00039224172411064,8.5309045558336e-05,1e-07,0.00039224172411064,8.5309045558336e-05
ID_5H2YDZ,1e-07,0.000196690253419252,8.5309045558336e-05,1e-07,0.000196690253419252,8.5309045558336e-05
ID_DT5H48,1e-07,0.0002598403899328,0.000268902088773992,1e-07,0.0002598403899328,0.000268902088773992
ID_EPUV7F,1e-07,0.00039224172411064,0.000394018721463988,1e-07,0.00039224172411064,0.000394018721463988
ID_D1W7AZ,1e-07,0.000571533737171836,0.000268902088773992,1e-07,0.000571533737171836,0.000268902088773992
ID_UOLZNR,0.000265891851527608,0.0009375154640347,0.001476657741531292,0.000265891851527608,0.0009375154640347,0.001476657741531292
ID_J7N1FB,0.000184139695337008,0.0009554222351869041,0.000656271285941792,0.000184139695337008,0.0009554222351869041,0.000656271285941792
ID_Q56GYN,1e-07,0.0002598403899328,0.000268902088773992,1e-07,0.0002598403899328,0.000268902088773992
ID_QM0CUB,1e-07,0.0011997564661777919,0.000268902088773992,1e-07,0.0011997564661777919,0.000268902088773992
ID_KFZM4L,1e-07,0.0002598403899328,0.000268902088773992,1e-07,0.0002598403899328,0.000268902088773992
ID_0JG3TM,1e-07,0.0002598403899328,0.000268902088773992,1e-07,0.0002598403899328,0.000268902088773992
ID_SU3V8X,1e-07,0.000703935071349676,0.001476657741531292,1e-07,0.000703935071349676,0.001476657741531292
ID_85P4YH,0.000184139695337008,0.001068878982781384,0.001476657741531292,0.000184139695337008,0.001068878982781384,0.001476657741531292
ID_IZF4GN,1e-07,0.0002598403899328,0.000268902088773992,1e-07,0.0002598403899328,0.000268902088773992
ID_9V9BNJ,1e-07,0.0009554222351869041,0.000268902088773992,1e-07,0.0009554222351869041,0.000268902088773992
ID_COSLW0,0.000265891851527608,0.001302459375466324,0.001476657741531292,0.000265891851527608,0.001302459375466324,0.001476657741531292
ID_JNAKG5,1e-07,0.0002598403899328,0.000268902088773992,1e-07,0.0002598403899328,0.000268902088773992
ID_22FKG1,1e-07,0.00039224172411064,8.5309045558336e-05,1e-07,0.00039224172411064,8.5309045558336e-05
ID_GO2BVN,1e-07,0.00040400644577007997,0.000268902088773992,1e-07,0.00040400644577007997,0.000268902088773992
ID_1D3R5U,1e-07,0.0002598403899328,0.000268902088773992,1e-07,0.0002598403899328,0.000268902088773992
ID_6HDHTS,1e-07,0.000643728887947868,0.000268902088773992,1e-07,0.000643728887947868,0.000268902088773992
ID_W82UZ2,1e-07,0.000703935071349676,0.000268902088773992,1e-07,0.000703935071349676,0.000268902088773992
ID_B8QQ14,1e-07,0.000703935071349676,0.000268902088773992,1e-07,0.000703935071349676,0.000268902088773992
ID_D50NYH,1e-07,0.0002598403899328,0.000268902088773992,1e-07,0.0002598403899328,0.000268902088773992
ID_TR3LZI,1e-07,0.0002598403899328,8.5309045558336e-05,1e-07,0.0002598403899328,8.5309045558336e-05
ID_X03IG4,0.000173467264926268,0.0017342960798211,0.001650615625308152,0.000173467264926268,0.0017342960798211,0.001650615625308152
ID_9W1DTW,1e-07,0.000703935071349676,0.001222438873654864,1e-07,0.000703935071349676,0.001222438873654864
ID_ELVMT3,1e-07,0.0002598403899328,0.000268902088773992,1e-07,0.0002598403899328,0.000268902088773992
ID_ACLR4X,1e-07,0.0002598403899328,0.000268902088773992,1e-07,0.0002598403899328,0.000268902088773992
ID_526E6B,1e-07,0.0002598403899328,0.000268902088773992,1e-07,0.0002598403899328,0.000268902088773992
ID_85BO18,1e-07,0.000643728887947868,0.000268902088773992,1e-07,0.000643728887947868,0.000268902088773992
ID_F7ZIJZ,1e-07,0.00040400644577007997,0.000268902088773992,1e-07,0.00040400644577007997,0.000268902088773992
ID_8DRM77,1e-07,0.00048434029289958,0.000268902088773992,1e-07,0.00048434029289958,0.000268902088773992
ID_7HA42W,0.000173467264926268,0.00055448584744996,0.000268902088773992,0.000173467264926268,0.00055448584744996,0.000268902088773992
ID_H0LTUX,0.004681631238908676,0.0036583731743483157,0.00606609826996366,0.004681631238908676,0.0036583731743483157,0.00606609826996366
ID_60JSZD,1e-07,0.000703935071349676,0.000656271285941792,1e-07,0.000703935071349676,0.000656271285941792
ID_U03OKF,1e-07,0.000571533737171836,0.000268902088773992,1e-07,0.000571533737171836,0.000268902088773992
ID_PG3BYK,1e-07,0.0002598403899328,0.000268902088773992,1e-07,0.0002598403899328,0.000268902088773992
ID_1VXGUB,0.000173467264926268,0.00055448584744996,0.000268902088773992,0.000173467264926268,0.00055448584744996,0.000268902088773992
ID_SA0EJV,1e-07,0.0002598403899328,0.000268902088773992,1e-07,0.0002598403899328,0.000268902088773992
ID_TG0ZNO,1e-07,0.001068878982781384,0.001233240401198648,1e-07,0.001068878982781384,0.001233240401198648
ID_OK1VUP,1e-07,0.0009554222351869041,0.000268902088773992,1e-07,0.0009554222351869041,0.000268902088773992
ID_NMESH4,1e-07,0.00039224172411064,8.5309045558336e-05,1e-07,0.00039224172411064,8.5309045558336e-05
ID_EWJ9VO,1e-07,0.001302459375466324,0.001476657741531292,1e-07,0.001302459375466324,0.001476657741531292
ID_HY4MBL,1e-07,0.0002598403899328,0.000268902088773992,1e-07,0.0002598403899328,0.000268902088773992
ID_VR31M9,1e-07,0.00048434029289958,0.000268902088773992,1e-07,0.00048434029289958,0.000268902088773992
ID_DPT0O6,1e-07,0.000703935071349676,0.001222438873654864,1e-07,0.000703935071349676,0.001222438873654864
ID_0CCA4F,1e-07,0.0002598403899328,0.000268902088773992,1e-07,0.0002598403899328,0.000268902088773992
ID_8DEOE6,1e-07,0.0002598403899328,0.000268902088773992,1e-07,0.0002598403899328,0.000268902088773992
ID_6PMH8O,1e-07,0.0009554222351869041,0.000268902088773992,1e-07,0.0009554222351869041,0.000268902088773992
ID_G4SI0V,1e-07,0.0002598403899328,8.5309045558336e-05,1e-07,0.0002598403899328,8.5309045558336e-05
ID_FFXJXU,1e-07,0.0002598403899328,0.000268902088773992,1e-07,0.0002598403899328,0.000268902088773992
ID_FP7DXV,1e-07,0.001302459375466324,0.001476657741531292,1e-07,0.001302459375466324,0.001476657741531292
ID_9GWO0I,0.000184139695337008,0.0013203661466186121,0.001233240401198648,0.000184139695337008,0.0013203661466186121,0.001233240401198648
ID_5K7ETI,1e-07,0.0002598403899328,8.5309045558336e-05,1e-07,0.0002598403899328,8.5309045558336e-05
ID_IUXQPV,1e-07,0.0008230209010090641,0.000268902088773992,1e-07,0.0008230209010090641,0.000268902088773992
ID_0OMUID,1e-07,0.000196690253419252,0.000268902088773992,1e-07,0.000196690253419252,0.000268902088773992
ID_YFBVK9,1e-07,0.0002598403899328,0.000268902088773992,1e-07,0.0002598403899328,0.000268902088773992
ID_V8VLC8,1e-07,0.0002598403899328,8.5309045558336e-05,1e-07,0.0002598403899328,8.5309045558336e-05
ID_00DZUV,1e-07,0.00040400644577007997,0.000268902088773992,1e-07,0.00040400644577007997,0.000268902088773992
ID_ZOW6TO,1e-07,0.00039224172411064,0.000394018721463988,1e-07,0.00039224172411064,0.000394018721463988
ID_HI16T2,1e-07,0.0002598403899328,0.000268902088773992,1e-07,0.0002598403899328,0.000268902088773992
ID_O76VHW,0.000926918466697196,0.0011997564661777919,0.0015489889708421999,0.000926918466697196,0.0011997564661777919,0.0015489889708421999
ID_UUULV5,1e-07,0.00040400644577007997,0.000268902088773992,1e-07,0.00040400644577007997,0.000268902088773992
ID_MHJ12U,1e-07,0.001068878982781384,0.001233240401198648,1e-07,0.001068878982781384,0.001233240401198648
ID_WKRV0S,1e-07,0.0002598403899328,0.000268902088773992,1e-07,0.0002598403899328,0.000268902088773992
ID_0EDVOO,1e-07,0.000196690253419252,0.000268902088773992,1e-07,0.000196690253419252,0.000268902088773992
ID_LZENBE,1e-07,0.00037416041615003203,0.000268902088773992,1e-07,0.00037416041615003203,0.000268902088773992
ID_SWD2XV,0.003271865371998476,0.003635355015787324,0.004450434498279552,0.003271865371998476,0.003635355015787324,0.004450434498279552
ID_HRPHAH,0.003271865371998476,0.00315413428213712,0.004205047931468912,0.003271865371998476,0.00315413428213712,0.004205047931468912
ID_LOIBL7,0.00040758578892641196,0.000868810246512056,0.000268902088773992,0.00040758578892641196,0.000868810246512056,0.000268902088773992
ID_O5A5SL,1e-07,0.000617323082674828,0.000394018721463988,1e-07,0.000617323082674828,0.000394018721463988
ID_JDKEGM,0.000184139695337008,0.000305629735435792,8.5309045558336e-05,0.000184139695337008,0.000305629735435792,8.5309045558336e-05
ID_9BJ65V,0.000561724591658956,0.001232925375604228,0.0017555959828349,0.000561724591658956,0.001232925375604228,0.0017555959828349
ID_TOUBDS,1e-07,0.000173228401258036,8.5309045558336e-05,1e-07,0.000173228401258036,8.5309045558336e-05
ID_LYPHKJ,1e-07,0.000305629735435792,8.5309045558336e-05,1e-07,0.000305629735435792,8.5309045558336e-05
ID_7BRQK3,1e-07,0.000305629735435792,8.5309045558336e-05,1e-07,0.000305629735435792,8.5309045558336e-05
ID_QFQB36,0.000173467264926268,0.00037416041615003203,0.000268902088773992,0.000173467264926268,0.00037416041615003203,0.000268902088773992
ID_RD2HT8,0.010630224205522135,0.020908442322090406,0.037659187786047835,0.010630224205522135,0.020908442322090406,0.037659187786047835
ID_3IQMTD,1e-07,0.00065059347073564,8.5309045558336e-05,1e-07,0.00065059347073564,8.5309045558336e-05
ID_YVW8FX,0.000173467264926268,0.00037416041615003203,0.000268902088773992,0.000173467264926268,0.00037416041615003203,0.000268902088773992
ID_8X19A2,1e-07,0.000305629735435792,8.5309045558336e-05,1e-07,0.000305629735435792,8.5309045558336e-05
ID_7UBQQ1,1e-07,0.000305629735435792,0.000268902088773992,1e-07,0.000305629735435792,0.000268902088773992
ID_RPDIFP,0.00040758578892641196,0.000868810246512056,0.000656271285941792,0.00040758578892641196,0.000868810246512056,0.000656271285941792
ID_M6XT25,1e-07,0.000173228401258036,8.5309045558336e-05,1e-07,0.000173228401258036,8.5309045558336e-05
ID_RDJTK6,0.000173467264926268,0.0007364089123343,0.000656271285941792,0.000173467264926268,0.0007364089123343,0.000656271285941792
ID_IK48F6,1e-07,0.000305629735435792,8.5309045558336e-05,1e-07,0.000305629735435792,8.5309045558336e-05
ID_BH8L7O,1e-07,0.000173228401258036,8.5309045558336e-05,1e-07,0.000173228401258036,8.5309045558336e-05
ID_5MC5NZ,0.00040758578892641196,0.000868810246512056,0.000656271285941792,0.00040758578892641196,0.000868810246512056,0.000656271285941792
ID_U8UVJ0,1e-07,0.000305629735435792,0.000268902088773992,1e-07,0.000305629735435792,0.000268902088773992
ID_28EYPT,0.010630224205522135,0.020908442322090406,0.037659187786047835,0.010630224205522135,0.020908442322090406,0.037659187786047835
ID_93YWC8,0.00040758578892641196,0.000868810246512056,0.000656271285941792,0.00040758578892641196,0.000868810246512056,0.000656271285941792
ID_V5332N,1e-07,0.000173228401258036,8.5309045558336e-05,1e-07,0.000173228401258036,8.5309045558336e-05
ID_W6HDV5,1e-07,0.000173228401258036,8.5309045558336e-05,1e-07,0.000173228401258036,8.5309045558336e-05
ID_63DZQ1,1e-07,0.000173228401258036,8.5309045558336e-05,1e-07,0.000173228401258036,8.5309045558336e-05
ID_IU1RUI,0.00040758578892641196,0.000868810246512056,0.000268902088773992,0.00040758578892641196,0.000868810246512056,0.000268902088773992
ID_OXNKLU,1e-07,0.00037416041615003203,0.000268902088773992,1e-07,0.00037416041615003203,0.000268902088773992
ID_VM1XCG,1e-07,0.000617323082674828,0.000394018721463988,1e-07,0.000617323082674828,0.000394018721463988
ID_35VBIN,0.000511583429794724,0.001624116203071468,0.002704456227074872,0.000511583429794724,0.001624116203071468,0.002704456227074872
ID_SVQ88Q,1e-07,0.000617323082674828,0.000268902088773992,1e-07,0.000617323082674828,0.000268902088773992
ID_JFWEX9,0.00040758578892641196,0.000868810246512056,0.000268902088773992,0.00040758578892641196,0.000868810246512056,0.000268902088773992
ID_PHWF17,1e-07,0.000617323082674828,0.000394018721463988,1e-07,0.000617323082674828,0.000394018721463988
ID_Y5BIWA,0.00431155965015284,0.007521342784475608,0.006486302733204019,0.00431155965015284,0.007521342784475608,0.006486302733204019
ID_FZVHYY,1e-07,0.000173228401258036,8.5309045558336e-05,1e-07,0.000173228401258036,8.5309045558336e-05
ID_EPTS2K,1e-07,0.00019030639007070399,8.5309045558336e-05,1e-07,0.00019030639007070399,8.5309045558336e-05
ID_Y7L6RK,1e-07,0.000617323082674828,8.5309045558336e-05,1e-07,0.000617323082674828,8.5309045558336e-05
ID_M3CIP9,0.000173467264926268,0.0007364089123343,0.000268902088773992,0.000173467264926268,0.0007364089123343,0.000268902088773992
ID_GJR246,1e-07,0.000617323082674828,0.000394018721463988,1e-07,0.000617323082674828,0.000394018721463988
ID_WOOP5X,1e-07,0.001015537382167264,0.000656271285941792,1e-07,0.001015537382167264,0.000656271285941792
ID_89A4YE,1e-07,0.00050199973730974,0.000268902088773992,1e-07,0.00050199973730974,0.000268902088773992
ID_R1CD9F,1e-07,0.000305629735435792,8.5309045558336e-05,1e-07,0.000305629735435792,8.5309045558336e-05
ID_NEBCGE,0.000173467264926268,0.00037416041615003203,0.000268902088773992,0.000173467264926268,0.00037416041615003203,0.000268902088773992
ID_AY542M,0.000511583429794724,0.0012816502899582081,0.0017555959828349,0.000511583429794724,0.0012816502899582081,0.0017555959828349
ID_KC3CBG,1e-07,0.000305629735435792,8.5309045558336e-05,1e-07,0.000305629735435792,8.5309045558336e-05
ID_K4ZNMT,1e-07,0.00011007826474440401,8.5309045558336e-05,1e-07,0.00011007826474440401,8.5309045558336e-05
ID_SBU7DK,0.00040758578892641196,0.000868810246512056,0.000268902088773992,0.00040758578892641196,0.000868810246512056,0.000268902088773992
ID_60I9OZ,1e-07,0.000173228401258036,0.000268902088773992,1e-07,0.000173228401258036,0.000268902088773992
ID_CON7O4,1e-07,0.0007364089123343,0.000268902088773992,1e-07,0.0007364089123343,0.000268902088773992
ID_WYGX88,0.0006434767478494719,0.000617323082674828,0.001233240401198648,0.0006434767478494719,0.000617323082674828,0.001233240401198648
ID_KEJ9UP,0.000173467264926268,0.00037416041615003203,0.000268902088773992,0.000173467264926268,0.00037416041615003203,0.000268902088773992
ID_49D2AR,1e-07,0.000173228401258036,8.5309045558336e-05,1e-07,0.000173228401258036,8.5309045558336e-05
ID_V7DMUX,0.000184139695337008,0.000885888235324808,0.000268902088773992,0.000184139695337008,0.000885888235324808,0.000268902088773992
ID_ZLQ4JH,1e-07,0.000617323082674828,0.000394018721463988,1e-07,0.000617323082674828,0.000394018721463988
ID_677O8P,1e-07,0.000173228401258036,8.5309045558336e-05,1e-07,0.000173228401258036,8.5309045558336e-05
ID_D02ECF,1e-07,0.000173228401258036,0.000268902088773992,1e-07,0.000173228401258036,0.000268902088773992
ID_5QBTV9,1e-07,0.00011007826474440401,8.5309045558336e-05,1e-07,0.00011007826474440401,8.5309045558336e-05
ID_25GIGF,1e-07,0.00019030639007070399,8.5309045558336e-05,1e-07,0.00019030639007070399,8.5309045558336e-05
ID_2EYUSI,0.00040758578892641196,0.000868810246512056,0.000656271285941792,0.00040758578892641196,0.000868810246512056,0.000656271285941792
ID_AFJISS,1e-07,0.000173228401258036,8.5309045558336e-05,1e-07,0.000173228401258036,8.5309045558336e-05
ID_P95MFR,1e-07,0.000173228401258036,8.5309045558336e-05,1e-07,0.000173228401258036,8.5309045558336e-05
ID_7LNIHE,0.00040758578892641196,0.000921147681324468,0.000268902088773992,0.00040758578892641196,0.000921147681324468,0.000268902088773992
ID_RJFY9O,1e-07,0.00037416041615003203,0.000268902088773992,1e-07,0.00037416041615003203,0.000268902088773992
ID_DHPPV2,1e-07,0.000305629735435792,8.5309045558336e-05,1e-07,0.000305629735435792,8.5309045558336e-05
ID_GW0TFH,1e-07,0.000173228401258036,8.5309045558336e-05,1e-07,0.000173228401258036,8.5309045558336e-05
ID_NL68DQ,0.010630224205522135,0.01978320392539367,0.03261099883826693,0.010630224205522135,0.01978320392539367,0.03261099883826693
ID_7V19DB,0.000173467264926268,0.0007364089123343,0.000268902088773992,0.000173467264926268,0.0007364089123343,0.000268902088773992
ID_8H47OG,1e-07,0.000173228401258036,0.000268902088773992,1e-07,0.000173228401258036,0.000268902088773992
ID_ZVKA4U,1e-07,0.000617323082674828,0.000394018721463988,1e-07,0.000617323082674828,0.000394018721463988
ID_ATOU9I,1e-07,0.000305629735435792,8.5309045558336e-05,1e-07,0.000305629735435792,8.5309045558336e-05
ID_XYCHYM,1e-07,0.00032270772424845996,8.5309045558336e-05,1e-07,0.00032270772424845996,8.5309045558336e-05
ID_E34NO5,1e-07,0.000305629735435792,8.5309045558336e-05,1e-07,0.000305629735435792,8.5309045558336e-05
ID_P64AZ0,0.000173467264926268,0.0006000788771679841,0.000268902088773992,0.000173467264926268,0.0006000788771679841,0.000268902088773992
ID_1QOZJU,1e-07,0.000617323082674828,0.000394018721463988,1e-07,0.000617323082674828,0.000394018721463988
ID_XLYALT,1e-07,0.000173228401258036,8.5309045558336e-05,1e-07,0.000173228401258036,8.5309045558336e-05
ID_WGDRNV,1e-07,0.0007364089123343,0.000656271285941792,1e-07,0.0007364089123343,0.000656271285941792
ID_B6R04O,1e-07,0.00011007826474440401,8.5309045558336e-05,1e-07,0.00011007826474440401,8.5309045558336e-05
ID_LNUKMI,1e-07,0.000173228401258036,0.000268902088773992,1e-07,0.000173228401258036,0.000268902088773992
ID_YQU1KF,1e-07,0.000617323082674828,0.000394018721463988,1e-07,0.000617323082674828,0.000394018721463988
ID_8NHM2A,1e-07,0.000173228401258036,8.5309045558336e-05,1e-07,0.000173228401258036,8.5309045558336e-05
ID_CDOW4B,0.00040758578892641196,0.000868810246512056,0.000268902088773992,0.00040758578892641196,0.000868810246512056,0.000268902088773992
ID_EX6VFO,1e-07,0.000173228401258036,0.000268902088773992,1e-07,0.000173228401258036,0.000268902088773992
ID_5RO8MY,1e-07,0.000305629735435792,8.5309045558336e-05,1e-07,0.000305629735435792,8.5309045558336e-05
ID_JLMYMA,1e-07,0.00019030639007070399,8.5309045558336e-05,1e-07,0.00019030639007070399,8.5309045558336e-05
ID_MVEV3V,0.000173467264926268,0.000868810246512056,0.000656271285941792,0.000173467264926268,0.000868810246512056,0.000656271285941792
ID_5S5YUE,1e-07,0.000617323082674828,8.5309045558336e-05,1e-07,0.000617323082674828,8.5309045558336e-05
ID_6VX4DA,1e-07,0.000173228401258036,0.000268902088773992,1e-07,0.000173228401258036,0.000268902088773992
ID_SC5634,0.00040758578892641196,0.000868810246512056,0.000656271285941792,0.00040758578892641196,0.000868810246512056,0.000656271285941792
ID_EZO6E7,1e-07,0.000173228401258036,0.000268902088773992,1e-07,0.000173228401258036,0.000268902088773992
ID_6QKL3H,1e-07,0.000305629735435792,8.5309045558336e-05,1e-07,0.000305629735435792,8.5309045558336e-05
ID_A11EEW,0.003123936617998904,0.0037365568244979316,0.004723682160005612,0.003123936617998904,0.0037365568244979316,0.004723682160005612
ID_1F53HQ,1e-07,0.000173228401258036,8.5309045558336e-05,1e-07,0.000173228401258036,8.5309045558336e-05
ID_BPD0T4,1e-07,0.000305629735435792,8.5309045558336e-05,1e-07,0.000305629735435792,8.5309045558336e-05
ID_6P0J6L,0.000173467264926268,0.000305629735435792,0.000268902088773992,0.000173467264926268,0.000305629735435792,0.000268902088773992
ID_2M35S8,0.008771194306486376,0.011979008389323283,0.008154811752894833,0.008771194306486376,0.011979008389323283,0.008154811752894833
ID_Z0NFOR,0.000173467264926268,0.000868810246512056,0.000268902088773992,0.000173467264926268,0.000868810246512056,0.000268902088773992
ID_EXDP8Y,1e-07,0.000173228401258036,8.5309045558336e-05,1e-07,0.000173228401258036,8.5309045558336e-05
ID_QRLVAL,1e-07,0.000173228401258036,0.000268902088773992,1e-07,0.000173228401258036,0.000268902088773992
ID_Y8G6YL,1e-07,0.000173228401258036,8.5309045558336e-05,1e-07,0.000173228401258036,8.5309045558336e-05
ID_X6X0ZN,1e-07,0.000305629735435792,8.5309045558336e-05,1e-07,0.000305629735435792,8.5309045558336e-05
ID_LYVJ1L,1e-07,0.000617323082674828,0.000394018721463988,1e-07,0.000617323082674828,0.000394018721463988
ID_MNE22V,1e-07,0.000173228401258036,8.5309045558336e-05,1e-07,0.000173228401258036,8.5309045558336e-05
ID_PUNH2D,1e-07,0.00011007826474440401,8.5309045558336e-05,1e-07,0.00011007826474440401,8.5309045558336e-05
ID_8WSWMT,1e-07,0.00048492174849707197,0.000656271285941792,1e-07,0.00048492174849707197,0.000656271285941792
ID_ZDYSIZ,1e-07,0.000173228401258036,8.5309045558336e-05,1e-07,0.000173228401258036,8.5309045558336e-05
ID_PFPEKM,1e-07,0.000305629735435792,8.5309045558336e-05,1e-07,0.000305629735435792,8.5309045558336e-05
ID_NNZAIC,1e-07,0.00037416041615003203,0.000268902088773992,1e-07,0.00037416041615003203,0.000268902088773992
ID_1TLG7R,0.00040758578892641196,0.000868810246512056,0.000268902088773992,0.00040758578892641196,0.000868810246512056,0.000268902088773992
ID_9H2JEC,1e-07,0.000305629735435792,8.5309045558336e-05,1e-07,0.000305629735435792,8.5309045558336e-05
ID_LLCJJG,1e-07,0.000868810246512056,0.000656271285941792,1e-07,0.000868810246512056,0.000656271285941792
ID_7ILKZQ,1e-07,0.0006344010714875799,0.000394018721463988,1e-07,0.0006344010714875799,0.000394018721463988
ID_UBXNCV,1e-07,0.000173228401258036,8.5309045558336e-05,1e-07,0.000173228401258036,8.5309045558336e-05
ID_UXA3BF,0.00040758578892641196,0.000868810246512056,0.001233240401198648,0.00040758578892641196,0.000868810246512056,0.001233240401198648
ID_249DRM,1e-07,0.00019030639007070399,0.000268902088773992,1e-07,0.00019030639007070399,0.000268902088773992
ID_Z9QNGS,1e-07,0.00037416041615003203,0.000268902088773992,1e-07,0.00037416041615003203,0.000268902088773992
ID_5V5YL7,1e-07,0.000173228401258036,0.000268902088773992,1e-07,0.000173228401258036,0.000268902088773992
ID_A7GQU5,1e-07,0.000173228401258036,8.5309045558336e-05,1e-07,0.000173228401258036,8.5309045558336e-05
ID_B33J1S,1e-07,0.000617323082674828,0.000394018721463988,1e-07,0.000617323082674828,0.000394018721463988
ID_KO7FBB,0.000173467264926268,0.00037416041615003203,0.000268902088773992,0.000173467264926268,0.00037416041615003203,0.000268902088773992
ID_7DB6U3,0.000969683192312108,0.0012816502899582081,0.0017555959828349,0.000969683192312108,0.0012816502899582081,0.0017555959828349
ID_L6C55N,0.000173467264926268,0.0007364089123343,0.000268902088773992,0.000173467264926268,0.0007364089123343,0.000268902088773992
ID_5S3A5Z,1e-07,0.00019030639007070399,8.5309045558336e-05,1e-07,0.00019030639007070399,8.5309045558336e-05
ID_WNRIP1,1e-07,0.000173228401258036,0.000268902088773992,1e-07,0.000173228401258036,0.000268902088773992
ID_14WLPI,1e-07,0.00050199973730974,0.000268902088773992,1e-07,0.00050199973730974,0.000268902088773992
ID_O9X6J6,0.00040758578892641196,0.000868810246512056,0.000268902088773992,0.00040758578892641196,0.000868810246512056,0.000268902088773992
ID_RA2DLW,0.0014436159183955398,0.001104387968627264,0.003027850297094448,0.0014436159183955398,0.001104387968627264,0.003027850297094448
ID_3ARXWX,0.00084516631050668,0.000868810246512056,0.0015489889708421999,0.00084516631050668,0.000868810246512056,0.0015489889708421999
ID_GTXRS7,0.000173467264926268,0.000868810246512056,0.000656271285941792,0.000173467264926268,0.000868810246512056,0.000656271285941792
ID_53HFX3,0.000173467264926268,0.000542589324253724,0.000268902088773992,0.000173467264926268,0.000542589324253724,0.000268902088773992
ID_MHS7P6,0.00040758578892641196,0.000868810246512056,0.000268902088773992,0.00040758578892641196,0.000868810246512056,0.000268902088773992
ID_83W356,0.000173467264926268,0.000395885476748476,0.000268902088773992,0.000173467264926268,0.000395885476748476,0.000268902088773992
ID_YYDX2H,1e-07,0.000173228401258036,0.000268902088773992,1e-07,0.000173228401258036,0.000268902088773992
ID_LM4X5P,1e-07,0.000173228401258036,8.5309045558336e-05,1e-07,0.000173228401258036,8.5309045558336e-05
ID_RUYJOV,1e-07,0.00032270772424845996,8.5309045558336e-05,1e-07,0.00032270772424845996,8.5309045558336e-05
ID_VWYZDV,0.003271865371998476,0.003077626361109092,0.004205047931468912,0.003271865371998476,0.003077626361109092,0.004205047931468912
ID_SMEEWO,1e-07,0.000173228401258036,8.5309045558336e-05,1e-07,0.000173228401258036,8.5309045558336e-05
ID_6AMJI3,0.000173467264926268,0.0007364089123343,0.000268902088773992,0.000173467264926268,0.0007364089123343,0.000268902088773992
ID_34VCUO,1e-07,0.00019030639007070399,8.5309045558336e-05,1e-07,0.00019030639007070399,8.5309045558336e-05
ID_B3QCGW,1e-07,0.000173228401258036,8.5309045558336e-05,1e-07,0.000173228401258036,8.5309045558336e-05
ID_YJ4QD4,1e-07,0.000173228401258036,8.5309045558336e-05,1e-07,0.000173228401258036,8.5309045558336e-05
ID_H4YDLW,1e-07,0.000305629735435792,8.5309045558336e-05,1e-07,0.000305629735435792,8.5309045558336e-05
ID_E03C34,1e-07,0.00050199973730974,0.000394018721463988,1e-07,0.00050199973730974,0.000394018721463988
ID_170IHM,1e-07,0.00032270772424845996,8.5309045558336e-05,1e-07,0.00032270772424845996,8.5309045558336e-05
ID_AQD45I,0.009679640943208244,0.009315879711109951,0.011616522618846097,0.009679640943208244,0.009315879711109951,0.011616522618846097
ID_XVPUUZ,0.009679640943208244,0.009315879711109951,0.011616522618846097,0.009679640943208244,0.009315879711109951,0.011616522618846097
ID_XI6QQ0,0.006974934923526384,0.006543656155764984,0.01741088531604225,0.006974934923526384,0.006543656155764984,0.01741088531604225
ID_GN5HJG,0.00477571996681736,0.008591197542721843,0.012942339956435085,0.00477571996681736,0.008591197542721843,0.012942339956435085
ID_72UHEN,1e-07,0.000617323082674828,8.5309045558336e-05,1e-07,0.000617323082674828,8.5309045558336e-05
ID_TM0IMP,0.005779721971069864,0.006249065897891772,0.008018382951359277,0.005779721971069864,0.006249065897891772,0.008018382951359277
ID_YGEZQG,0.014393781835963607,0.0229695488481883,0.03647625713720293,0.014393781835963607,0.0229695488481883,0.03647625713720293
ID_NB35EZ,1e-07,0.000617323082674828,0.000394018721463988,1e-07,0.000617323082674828,0.000394018721463988
ID_B44OOF,1e-07,0.00032270772424845996,8.5309045558336e-05,1e-07,0.00032270772424845996,8.5309045558336e-05
ID_NTHRCW,1e-07,0.0006344010714875799,0.000394018721463988,1e-07,0.0006344010714875799,0.000394018721463988
ID_4M0YMS,1e-07,0.00019030639007070399,8.5309045558336e-05,1e-07,0.00019030639007070399,8.5309045558336e-05
ID_MDPJ5N,1e-07,0.00032270772424845996,8.5309045558336e-05,1e-07,0.00032270772424845996,8.5309045558336e-05
ID_GCE89L,0.004246525223523416,0.004207775697414244,0.006288535643127324,0.004246525223523416,0.004207775697414244,0.006288535643127324
ID_5I780C,1e-07,0.0006344010714875799,0.000970987836720844,1e-07,0.0006344010714875799,0.000970987836720844
ID_2B7SR5,1e-07,0.000173228401258036,8.5309045558336e-05,1e-07,0.000173228401258036,8.5309045558336e-05
ID_NUEHVL,1e-07,0.000173228401258036,8.5309045558336e-05,1e-07,0.000173228401258036,8.5309045558336e-05
ID_M0Z56V,1e-07,0.000617323082674828,8.5309045558336e-05,1e-07,0.000617323082674828,8.5309045558336e-05
ID_QWOKAX,1e-07,0.00032270772424845996,8.5309045558336e-05,1e-07,0.00032270772424845996,8.5309045558336e-05
ID_6E3ARV,1e-07,0.00019030639007070399,8.5309045558336e-05,1e-07,0.00019030639007070399,8.5309045558336e-05
ID_F120A9,0.014393781835963607,0.0229695488481883,0.03647625713720293,0.014393781835963607,0.0229695488481883,0.03647625713720293
ID_92GH8G,1e-07,0.000617323082674828,0.000970987836720844,1e-07,0.000617323082674828,0.000970987836720844
ID_SK11B2,1e-07,0.00019030639007070399,8.5309045558336e-05,1e-07,0.00019030639007070399,8.5309045558336e-05
ID_3ONHGA,0.006974934923526384,0.006543656155764984,0.01741088531604225,0.006974934923526384,0.006543656155764984,0.01741088531604225
ID_CCEFHU,1e-07,0.00032270772424845996,8.5309045558336e-05,1e-07,0.00032270772424845996,8.5309045558336e-05
ID_N914ML,1e-07,0.000305629735435792,8.5309045558336e-05,1e-07,0.000305629735435792,8.5309045558336e-05
ID_DT1RJO,0.015599836891408932,0.026346395485091115,0.05297147272812322,0.015599836891408932,0.026346395485091115,0.05297147272812322
ID_AKS62G,1e-07,0.000173228401258036,8.5309045558336e-05,1e-07,0.000173228401258036,8.5309045558336e-05
ID_AOUGMR,1e-07,0.000305629735435792,8.5309045558336e-05,1e-07,0.000305629735435792,8.5309045558336e-05
ID_5R164Q,1e-07,0.000173228401258036,8.5309045558336e-05,1e-07,0.000173228401258036,8.5309045558336e-05
ID_HNW1SP,1e-07,0.000173228401258036,8.5309045558336e-05,1e-07,0.000173228401258036,8.5309045558336e-05
ID_OOPSZH,1e-07,0.00019030639007070399,8.5309045558336e-05,1e-07,0.00019030639007070399,8.5309045558336e-05
ID_VAJKEF,1e-07,0.00032270772424845996,8.5309045558336e-05,1e-07,0.00032270772424845996,8.5309045558336e-05
ID_XO432P,1e-07,0.000617323082674828,0.000970987836720844,1e-07,0.000617323082674828,0.000970987836720844
ID_EIKAR0,1e-07,0.00019030639007070399,8.5309045558336e-05,1e-07,0.00019030639007070399,8.5309045558336e-05
ID_DYDUC0,0.009679640943208244,0.009315879711109951,0.011616522618846097,0.009679640943208244,0.009315879711109951,0.011616522618846097
ID_0E6AWX,1e-07,0.000305629735435792,8.5309045558336e-05,1e-07,0.000305629735435792,8.5309045558336e-05
ID_RCKGWH,1e-07,0.000617323082674828,0.000394018721463988,1e-07,0.000617323082674828,0.000394018721463988
ID_MPEJJ7,0.006974934923526384,0.006543656155764984,0.01741088531604225,0.006974934923526384,0.006543656155764984,0.01741088531604225
ID_92GB4X,0.006974934923526384,0.006543656155764984,0.01741088531604225,0.006974934923526384,0.006543656155764984,0.01741088531604225
ID_PF9MLB,1e-07,0.00032270772424845996,8.5309045558336e-05,1e-07,0.00032270772424845996,8.5309045558336e-05
ID_BKPXHW,1e-07,0.000173228401258036,8.5309045558336e-05,1e-07,0.000173228401258036,8.5309045558336e-05
ID_0U0CZ6,1e-07,0.000173228401258036,8.5309045558336e-05,1e-07,0.000173228401258036,8.5309045558336e-05
ID_W2OT9E,1e-07,0.000305629735435792,8.5309045558336e-05,1e-07,0.000305629735435792,8.5309045558336e-05
ID_533G8B,1e-07,0.000173228401258036,8.5309045558336e-05,1e-07,0.000173228401258036,8.5309045558336e-05
ID_Z8YTI6,0.006974934923526384,0.006543656155764984,0.01741088531604225,0.006974934923526384,0.006543656155764984,0.01741088531604225
ID_6C4OE9,0.020276356700227104,0.03335285646752024,0.03251063326993065,0.020276356700227104,0.03335285646752024,0.03251063326993065
ID_KL4MG7,0.000184139695337008,0.0006344010714875799,8.5309045558336e-05,0.000184139695337008,0.0006344010714875799,8.5309045558336e-05
ID_MTIIWZ,1e-07,0.00019030639007070399,8.5309045558336e-05,1e-07,0.00019030639007070399,8.5309045558336e-05
ID_FUAXKT,1e-07,0.00019030639007070399,8.5309045558336e-05,1e-07,0.00019030639007070399,8.5309045558336e-05
ID_2FIUCN,0.15017246178924681,0.3335548882725079,0.624099541640227,0.15017246178924681,0.3335548882725079,0.624099541640227
ID_BZ0G9W,1e-07,0.0011361420901459841,0.002026234493372624,1e-07,0.0011361420901459841,0.002026234493372624
ID_UK2N3N,0.08943405897328907,0.20682845850325002,0.47965581116425265,0.08943405897328907,0.20682845850325002,0.47965581116425265
ID_51JHHB,0.003203221083834584,0.0074177785550117795,0.02886028115745515,0.003203221083834584,0.0074177785550117795,0.02886028115745515
ID_E8M783,0.000184139695337008,0.001368262278633056,0.001684967945837312,0.000184139695337008,0.001368262278633056,0.001684967945837312
ID_HGRL68,1e-07,0.0012691328697329919,0.001686652724990348,1e-07,0.0012691328697329919,0.001686652724990348
ID_Z099ZD,0.06080042618542109,0.11472069660971643,0.19771887083989761,0.06080042618542109,0.11472069660971643,0.19771887083989761
ID_J98CG9,1e-07,0.001781454535870048,0.002639356655878328,1e-07,0.001781454535870048,0.002639356655878328
ID_3UQ81U,0.000184139695337008,0.001526352918323228,0.00193918681371374,0.000184139695337008,0.001526352918323228,0.00193918681371374
ID_NZIYML,1e-07,0.0010850713820294438,0.00193918681371374,1e-07,0.0010850713820294438,0.00193918681371374
ID_TDYO22,1e-07,0.001460550015156496,0.002043730777224188,1e-07,0.001460550015156496,0.002043730777224188
ID_PJ4KK1,1e-07,0.001582580424803624,0.001433516908903292,1e-07,0.001582580424803624,0.001433516908903292
ID_I9K28A,1e-07,0.00153729244547974,0.002192322629800628,1e-07,0.00153729244547974,0.002192322629800628
ID_1DU4K9,1e-07,0.0011329675140438879,0.00193918681371374,1e-07,0.0011329675140438879,0.00193918681371374
ID_GTAZM3,1e-07,0.0012691328697329919,0.001686652724990348,1e-07,0.0012691328697329919,0.001686652724990348
ID_85BE9E,1e-07,0.0011329675140438879,0.002026234493372624,1e-07,0.0011329675140438879,0.002026234493372624
ID_7P1FDA,1e-07,0.001460550015156496,0.002043730777224188,1e-07,0.001460550015156496,0.002043730777224188
ID_RUN0MH,1e-07,0.001318651774714384,0.002026234493372624,1e-07,0.001318651774714384,0.002026234493372624
ID_YBFBW4,0.008785288390644375,0.025089670981558596,0.049796826475675605,0.008785288390644375,0.025089670981558596,0.049796826475675605
ID_NE459Y,0.01736974524566639,0.02707758957655985,0.07126694597777697,0.01736974524566639,0.02707758957655985,0.07126694597777697
ID_GGZZ9O,0.01162278544433926,0.023336827009669783,0.052038403840979665,0.01162278544433926,0.023336827009669783,0.052038403840979665
ID_H1PP14,1e-07,0.0010850713820294438,0.00193918681371374,1e-07,0.0010850713820294438,0.00193918681371374
ID_0PPL34,0.011128503128511727,0.02056866445759121,0.04715777087782893,0.011128503128511727,0.02056866445759121,0.04715777087782893
ID_CRMQQO,1e-07,0.00132182635081648,0.002026234493372624,1e-07,0.00132182635081648,0.002026234493372624
ID_A0YIQ0,0.013220343689985424,0.030786357037607785,0.06360801853603992,0.013220343689985424,0.030786357037607785,0.06360801853603992
ID_Q1TCRH,1e-07,0.0011361420901459841,0.002026234493372624,1e-07,0.0011361420901459841,0.002026234493372624
ID_94MXFN,1e-07,0.0011361420901459841,0.002026234493372624,1e-07,0.0011361420901459841,0.002026234493372624
ID_88SLJ5,0.037033223669782796,0.05617475040104343,0.07565648448702453,0.037033223669782796,0.05617475040104343,0.07565648448702453
ID_ECEAEJ,1e-07,0.00153729244547974,0.002192322629800628,1e-07,0.00153729244547974,0.002192322629800628
ID_4QDWP4,1e-07,0.0010850713820294438,0.00193918681371374,1e-07,0.0010850713820294438,0.00193918681371374
ID_UH4UW8,1e-07,0.0012691328697329919,0.001686652724990348,1e-07,0.0012691328697329919,0.001686652724990348
ID_VCFVPX,1e-07,0.0010850713820294438,0.00193918681371374,1e-07,0.0010850713820294438,0.00193918681371374
ID_04ZSOG,1e-07,0.001582580424803624,0.002254935383357292,1e-07,0.001582580424803624,0.002254935383357292
ID_BQ8JLJ,1e-07,0.0010850713820294438,0.00193918681371374,1e-07,0.0010850713820294438,0.00193918681371374
ID_35RX02,1e-07,0.0012691328697329919,0.001686652724990348,1e-07,0.0012691328697329919,0.001686652724990348
ID_GOXE3K,1e-07,0.001336558545866672,0.001433516908903292,1e-07,0.001336558545866672,0.001433516908903292
ID_U5RFQ3,0.000173467264926268,0.002198544456948504,0.002962750725897988,0.000173467264926268,0.002198544456948504,0.002962750725897988
ID_DM55ZQ,1e-07,0.001630476556818068,0.002271621060183096,1e-07,0.001630476556818068,0.002271621060183096
ID_A1QQRA,0.04417387381820323,0.0454544274481745,0.06913441069102935,0.04417387381820323,0.0454544274481745,0.06913441069102935
ID_19O4B5,1e-07,0.001336558545866672,0.00193918681371374,1e-07,0.001336558545866672,0.00193918681371374
ID_5REP3T,1e-07,0.0012691328697329919,0.001686652724990348,1e-07,0.0012691328697329919,0.001686652724990348
ID_OF5R7M,0.019093929643090885,0.04330467823440011,0.07329430803478931,0.019093929643090885,0.04330467823440011,0.07329430803478931
ID_Q1LGPO,1e-07,0.001318651774714384,0.002026234493372624,1e-07,0.001318651774714384,0.002026234493372624
ID_K5EEX9,1e-07,0.0010850713820294438,0.00193918681371374,1e-07,0.0010850713820294438,0.00193918681371374
ID_IQGKMC,1e-07,0.0014893963134652959,0.002192322629800628,1e-07,0.0014893963134652959,0.002192322629800628
ID_HT38F6,1e-07,0.0011329675140438879,0.00193918681371374,1e-07,0.0011329675140438879,0.00193918681371374
ID_LZLRNV,1e-07,0.0011329675140438879,0.002026234493372624,1e-07,0.0011329675140438879,0.002026234493372624
ID_TWJQGO,1e-07,0.0014784567863087,0.0020270451003983002,1e-07,0.0014784567863087,0.0020270451003983002
ID_0CL91E,1e-07,0.00132182635081648,0.002026234493372624,1e-07,0.00132182635081648,0.002026234493372624
ID_57W8R1,1e-07,0.0012691328697329919,0.0020270451003983002,1e-07,0.0012691328697329919,0.0020270451003983002
ID_5WL00B,0.09328442078645853,0.12123632560729077,0.19927142632244804,0.09328442078645853,0.12123632560729077,0.19927142632244804
ID_GXWOO5,1e-07,0.0019484660213967037,0.002026234493372624,1e-07,0.0019484660213967037,0.002026234493372624
ID_TWRUWM,1e-07,0.0031372537271300797,0.004000305248535116,1e-07,0.0031372537271300797,0.004000305248535116
ID_A9BGIR,0.000184139695337008,0.000796869900920896,0.000338444861645224,0.000184139695337008,0.000796869900920896,0.000338444861645224
ID_2JI71I,1e-07,0.00157169074168676,0.002043730777224188,1e-07,0.00157169074168676,0.002043730777224188
ID_ML47TN,0.000184139695337008,0.0007622907178592559,0.000338444861645224,0.000184139695337008,0.0007622907178592559,0.000338444861645224
ID_7WZ9FK,1e-07,0.0019484660213967037,0.002026234493372624,1e-07,0.0019484660213967037,0.002026234493372624
ID_DRELA9,1e-07,0.0019484660213967037,0.002026234493372624,1e-07,0.0019484660213967037,0.002026234493372624
ID_J8US98,0.000265891851527608,0.0009387681413630919,0.000338444861645224,0.000265891851527608,0.0009387681413630919,0.000338444861645224
ID_H10W0Q,1e-07,0.0019484660213967037,0.002026234493372624,1e-07,0.0019484660213967037,0.002026234493372624
ID_9ZL287,0.000184139695337008,0.0007622907178592559,0.000338444861645224,0.000184139695337008,0.0007622907178592559,0.000338444861645224
ID_TZBCSR,1e-07,0.0020732795597740356,0.0029808407168286557,1e-07,0.0020732795597740356,0.0029808407168286557
ID_FTIP85,1e-07,0.001278040330588096,0.002727704900741684,1e-07,0.001278040330588096,0.002727704900741684
ID_FJN24X,0.000184139695337008,0.0019484660213967037,0.002026234493372624,0.000184139695337008,0.0019484660213967037,0.002026234493372624
ID_VKFW41,0.000184139695337008,0.002025208451719948,0.002279370309459512,0.000184139695337008,0.002025208451719948,0.002279370309459512
ID_TAJUDM,0.0007825893032257839,0.0009387681413630919,0.001224123652807816,0.0007825893032257839,0.0009387681413630919,0.001224123652807816
ID_MTGYGV,0.000265891851527608,0.0009387681413630919,0.000338444861645224,0.000265891851527608,0.0009387681413630919,0.000338444861645224
ID_71YOL3,0.004246525223523416,0.003703441283500016,0.004205047931468912,0.004246525223523416,0.003703441283500016,0.004205047931468912
ID_7CNHAN,0.0048309667887422,0.002677562295447104,0.003106743644829632,0.0048309667887422,0.002677562295447104,0.003106743644829632
ID_OZTOGX,0.004575422373847676,0.0053159716958198,0.004763758411364112,0.004575422373847676,0.0053159716958198,0.004763758411364112
ID_S9GOKQ,0.023749211166976883,0.03399162164090992,0.03949549615579877,0.023749211166976883,0.03399162164090992,0.03949549615579877
ID_TCCXJY,0.010446433331475463,0.01654841468312815,0.01571330004998527,0.010446433331475463,0.01654841468312815,0.01571330004998527
ID_UJI7EY,1e-07,0.001278040330588096,0.002727704900741684,1e-07,0.001278040330588096,0.002727704900741684
ID_WSXVUU,0.000184139695337008,0.0030891826190759916,0.004000305248535116,0.000184139695337008,0.0030891826190759916,0.004000305248535116
ID_FXV3ZJ,0.000184139695337008,0.0007622907178592559,0.000338444861645224,0.000184139695337008,0.0007622907178592559,0.000338444861645224
ID_CFIC5L,1e-07,0.002003396881294292,0.003505123240271372,1e-07,0.002003396881294292,0.003505123240271372
ID_T9BUYJ,0.005065775211157776,0.0090931874954869,0.03093964333405765,0.005065775211157776,0.0090931874954869,0.03093964333405765
ID_2KG52B,0.015429934188947085,0.019902043806211044,0.021880841721826437,0.015429934188947085,0.019902043806211044,0.021880841721826437
ID_U4YBEU,1e-07,0.001463724591258592,0.002026234493372624,1e-07,0.001463724591258592,0.002026234493372624
ID_J8SQUH,1e-07,0.001529527494425324,0.002727704900741684,1e-07,0.001529527494425324,0.002727704900741684
ID_UMRHMM,1e-07,0.002025208451719948,0.0029808407168286557,1e-07,0.002025208451719948,0.0029808407168286557
ID_XS0D20,0.015429934188947085,0.019902043806211044,0.021880841721826437,0.015429934188947085,0.019902043806211044,0.021880841721826437
ID_UT4QJ0,0.000184139695337008,0.000796869900920896,0.000338444861645224,0.000184139695337008,0.000796869900920896,0.000338444861645224
ID_LWNW4V,0.000184139695337008,0.000796869900920896,0.000338444861645224,0.000184139695337008,0.000796869900920896,0.000338444861645224
ID_I5ITGA,0.000184139695337008,0.000796869900920896,0.000338444861645224,0.000184139695337008,0.000796869900920896,0.000338444861645224
ID_63LRW5,0.006829423923029055,0.005503161949828764,0.00606494835689654,0.006829423923029055,0.005503161949828764,0.00606494835689654
ID_ECWV3B,0.000184139695337008,0.000796869900920896,0.000338444861645224,0.000184139695337008,0.000796869900920896,0.000338444861645224
ID_WYQ24M,0.01204707469033548,0.01823702888181596,0.024242932227155324,0.01204707469033548,0.01823702888181596,0.024242932227155324
ID_H9HY14,1e-07,0.00153958636754584,0.002026234493372624,1e-07,0.00153958636754584,0.002026234493372624
ID_UHQ8W8,0.004246525223523416,0.003703441283500016,0.004205047931468912,0.004246525223523416,0.003703441283500016,0.004205047931468912
ID_0U4OWS,0.000184139695337008,0.000796869900920896,0.000338444861645224,0.000184139695337008,0.000796869900920896,0.000338444861645224
ID_0ISQF0,0.019091350404042647,0.031790964988728215,0.03840455843955399,0.019091350404042647,0.031790964988728215,0.03840455843955399
ID_1AME4K,0.000184139695337008,0.000587726136419896,0.00017316733224289601,0.000184139695337008,0.000587726136419896,0.00017316733224289601
ID_2WSSFW,1e-07,0.00177237479726018,0.0023419830630161762,1e-07,0.00177237479726018,0.0023419830630161762
ID_LFVE77,1e-07,0.001278040330588096,0.002727704900741684,1e-07,0.001278040330588096,0.002727704900741684
ID_NEY52P,0.000265891851527608,0.0009387681413630919,0.000338444861645224,0.000265891851527608,0.0009387681413630919,0.000338444861645224
ID_17EACN,1e-07,0.001278040330588096,0.002727704900741684,1e-07,0.001278040330588096,0.002727704900741684
ID_6O0STD,0.000184139695337008,0.000796869900920896,0.000338444861645224,0.000184139695337008,0.000796869900920896,0.000338444861645224
ID_5YH0SU,1e-07,0.0019484660213967037,0.002026234493372624,1e-07,0.0019484660213967037,0.002026234493372624
ID_VQRYU1,0.000173467264926268,0.000939526087182356,0.000268902088773992,0.000173467264926268,0.000939526087182356,0.000268902088773992
ID_B6QT72,0.0006434767478494719,0.00095370786328276,0.000970987836720844,0.0006434767478494719,0.00095370786328276,0.000970987836720844
ID_XGRMG5,0.00040758578892641196,0.000971614634434964,0.001233240401198648,0.00040758578892641196,0.000971614634434964,0.001233240401198648
ID_MDIKUJ,0.000926918466697196,0.001336558545866672,0.000924530725292912,0.000926918466697196,0.001336558545866672,0.000924530725292912
ID_R4G4CS,0.000686241473464384,0.0009375154640347,0.000394018721463988,0.000686241473464384,0.0009375154640347,0.000394018721463988
ID_7841GQ,1e-07,0.000703935071349676,8.5309045558336e-05,1e-07,0.000703935071349676,8.5309045558336e-05
ID_68H8D0,0.024082242964512966,0.01479136778114543,0.02293798275005378,0.024082242964512966,0.01479136778114543,0.02293798275005378
ID_MQ1XM6,0.0006434767478494719,0.001394513551001716,0.001225206704597272,0.0006434767478494719,0.001394513551001716,0.001225206704597272
ID_2ELMR8,0.024082242964512966,0.01479136778114543,0.02293798275005378,0.024082242964512966,0.01479136778114543,0.02293798275005378
ID_EVBKW0,0.00293320725147004,0.003453506771924724,0.0054395137071383,0.00293320725147004,0.003453506771924724,0.0054395137071383
ID_Z6ZMD2,0.000265891851527608,0.000905811731268316,0.000970987836720844,0.000265891851527608,0.000905811731268316,0.000970987836720844
ID_QJVZET,0.000184139695337008,0.000703935071349676,0.000394018721463988,0.000184139695337008,0.000703935071349676,0.000394018721463988
ID_CQT5H1,1e-07,0.001527329080523692,0.001746479234444068,1e-07,0.001527329080523692,0.001746479234444068
ID_973XDF,1e-07,0.002031227327803132,0.001843454269519544,1e-07,0.002031227327803132,0.001843454269519544
ID_NSA0JJ,0.000265891851527608,0.000703935071349676,0.000656271285941792,0.000265891851527608,0.000703935071349676,0.000656271285941792
ID_FL0OCB,0.000184139695337008,0.0021002181920534236,0.002079093801754868,0.000184139695337008,0.0021002181920534236,0.002079093801754868
ID_2VHH1D,1e-07,0.001612302185813132,0.002079093801754868,1e-07,0.001612302185813132,0.002079093801754868
ID_U6MZRL,0.0054216710424832,0.005748444518575784,0.008821066484860252,0.0054216710424832,0.005748444518575784,0.008821066484860252
ID_MC3FP5,1e-07,0.001558552800628784,0.001843454269519544,1e-07,0.001558552800628784,0.001843454269519544
ID_9UV0JT,0.024082242964512966,0.01479136778114543,0.02293798275005378,0.024082242964512966,0.01479136778114543,0.02293798275005378
ID_58OZCP,0.006371068986836004,0.008851076221045712,0.011996816979290751,0.006371068986836004,0.008851076221045712,0.011996816979290751
ID_DE895W,0.01867106924744219,0.013829297993479732,0.022628908755380008,0.01867106924744219,0.013829297993479732,0.022628908755380008
ID_YXE8JJ,0.024082242964512966,0.01479136778114543,0.02293798275005378,0.024082242964512966,0.01479136778114543,0.02293798275005378
ID_TB9U7O,0.00040758578892641196,0.000803248602683236,0.000268902088773992,0.00040758578892641196,0.000803248602683236,0.000268902088773992
ID_R8NWKZ,0.000184139695337008,0.0007201274705977359,8.5309045558336e-05,0.000184139695337008,0.0007201274705977359,8.5309045558336e-05
ID_W9UZJB,0.000265891851527608,0.000905811731268316,0.000970987836720844,0.000265891851527608,0.000905811731268316,0.000970987836720844
ID_2323FO,0.000265891851527608,0.0007201274705977359,0.000394018721463988,0.000265891851527608,0.0007201274705977359,0.000394018721463988
ID_L6SYR3,0.00040758578892641196,0.00304046046438168,0.003250349723667496,0.00040758578892641196,0.00304046046438168,0.003250349723667496
ID_KEGBSM,0.000173467264926268,0.00048434029289958,0.000268902088773992,0.000173467264926268,0.00048434029289958,0.000268902088773992
ID_KD638L,0.00040758578892641196,0.00304046046438168,0.003250349723667496,0.00040758578892641196,0.00304046046438168,0.003250349723667496
ID_UV1C91,0.00040758578892641196,0.002580341083178592,0.002229564841996092,0.00040758578892641196,0.002580341083178592,0.002229564841996092
ID_2R99F6,0.006926258491608616,0.010767687776984948,0.008764569199193764,0.006926258491608616,0.010767687776984948,0.008764569199193764
ID_NDABA2,0.000184139695337008,0.0007201274705977359,8.5309045558336e-05,0.000184139695337008,0.0007201274705977359,8.5309045558336e-05
ID_VHW1SA,0.0071270220005368885,0.012182243476356764,0.01601269936638862,0.0071270220005368885,0.012182243476356764,0.01601269936638862
ID_6Q0PHL,0.01867106924744219,0.013829297993479732,0.022628908755380008,0.01867106924744219,0.013829297993479732,0.022628908755380008
ID_N526QO,0.0071270220005368885,0.012182243476356764,0.01601269936638862,0.0071270220005368885,0.012182243476356764,0.01601269936638862
ID_O3XAMU,0.00040758578892641196,0.0013313020016128682,0.000462029854672472,0.00040758578892641196,0.0013313020016128682,0.000462029854672472
ID_PUWLBC,0.000173467264926268,0.00048434029289958,0.000268902088773992,0.000173467264926268,0.00048434029289958,0.000268902088773992
ID_VD6HTN,0.00040758578892641196,0.001368262278633056,0.000268902088773992,0.00040758578892641196,0.001368262278633056,0.000268902088773992
ID_0T2A2U,1e-07,0.001426617925142636,0.001843454269519544,1e-07,0.001426617925142636,0.001843454269519544
ID_H1QAOB,1e-07,0.000173228401258036,0.000268902088773992,1e-07,0.000173228401258036,0.000268902088773992
ID_0DGOAR,1e-07,0.001426617925142636,0.001843454269519544,1e-07,0.001426617925142636,0.001843454269519544
ID_G2AFM5,0.000184139695337008,0.0006756787291844079,0.0007333280450826519,0.000184139695337008,0.0006756787291844079,0.0007333280450826519
ID_HMY17R,1e-07,0.00126553264538636,0.000995580609560372,1e-07,0.00126553264538636,0.000995580609560372
ID_XAUH6E,0.00040758578892641196,0.0015374911647229,0.000462029854672472,0.00040758578892641196,0.0015374911647229,0.000462029854672472
ID_PDT688,0.003153916010497676,0.003856621317370516,0.005592320145968992,0.003153916010497676,0.003856621317370516,0.005592320145968992
ID_DJB815,1e-07,0.000173228401258036,8.5309045558336e-05,1e-07,0.000173228401258036,8.5309045558336e-05
ID_PCHYP9,0.007301600964504659,0.01035561998832642,0.007204861790839712,0.007301600964504659,0.01035561998832642,0.007204861790839712
ID_WA6QND,0.000184139695337008,0.000633515481922888,0.00017316733224289601,0.000184139695337008,0.000633515481922888,0.00017316733224289601
ID_7ELMZ7,1e-07,0.000127156253557072,8.5309045558336e-05,1e-07,0.000127156253557072,8.5309045558336e-05
ID_CVNZQF,0.000184139695337008,0.000899958478098328,0.000995580609560372,0.000184139695337008,0.000899958478098328,0.000995580609560372
ID_GAHF28,1e-07,0.001426617925142636,0.002324480368565424,1e-07,0.001426617925142636,0.002324480368565424
ID_X2RBI1,1e-07,0.00046225547712414,0.000268902088773992,1e-07,0.00046225547712414,0.000268902088773992
ID_IVO26V,0.00040758578892641196,0.001624116203071468,0.001174615251278132,0.00040758578892641196,0.001624116203071468,0.001174615251278132
ID_AFMCOW,0.000173467264926268,0.001131900144308236,0.000268902088773992,0.000173467264926268,0.001131900144308236,0.000268902088773992
ID_1C94ID,0.00040758578892641196,0.001708600134579344,0.002142517162337208,0.00040758578892641196,0.001708600134579344,0.002142517162337208
ID_0C4EDO,1e-07,0.00033890012349652003,8.5309045558336e-05,1e-07,0.00033890012349652003,8.5309045558336e-05
ID_DOH3RS,0.017626964996032342,0.013167979380148563,0.013679161553038567,0.017626964996032342,0.013167979380148563,0.013679161553038567
ID_GPQQOT,0.0016060108288726638,0.001624116203071468,0.003049076294145056,0.0016060108288726638,0.001624116203071468,0.003049076294145056
ID_6UR8NI,0.000184139695337008,0.000563187818535272,0.000380667392243464,0.000184139695337008,0.000563187818535272,0.000380667392243464
ID_W6QZ1Q,0.00040758578892641196,0.0006930687259336039,0.000268902088773992,0.00040758578892641196,0.0006930687259336039,0.000268902088773992
ID_XI9QKS,1e-07,0.001426617925142636,0.001843454269519544,1e-07,0.001426617925142636,0.001843454269519544
ID_WZZ662,0.00040758578892641196,0.001242847185461764,0.000268902088773992,0.00040758578892641196,0.001242847185461764,0.000268902088773992
ID_9FITRJ,0.000184139695337008,0.000563187818535272,0.000380667392243464,0.000184139695337008,0.000563187818535272,0.000380667392243464
ID_JI0NUP,0.000184139695337008,0.000633515481922888,0.00017316733224289601,0.000184139695337008,0.000633515481922888,0.00017316733224289601
ID_36R17J,1e-07,0.000868810246512056,0.000268902088773992,1e-07,0.000868810246512056,0.000268902088773992
ID_KCZ1QX,1e-07,0.001426617925142636,0.002324480368565424,1e-07,0.001426617925142636,0.002324480368565424
ID_DG9EBL,0.00157250058299144,0.001624116203071468,0.001174615251278132,0.00157250058299144,0.001624116203071468,0.001174615251278132
ID_BPEU3X,1e-07,0.001426617925142636,0.001843454269519544,1e-07,0.001426617925142636,0.001843454269519544
ID_JWXL0Z,0.000184139695337008,0.000563187818535272,0.000380667392243464,0.000184139695337008,0.000563187818535272,0.000380667392243464
ID_IZ777T,1e-07,0.001103549509921112,0.000744129572626352,1e-07,0.001103549509921112,0.000744129572626352
ID_08BIU5,1e-07,0.0016247436720651439,0.001826768592693656,1e-07,0.0016247436720651439,0.001826768592693656
ID_BUYSNI,0.00040758578892641196,0.00082461426136868,0.000268902088773992,0.00040758578892641196,0.00082461426136868,0.000268902088773992
ID_U9DXQ2,0.00040758578892641196,0.001242847185461764,0.000268902088773992,0.00040758578892641196,0.001242847185461764,0.000268902088773992
ID_TMUJCJ,1e-07,0.000542589324253724,0.000268902088773992,1e-07,0.000542589324253724,0.000268902088773992
ID_RJR9RN,0.000184139695337008,0.0006344010714875799,8.5309045558336e-05,0.000184139695337008,0.0006344010714875799,8.5309045558336e-05
ID_3YHYSL,0.000184139695337008,0.000617323082674828,0.000268902088773992,0.000184139695337008,0.000617323082674828,0.000268902088773992
ID_9AQYF7,0.000184139695337008,0.0004084341233587,8.5309045558336e-05,0.000184139695337008,0.0004084341233587,8.5309045558336e-05
ID_54RAVH,0.000184139695337008,0.0007201274705977359,8.5309045558336e-05,0.000184139695337008,0.0007201274705977359,8.5309045558336e-05
ID_J5P69A,0.000184139695337008,0.00039224172411064,8.5309045558336e-05,0.000184139695337008,0.00039224172411064,8.5309045558336e-05
ID_G1V02M,1e-07,0.000305629735435792,0.000268902088773992,1e-07,0.000305629735435792,0.000268902088773992
ID_6PA6IV,0.0023177076122574518,0.00168504529617828,0.003027850297094448,0.0023177076122574518,0.00168504529617828,0.003027850297094448
ID_JQYQPR,1e-07,0.000542589324253724,0.000268902088773992,1e-07,0.000542589324253724,0.000268902088773992
ID_FB0WKU,0.000184139695337008,0.00027603278918094396,8.5309045558336e-05,0.000184139695337008,0.00027603278918094396,8.5309045558336e-05
ID_TA5143,1e-07,0.001426617925142636,0.001843454269519544,1e-07,0.001426617925142636,0.001843454269519544
ID_94CW70,1e-07,0.000617323082674828,0.001233240401198648,1e-07,0.000617323082674828,0.001233240401198648
ID_0JC80K,0.0042929445195296605,0.001368262278633056,0.0021349873162724363,0.0042929445195296605,0.001368262278633056,0.0021349873162724363
ID_SNIBU6,0.000173467264926268,0.000524639817829912,0.000268902088773992,0.000173467264926268,0.000524639817829912,0.000268902088773992
ID_TJU7KY,1e-07,0.000542589324253724,0.000268902088773992,1e-07,0.000542589324253724,0.000268902088773992
ID_7WX39F,0.011749496517318303,0.012878515382281248,0.014533382094564739,0.011749496517318303,0.012878515382281248,0.014533382094564739
ID_AOFGSF,0.000173467264926268,0.002111919418599852,0.002142517162337208,0.000173467264926268,0.002111919418599852,0.002142517162337208
ID_KBYL88,0.000184139695337008,0.000899958478098328,0.000995580609560372,0.000184139695337008,0.000899958478098328,0.000995580609560372
ID_YTS87K,0.0076177616249996916,0.0032639273525900602,0.002657342897908688,0.0076177616249996916,0.0032639273525900602,0.002657342897908688
ID_GEF4SU,0.002461040495535308,0.0025276712384959157,0.001825957985667896,0.002461040495535308,0.0025276712384959157,0.001825957985667896
ID_2UMLV4,1e-07,0.00033890012349652003,0.00017316733224289601,1e-07,0.00033890012349652003,0.00017316733224289601
ID_AG56N6,0.012050404741728015,0.005599644751056656,0.007577184071408557,0.012050404741728015,0.005599644751056656,0.007577184071408557
ID_PJRXEY,0.000184139695337008,0.000899958478098328,0.000995580609560372,0.000184139695337008,0.000899958478098328,0.000995580609560372
ID_BIYAR6,0.000184139695337008,0.000899958478098328,0.000995580609560372,0.000184139695337008,0.000899958478098328,0.000995580609560372
ID_Q5KE8B,0.000173467264926268,0.000542589324253724,0.000268902088773992,0.000173467264926268,0.000542589324253724,0.000268902088773992
ID_JYQN2M,1e-07,0.000852062346083884,0.0004818770081486319,1e-07,0.000852062346083884,0.0004818770081486319
ID_GI8IYT,0.000184139695337008,0.001426617925142636,0.002008731798921872,0.000184139695337008,0.001426617925142636,0.002008731798921872
ID_UI3NV7,1e-07,0.000713667220215152,0.000268902088773992,1e-07,0.000713667220215152,0.000268902088773992
ID_LSLZLB,0.0014863806440103679,0.0012816502899582081,0.002071344552478452,0.0014863806440103679,0.0012816502899582081,0.002071344552478452
ID_U80UCB,0.0023177076122574518,0.002385763823771024,0.003049076294145056,0.0023177076122574518,0.002385763823771024,0.003049076294145056
ID_7YIFAF,1e-07,0.001426617925142636,0.001843454269519544,1e-07,0.001426617925142636,0.001843454269519544
ID_X1XYBC,0.000184139695337008,0.0004084341233587,8.5309045558336e-05,0.000184139695337008,0.0004084341233587,8.5309045558336e-05
ID_Z7PXEJ,0.000184139695337008,0.000868810246512056,0.000268902088773992,0.000184139695337008,0.000868810246512056,0.000268902088773992
ID_FZHPYW,1e-07,0.000206498789318764,8.5309045558336e-05,1e-07,0.000206498789318764,8.5309045558336e-05
ID_9SPXYO,0.000184139695337008,0.001426617925142636,0.002008731798921872,0.000184139695337008,0.001426617925142636,0.002008731798921872
ID_WRT76C,1e-07,0.001426617925142636,0.001843454269519544,1e-07,0.001426617925142636,0.001843454269519544
ID_J2FJRW,0.000173467264926268,0.001131900144308236,0.000656271285941792,0.000173467264926268,0.001131900144308236,0.000656271285941792
ID_IEUVNM,0.003842759749199524,0.007925904143198027,0.009318997523283972,0.003842759749199524,0.007925904143198027,0.009318997523283972
ID_1U9QOZ,0.0016661536144627158,0.001368262278633056,0.0021349873162724363,0.0016661536144627158,0.001368262278633056,0.0021349873162724363
ID_ELOPWG,0.000173467264926268,0.000542589324253724,0.000268902088773992,0.000173467264926268,0.000542589324253724,0.000268902088773992
ID_ZI5Y1E,1e-07,0.000563187818535272,0.000268902088773992,1e-07,0.000563187818535272,0.000268902088773992
ID_ASGRG0,1e-07,0.000542589324253724,0.000268902088773992,1e-07,0.000542589324253724,0.000268902088773992
ID_PSAMCJ,0.000184139695337008,0.000633515481922888,0.00017316733224289601,0.000184139695337008,0.000633515481922888,0.00017316733224289601
ID_2A4701,1e-07,0.000206498789318764,8.5309045558336e-05,1e-07,0.000206498789318764,8.5309045558336e-05
ID_8AQJGL,1e-07,0.000542589324253724,0.000268902088773992,1e-07,0.000542589324253724,0.000268902088773992
ID_4NNDXH,1e-07,0.001103549509921112,0.000744129572626352,1e-07,0.001103549509921112,0.000744129572626352
ID_3PVLGV,0.000173467264926268,0.000542589324253724,0.000268902088773992,0.000173467264926268,0.000542589324253724,0.000268902088773992
ID_NM26QX,0.0021775987766875842,0.0030354171234731,0.001825957985667896,0.0021775987766875842,0.0030354171234731,0.001825957985667896
ID_JPHAG6,1e-07,0.000633515481922888,0.000750136447499836,1e-07,0.000633515481922888,0.000750136447499836
ID_WKK2CS,0.000173467264926268,0.000542589324253724,0.000268902088773992,0.000173467264926268,0.000542589324253724,0.000268902088773992
ID_MTFXPX,1e-07,0.001103549509921112,0.000744129572626352,1e-07,0.001103549509921112,0.000744129572626352
ID_8Y14DK,1e-07,0.000563187818535272,0.000268902088773992,1e-07,0.000563187818535272,0.000268902088773992
ID_ET1AOI,0.000184139695337008,0.0006756787291844079,0.001058846123405572,0.000184139695337008,0.0006756787291844079,0.001058846123405572
ID_B4CFP4,0.01385309915178077,0.005102940419967872,0.010443860571165201,0.01385309915178077,0.005102940419967872,0.010443860571165201
ID_4WUH73,0.00040758578892641196,0.001192829237415048,0.001484691438132668,0.00040758578892641196,0.001192829237415048,0.001484691438132668
ID_B6GW66,0.000173467264926268,0.0006930687259336039,0.000268902088773992,0.000173467264926268,0.0006930687259336039,0.000268902088773992
ID_BKO8EP,0.00040758578892641196,0.001624116203071468,0.000854742163477712,0.00040758578892641196,0.001624116203071468,0.000854742163477712
ID_3KYFSE,0.04850598297112621,0.08416750243475934,0.12546070839822698,0.04850598297112621,0.08416750243475934,0.12546070839822698
ID_ILOCIE,0.000173467264926268,0.00108957658942816,0.000268902088773992,0.000173467264926268,0.00108957658942816,0.000268902088773992
ID_79UIX6,1e-07,0.001426617925142636,0.002324480368565424,1e-07,0.001426617925142636,0.002324480368565424
ID_K29ICA,0.000173467264926268,0.000542589324253724,0.000268902088773992,0.000173467264926268,0.000542589324253724,0.000268902088773992
ID_EMCF89,1e-07,0.000852062346083884,0.0004818770081486319,1e-07,0.000852062346083884,0.0004818770081486319
ID_VVPJT8,0.000184139695337008,0.000703935071349676,8.5309045558336e-05,0.000184139695337008,0.000703935071349676,8.5309045558336e-05
ID_6RW7WE,0.006117584111598128,0.003911030552368844,0.002970666810993332,0.006117584111598128,0.003911030552368844,0.002970666810993332
ID_RP4S9G,0.004646519360596468,0.001790745200739896,0.0023864383532064557,0.004646519360596468,0.001790745200739896,0.0023864383532064557
ID_BW4GGG,0.000184139695337008,0.000563187818535272,0.000268902088773992,0.000184139695337008,0.000563187818535272,0.000268902088773992
ID_7Y1J8O,1e-07,0.001426617925142636,0.001843454269519544,1e-07,0.001426617925142636,0.001843454269519544
ID_U9XJOX,0.000184139695337008,0.00027603278918094396,8.5309045558336e-05,0.000184139695337008,0.00027603278918094396,8.5309045558336e-05
ID_9HLS3W,0.000184139695337008,0.000899958478098328,0.000995580609560372,0.000184139695337008,0.000899958478098328,0.000995580609560372
ID_VHEXDH,1e-07,0.000206498789318764,8.5309045558336e-05,1e-07,0.000206498789318764,8.5309045558336e-05
ID_GJUTJ6,1e-07,0.001426617925142636,0.001843454269519544,1e-07,0.001426617925142636,0.001843454269519544
ID_3K6BSM,0.000173467264926268,0.0006930687259336039,0.000268902088773992,0.000173467264926268,0.0006930687259336039,0.000268902088773992
ID_9QHKM5,0.005026927377821787,0.00284429067594206,0.002727704900741684,0.005026927377821787,0.00284429067594206,0.002727704900741684
ID_2IDMK7,0.00040758578892641196,0.0016853705019906399,0.000462029854672472,0.00040758578892641196,0.0016853705019906399,0.000462029854672472
ID_2UT2U6,1e-07,0.001426617925142636,0.002324480368565424,1e-07,0.001426617925142636,0.002324480368565424
ID_UR6FEW,1e-07,0.001426617925142636,0.001843454269519544,1e-07,0.001426617925142636,0.001843454269519544
ID_TRQZ0M,1e-07,0.001426617925142636,0.001826768592693656,1e-07,0.001426617925142636,0.001826768592693656
ID_KKGOZ3,1e-07,0.000852062346083884,0.0004818770081486319,1e-07,0.000852062346083884,0.0004818770081486319
ID_MWBQU9,0.0023177076122574518,0.002385763823771024,0.003049076294145056,0.0023177076122574518,0.002385763823771024,0.003049076294145056
ID_SHGMZJ,0.0034110531927930756,0.001003318367201348,0.0021349873162724363,0.0034110531927930756,0.001003318367201348,0.0021349873162724363
ID_KYD4DW,1e-07,0.000542589324253724,0.000268902088773992,1e-07,0.000542589324253724,0.000268902088773992
ID_QAIAUU,0.00040758578892641196,0.001242847185461764,0.000462029854672472,0.00040758578892641196,0.001242847185461764,0.000462029854672472
ID_2LRZL3,1e-07,0.001103549509921112,0.000744129572626352,1e-07,0.001103549509921112,0.000744129572626352
ID_V7A541,0.000184139695337008,0.000563187818535272,0.000380667392243464,0.000184139695337008,0.000563187818535272,0.000380667392243464
ID_9DXFRR,0.00084516631050668,0.001314920678018936,0.001738910306009012,0.00084516631050668,0.001314920678018936,0.001738910306009012
ID_S7KKUF,0.00040758578892641196,0.000868810246512056,0.000268902088773992,0.00040758578892641196,0.000868810246512056,0.000268902088773992
ID_GX5WM0,0.00040758578892641196,0.001624116203071468,0.002054658875652648,0.00040758578892641196,0.001624116203071468,0.002054658875652648
ID_9CLKA6,1e-07,0.000868810246512056,0.000268902088773992,1e-07,0.000868810246512056,0.000268902088773992
ID_CEKPDU,1e-07,0.0006930687259336039,0.000268902088773992,1e-07,0.0006930687259336039,0.000268902088773992
ID_5LE4HE,1e-07,0.00033890012349652003,0.00017316733224289601,1e-07,0.00033890012349652003,0.00017316733224289601
ID_2YYGLW,0.004377566791073436,0.0052464562742705004,0.006739440371266939,0.004377566791073436,0.0052464562742705004,0.006739440371266939
ID_I76YXQ,0.000173467264926268,0.002111919418599852,0.002142517162337208,0.000173467264926268,0.002111919418599852,0.002142517162337208
ID_L8Y0QF,1e-07,0.00033890012349652003,0.00017316733224289601,1e-07,0.00033890012349652003,0.00017316733224289601
ID_B3CDOU,1e-07,0.000868810246512056,0.000268902088773992,1e-07,0.000868810246512056,0.000268902088773992
ID_LVNFZZ,1e-07,0.000305629735435792,0.000268902088773992,1e-07,0.000305629735435792,0.000268902088773992
ID_HKFQ1V,1e-07,0.000542589324253724,0.000268902088773992,1e-07,0.000542589324253724,0.000268902088773992
ID_803TPA,0.000184139695337008,0.000899958478098328,0.000995580609560372,0.000184139695337008,0.000899958478098328,0.000995580609560372
ID_GLQ3DX,0.000184139695337008,0.001426617925142636,0.002008731798921872,0.000184139695337008,0.001426617925142636,0.002008731798921872
ID_IQPKA6,1e-07,0.00019030639007070399,8.5309045558336e-05,1e-07,0.00019030639007070399,8.5309045558336e-05
ID_ZVCB1F,0.000173467264926268,0.000542589324253724,0.000268902088773992,0.000173467264926268,0.000542589324253724,0.000268902088773992
ID_J55KEV,0.0009881738563259199,0.001624116203071468,0.000462029854672472,0.0009881738563259199,0.001624116203071468,0.000462029854672472
ID_F0XW09,0.000184139695337008,0.000617323082674828,0.000268902088773992,0.000184139695337008,0.000617323082674828,0.000268902088773992
ID_DHZUBS,0.0023177076122574518,0.00168504529617828,0.003049076294145056,0.0023177076122574518,0.00168504529617828,0.003049076294145056
ID_W41W7O,0.033074026433096364,0.03734449412312323,0.03655719610891095,0.033074026433096364,0.03734449412312323,0.03655719610891095
ID_6AQOOX,0.010224984135915632,0.014657616574757136,0.019882289757887806,0.010224984135915632,0.014657616574757136,0.019882289757887806
ID_WQ0W7P,0.00780588005576258,0.011306402599524805,0.008563070877550387,0.00780588005576258,0.011306402599524805,0.008563070877550387
ID_GARNGB,0.0054061545068914444,0.010659903426376415,0.010024933828515799,0.0054061545068914444,0.010659903426376415,0.010024933828515799
ID_ZRFZ0T,0.005077257356567184,0.005913560282690868,0.007750288615132296,0.005077257356567184,0.005913560282690868,0.007750288615132296
ID_TSKMGA,0.003505958150434816,0.005913560282690868,0.007920443834225877,0.003505958150434816,0.005913560282690868,0.007920443834225877
ID_CZJREO,0.007766425049906219,0.012175044634937965,0.013682658723542275,0.007766425049906219,0.012175044634937965,0.013682658723542275
ID_7UONQC,0.002160916086000512,0.0028470762533561117,0.002838080789354712,0.002160916086000512,0.0028470762533561117,0.002838080789354712
ID_VM84AE,0.025960112157573,0.054067389117998486,0.039376612337826244,0.025960112157573,0.054067389117998486,0.039376612337826244
ID_LYQHB8,0.2295218872512228,0.19723081353799296,0.5818480098093595,0.2295218872512228,0.19723081353799296,0.5818480098093595
ID_SRMPF6,0.048591722697674034,0.06908731260788711,0.06282260865901604,0.048591722697674034,0.06908731260788711,0.06282260865901604
ID_AQEDUU,0.028471073463564766,0.05947974509000517,0.06046854518938699,0.028471073463564766,0.05947974509000517,0.06046854518938699
ID_URYB4G,0.10958795814981977,0.16483221953428998,0.17757435447786088,0.10958795814981977,0.16483221953428998,0.17757435447786088
ID_L1C8T4,1e-07,0.000617323082674828,0.000970987836720844,1e-07,0.000617323082674828,0.000970987836720844
ID_GQHEYV,0.08419914307724691,0.08194031522886197,0.07274845817570935,0.08419914307724691,0.08194031522886197,0.07274845817570935
ID_E0O1TE,1e-07,0.000617323082674828,0.000970987836720844,1e-07,0.000617323082674828,0.000970987836720844
ID_P7I8OT,0.09155886938956846,0.07030284795220124,0.10164412462991085,0.09155886938956846,0.07030284795220124,0.10164412462991085
ID_KU8IY3,0.3907382440588696,0.3750915260905009,0.5178463733618816,0.3907382440588696,0.3750915260905009,0.5178463733618816
ID_56TEHN,0.000184139695337008,0.000998459393354596,0.001476657741531292,0.000184139695337008,0.000998459393354596,0.001476657741531292
ID_QMWF8O,0.11896460279136546,0.20928502029032003,0.21338076524276497,0.11896460279136546,0.20928502029032003,0.21338076524276497
ID_22YEQD,1e-07,0.000617323082674828,0.000394018721463988,1e-07,0.000617323082674828,0.000394018721463988
ID_7GZXR0,1e-07,0.000617323082674828,0.000970987836720844,1e-07,0.000617323082674828,0.000970987836720844
ID_G9WW3Y,0.04055714191717919,0.06409053422621404,0.07553530632685469,0.04055714191717919,0.06409053422621404,0.07553530632685469
ID_AXB1LU,1e-07,0.000617323082674828,0.000394018721463988,1e-07,0.000617323082674828,0.000394018721463988
ID_EWJGNL,1e-07,0.000293826569020448,0.000268902088773992,1e-07,0.000293826569020448,0.000268902088773992
ID_Z8A224,0.0198266334482714,0.019805884460567663,0.037654451123587576,0.0198266334482714,0.019805884460567663,0.037654451123587576
ID_SMAV0S,0.020276356700227104,0.06409053422621404,0.07553530632685469,0.020276356700227104,0.06409053422621404,0.07553530632685469
ID_4W0S35,0.019732580166551387,0.021626320421023068,0.032779497477420066,0.019732580166551387,0.021626320421023068,0.032779497477420066
ID_32HYGC,0.014759296037831177,0.017249244996583462,0.026877031639446426,0.014759296037831177,0.017249244996583462,0.026877031639446426
ID_Y0V0Q8,0.028471073463564766,0.07198805942567639,0.06452781470238095,0.028471073463564766,0.07198805942567639,0.06452781470238095
ID_VEHMX4,1e-07,0.000617323082674828,0.000394018721463988,1e-07,0.000617323082674828,0.000394018721463988
ID_B8VB2S,0.004221080783778624,0.007765168908192312,0.005920868305319624,0.004221080783778624,0.007765168908192312,0.005920868305319624
ID_YU423E,1e-07,0.000617323082674828,0.000394018721463988,1e-07,0.000617323082674828,0.000394018721463988
ID_NYYJM9,0.000184139695337008,0.000617323082674828,0.000394018721463988,0.000184139695337008,0.000617323082674828,0.000394018721463988
ID_WP14OU,0.000184139695337008,0.000173228401258036,0.000268902088773992,0.000184139695337008,0.000173228401258036,0.000268902088773992
ID_XDWYCC,0.0069383505552196995,0.00802507805925888,0.014733711498706304,0.0069383505552196995,0.00802507805925888,0.014733711498706304
ID_H0ZGLY,0.04340293076896181,0.052652451403926714,0.12997191001324948,0.04340293076896181,0.052652451403926714,0.12997191001324948
ID_BEKEYZ,0.014759296037831177,0.017249244996583462,0.026877031639446426,0.014759296037831177,0.017249244996583462,0.026877031639446426
ID_JB2Y8O,0.425237284452572,0.3964003945099397,0.8442308281457569,0.425237284452572,0.3964003945099397,0.8442308281457569
ID_FO98FY,0.07736262046539358,0.158971722972809,0.29871053474664017,0.07736262046539358,0.158971722972809,0.29871053474664017
ID_JGO3WB,1e-07,0.000617323082674828,0.000970987836720844,1e-07,0.000617323082674828,0.000970987836720844
ID_MENRNK,1e-07,0.000617323082674828,0.000970987836720844,1e-07,0.000617323082674828,0.000970987836720844
ID_60PIJY,1e-07,0.000617323082674828,0.000970987836720844,1e-07,0.000617323082674828,0.000970987836720844
ID_N05EO9,0.03742599036394349,0.08985989896448891,0.07289916709128269,0.03742599036394349,0.08985989896448891,0.07289916709128269
ID_GO6AEU,1e-07,0.000617323082674828,0.000970987836720844,1e-07,0.000617323082674828,0.000970987836720844
ID_V8O1QV,0.05193328663813335,0.10406944480048855,0.1663069857392013,0.05193328663813335,0.10406944480048855,0.1663069857392013
ID_Z5Q2AH,0.008592277003143464,0.006837496318863295,0.013893275604985218,0.008592277003143464,0.006837496318863295,0.013893275604985218
ID_84O0XR,0.016443773949659797,0.02404155244946904,0.027903501296188325,0.016443773949659797,0.02404155244946904,0.027903501296188325
ID_G5ULLS,0.014759296037831177,0.017249244996583462,0.026877031639446426,0.014759296037831177,0.017249244996583462,0.026877031639446426
ID_UQLI5V,1e-07,0.000617323082674828,0.000394018721463988,1e-07,0.000617323082674828,0.000394018721463988
ID_P5TQAL,0.03863856584693055,0.051397433180613655,0.06326240696454173,0.03863856584693055,0.051397433180613655,0.06326240696454173
ID_DNX620,0.056604070434115986,0.0686240988796154,0.12220447376323251,0.056604070434115986,0.0686240988796154,0.12220447376323251
ID_7JV87P,1e-07,0.000617323082674828,0.000394018721463988,1e-07,0.000617323082674828,0.000394018721463988
ID_A23KNJ,0.000184139695337008,0.000617323082674828,0.000394018721463988,0.000184139695337008,0.000617323082674828,0.000394018721463988
ID_KNF9P6,0.0639335306040699,0.06289684101677633,0.06564707418106291,0.0639335306040699,0.06289684101677633,0.06564707418106291
ID_MMVYLE,0.000184139695337008,0.000868810246512056,0.001225206704597272,0.000184139695337008,0.000868810246512056,0.001225206704597272
ID_GFGI4F,1e-07,0.000617323082674828,0.000970987836720844,1e-07,0.000617323082674828,0.000970987836720844
ID_I8FAWN,1e-07,0.000617323082674828,0.000394018721463988,1e-07,0.000617323082674828,0.000394018721463988
ID_42E5J9,1e-07,0.000617323082674828,0.000970987836720844,1e-07,0.000617323082674828,0.000970987836720844
ID_8QIBGT,0.3251762279573624,0.35127087300678406,0.528507908535957,0.3251762279573624,0.35127087300678406,0.528507908535957
ID_AV3PSZ,0.028471073463564766,0.059433872922080196,0.05023986428030409,0.028471073463564766,0.059433872922080196,0.05023986428030409
ID_NJNVR3,1e-07,0.000617323082674828,0.000970987836720844,1e-07,0.000617323082674828,0.000970987836720844
ID_C1X1NC,0.0075227921204386525,0.006265075637236292,0.012827475473731878,0.0075227921204386525,0.006265075637236292,0.012827475473731878
ID_1AT9KW,0.000184139695337008,0.000617323082674828,0.000394018721463988,0.000184139695337008,0.000617323082674828,0.000394018721463988
ID_TXM3UJ,0.03059919464218526,0.07671686953269606,0.06899456169341728,0.03059919464218526,0.07671686953269606,0.06899456169341728
ID_AQNPGS,0.05375964961193085,0.034892125067199346,0.05245554936246025,0.05375964961193085,0.034892125067199346,0.05245554936246025
ID_VQ7W0A,0.12491017748522519,0.1647511263085374,0.30850282975061843,0.12491017748522519,0.1647511263085374,0.30850282975061843
ID_PP9RGH,1e-07,0.000617323082674828,0.001225206704597272,1e-07,0.000617323082674828,0.001225206704597272
ID_CCQCPK,0.04836119856071869,0.06053336375339619,0.07261450674595582,0.04836119856071869,0.06053336375339619,0.07261450674595582
ID_K3NMVQ,1e-07,0.000617323082674828,0.000394018721463988,1e-07,0.000617323082674828,0.000394018721463988
ID_XRKPXN,0.007626360870606168,0.012196583331320827,0.016465547474587696,0.007626360870606168,0.012196583331320827,0.016465547474587696
ID_Z26KY5,0.013776075453584684,0.019071721962025296,0.02182093192778245,0.013776075453584684,0.019071721962025296,0.02182093192778245
ID_IVLEST,1e-07,0.000173228401258036,8.5309045558336e-05,1e-07,0.000173228401258036,8.5309045558336e-05
ID_0J1LF5,1e-07,0.00019030639007070399,8.5309045558336e-05,1e-07,0.00019030639007070399,8.5309045558336e-05
ID_6UN1T6,1e-07,0.00019030639007070399,8.5309045558336e-05,1e-07,0.00019030639007070399,8.5309045558336e-05
ID_K2FMPI,1e-07,0.000173228401258036,8.5309045558336e-05,1e-07,0.000173228401258036,8.5309045558336e-05
ID_FM755F,0.050874198389923686,0.060250577328111225,0.1539649205717993,0.050874198389923686,0.060250577328111225,0.1539649205717993
ID_XRDXXZ,0.014427594934551584,0.007746423254579539,0.01753643162870553,0.014427594934551584,0.007746423254579539,0.01753643162870553
ID_OOT7EU,1e-07,0.000173228401258036,8.5309045558336e-05,1e-07,0.000173228401258036,8.5309045558336e-05
ID_2IAGXT,1e-07,0.00019030639007070399,8.5309045558336e-05,1e-07,0.00019030639007070399,8.5309045558336e-05
ID_TVWIUG,1e-07,0.00019030639007070399,8.5309045558336e-05,1e-07,0.00019030639007070399,8.5309045558336e-05
ID_WZNIA5,1e-07,0.000173228401258036,8.5309045558336e-05,1e-07,0.000173228401258036,8.5309045558336e-05
ID_4UD817,0.03422071696745975,0.03901585119829043,0.07127298691674856,0.03422071696745975,0.03901585119829043,0.07127298691674856
ID_Y8QP8D,1e-07,0.000305629735435792,8.5309045558336e-05,1e-07,0.000305629735435792,8.5309045558336e-05
ID_MVMMZ5,1e-07,0.00019030639007070399,8.5309045558336e-05,1e-07,0.00019030639007070399,8.5309045558336e-05
ID_DMI52X,1e-07,0.000173228401258036,8.5309045558336e-05,1e-07,0.000173228401258036,8.5309045558336e-05
ID_CAFKO7,1e-07,0.000305629735435792,8.5309045558336e-05,1e-07,0.000305629735435792,8.5309045558336e-05
ID_7N507C,1e-07,0.000173228401258036,8.5309045558336e-05,1e-07,0.000173228401258036,8.5309045558336e-05
ID_54A9SS,0.02887291063649193,0.03634482345583578,0.027234230794882967,0.02887291063649193,0.03634482345583578,0.027234230794882967
ID_0USD12,1e-07,0.000173228401258036,8.5309045558336e-05,1e-07,0.000173228401258036,8.5309045558336e-05
ID_RPZ22Z,1e-07,0.000173228401258036,8.5309045558336e-05,1e-07,0.000173228401258036,8.5309045558336e-05
ID_ST1G3A,1e-07,0.000173228401258036,8.5309045558336e-05,1e-07,0.000173228401258036,8.5309045558336e-05
ID_R653PC,1e-07,0.000173228401258036,8.5309045558336e-05,1e-07,0.000173228401258036,8.5309045558336e-05
ID_MXKXHH,1e-07,0.000305629735435792,8.5309045558336e-05,1e-07,0.000305629735435792,8.5309045558336e-05
ID_EBHVGH,1e-07,0.00019030639007070399,8.5309045558336e-05,1e-07,0.00019030639007070399,8.5309045558336e-05
ID_UTUSKA,1e-07,0.00011007826474440401,8.5309045558336e-05,1e-07,0.00011007826474440401,8.5309045558336e-05
ID_QXI7WO,1e-07,0.00019030639007070399,8.5309045558336e-05,1e-07,0.00019030639007070399,8.5309045558336e-05
ID_JUWIIQ,1e-07,0.00019030639007070399,8.5309045558336e-05,1e-07,0.00019030639007070399,8.5309045558336e-05
ID_KG679D,1e-07,0.000173228401258036,8.5309045558336e-05,1e-07,0.000173228401258036,8.5309045558336e-05
ID_0SBJWI,1e-07,0.00011007826474440401,8.5309045558336e-05,1e-07,0.00011007826474440401,8.5309045558336e-05
ID_BZ3FXA,0.07182711766165711,0.11564157504075469,0.18386480960803356,0.07182711766165711,0.11564157504075469,0.18386480960803356
ID_HUWRBN,1e-07,0.00019030639007070399,8.5309045558336e-05,1e-07,0.00019030639007070399,8.5309045558336e-05
ID_REHHGY,1e-07,0.000305629735435792,8.5309045558336e-05,1e-07,0.000305629735435792,8.5309045558336e-05
ID_PMEGO0,1e-07,0.000173228401258036,8.5309045558336e-05,1e-07,0.000173228401258036,8.5309045558336e-05
ID_IL6LSS,1e-07,0.00019030639007070399,8.5309045558336e-05,1e-07,0.00019030639007070399,8.5309045558336e-05
ID_PHPRJV,1e-07,0.00019030639007070399,8.5309045558336e-05,1e-07,0.00019030639007070399,8.5309045558336e-05
ID_YZPT9I,1e-07,0.000571533737171836,0.000394018721463988,1e-07,0.000571533737171836,0.000394018721463988
ID_INX5GB,1e-07,0.00039224172411064,0.0008565477936464359,1e-07,0.00039224172411064,0.0008565477936464359
ID_SWPYGT,0.008559971228851047,0.008601699001392227,0.007892834914766696,0.008559971228851047,0.008601699001392227,0.007892834914766696
ID_FJI00V,0.005679067097874668,0.005074032965956592,0.0046053513279771955,0.005679067097874668,0.005074032965956592,0.0046053513279771955
ID_IEX2UL,0.007555969224598459,0.005796628936067179,0.004994664532527175,0.007555969224598459,0.005796628936067179,0.004994664532527175
ID_0O39EX,0.005965486098076604,0.007014382227299204,0.0041262081765361764,0.005965486098076604,0.007014382227299204,0.0041262081765361764
ID_S4XD8H,1e-07,0.0002598403899328,0.000285585553262896,1e-07,0.0002598403899328,0.000285585553262896
ID_T922CM,0.07918171316580622,0.23395799579456314,0.24475184605397876,0.07918171316580622,0.23395799579456314,0.24475184605397876
ID_IZKU1L,1e-07,0.0002598403899328,0.000285585553262896,1e-07,0.0002598403899328,0.000285585553262896
ID_HT4WWZ,1e-07,0.00039224172411064,0.000285585553262896,1e-07,0.00039224172411064,0.000285585553262896
ID_N57ZY0,0.015113120298237312,0.02177107817681217,0.02375246604235479,0.015113120298237312,0.02177107817681217,0.02375246604235479
ID_97YIMP,1e-07,0.00039224172411064,0.000285585553262896,1e-07,0.00039224172411064,0.000285585553262896
ID_D51DKG,0.00477571996681736,0.004876327178111512,0.005041676284343012,0.00477571996681736,0.004876327178111512,0.005041676284343012
ID_8DBGRU,0.006914701509856752,0.00747547061655064,0.004441956746179728,0.006914701509856752,0.00747547061655064,0.004441956746179728
ID_9CQJQW,0.005965486098076604,0.007014382227299204,0.0041262081765361764,0.005965486098076604,0.007014382227299204,0.0041262081765361764
ID_DZTIC5,0.007555969224598459,0.005796628936067179,0.0037140352789655595,0.007555969224598459,0.005796628936067179,0.0037140352789655595
ID_RT2NGQ,1e-07,0.0002598403899328,8.5309045558336e-05,1e-07,0.0002598403899328,8.5309045558336e-05
ID_3TV8X9,0.006165783691046287,0.008766668546488065,0.006275896399590799,0.006165783691046287,0.008766668546488065,0.006275896399590799
ID_JSJFMM,0.007555969224598459,0.005796628936067179,0.0037140352789655595,0.007555969224598459,0.005796628936067179,0.0037140352789655595
ID_U7DE1J,0.00040758578892641196,0.000643728887947868,0.000523675605377852,0.00040758578892641196,0.000643728887947868,0.000523675605377852
ID_QYPSZ8,1e-07,0.00039224172411064,0.0008565477936464359,1e-07,0.00039224172411064,0.0008565477936464359
ID_HXWPHV,1e-07,0.0002598403899328,0.000285585553262896,1e-07,0.0002598403899328,0.000285585553262896
ID_4XJUM7,1e-07,0.0002598403899328,0.000285585553262896,1e-07,0.0002598403899328,0.000285585553262896
ID_OOZOIL,1e-07,0.0002598403899328,8.5309045558336e-05,1e-07,0.0002598403899328,8.5309045558336e-05
ID_95I388,1e-07,0.000571533737171836,0.000394018721463988,1e-07,0.000571533737171836,0.000394018721463988
ID_Z9ECXM,1e-07,0.0002598403899328,0.000285585553262896,1e-07,0.0002598403899328,0.000285585553262896
ID_VJMSAU,1e-07,0.0002598403899328,8.5309045558336e-05,1e-07,0.0002598403899328,8.5309045558336e-05
ID_2SWR73,1e-07,0.000196690253419252,0.000285585553262896,1e-07,0.000196690253419252,0.000285585553262896
ID_KEQHOC,0.000184139695337008,0.0002598403899328,0.000285585553262896,0.000184139695337008,0.0002598403899328,0.000285585553262896
ID_59TJN8,1e-07,0.0002598403899328,8.5309045558336e-05,1e-07,0.0002598403899328,8.5309045558336e-05
ID_Y9ZQLU,1e-07,0.000571533737171836,0.000394018721463988,1e-07,0.000571533737171836,0.000394018721463988
ID_KH6UO0,1e-07,0.000571533737171836,0.000394018721463988,1e-07,0.000571533737171836,0.000394018721463988
ID_RSQVI7,1e-07,0.0007680236026121799,0.0013622176984568,1e-07,0.0007680236026121799,0.0013622176984568
ID_539EVX,1e-07,0.0002598403899328,0.000523675605377852,1e-07,0.0002598403899328,0.000523675605377852
ID_BI2VMU,0.008559971228851047,0.008601699001392227,0.007892834914766696,0.008559971228851047,0.008601699001392227,0.007892834914766696
ID_4D3I04,1e-07,0.0002598403899328,0.000285585553262896,1e-07,0.0002598403899328,0.000285585553262896
ID_U45SXA,0.007555969224598459,0.005796628936067179,0.004994664532527175,0.007555969224598459,0.005796628936067179,0.004994664532527175
ID_4JPZY9,0.008559971228851047,0.008601699001392227,0.007892834914766696,0.008559971228851047,0.008601699001392227,0.007892834914766696
ID_EMQNRZ,0.007555969224598459,0.005796628936067179,0.004994664532527175,0.007555969224598459,0.005796628936067179,0.004994664532527175
ID_LP9JYH,1e-07,0.000571533737171836,0.000394018721463988,1e-07,0.000571533737171836,0.000394018721463988
ID_XBNGOR,1e-07,0.0002598403899328,0.000285585553262896,1e-07,0.0002598403899328,0.000285585553262896
ID_6P6UZG,0.006165783691046287,0.01127024970625202,0.0051851127876715915,0.006165783691046287,0.01127024970625202,0.0051851127876715915
ID_EVADQD,1e-07,0.000196690253419252,0.000285585553262896,1e-07,0.000196690253419252,0.000285585553262896
ID_STBPWO,1e-07,0.0002598403899328,0.000285585553262896,1e-07,0.0002598403899328,0.000285585553262896
ID_XU7MY3,1e-07,0.0002598403899328,8.5309045558336e-05,1e-07,0.0002598403899328,8.5309045558336e-05
ID_UE54M8,1e-07,0.0002598403899328,0.000285585553262896,1e-07,0.0002598403899328,0.000285585553262896
ID_0NEC9T,1e-07,0.0002598403899328,8.5309045558336e-05,1e-07,0.0002598403899328,8.5309045558336e-05
ID_2MDCUV,1e-07,0.00039224172411064,0.000285585553262896,1e-07,0.00039224172411064,0.000285585553262896
ID_BXXMB9,0.007555969224598459,0.005796628936067179,0.004994664532527175,0.007555969224598459,0.005796628936067179,0.004994664532527175
ID_F4K9RH,0.00040758578892641196,0.000643728887947868,0.000523675605377852,0.00040758578892641196,0.000643728887947868,0.000523675605377852
ID_YC2PUL,1e-07,0.000571533737171836,0.000394018721463988,1e-07,0.000571533737171836,0.000394018721463988
ID_Q3GQZC,1e-07,0.0002598403899328,0.000285585553262896,1e-07,0.0002598403899328,0.000285585553262896
ID_8R80X6,1e-07,0.0002598403899328,0.000285585553262896,1e-07,0.0002598403899328,0.000285585553262896
ID_1IESDO,1e-07,0.00039224172411064,0.0008565477936464359,1e-07,0.00039224172411064,0.0008565477936464359
ID_EQG3A7,0.008559971228851047,0.013898778851019613,0.006486302733204019,0.008559971228851047,0.013898778851019613,0.006486302733204019
ID_JMND8O,1e-07,0.000703935071349676,0.000594295229168632,1e-07,0.000703935071349676,0.000594295229168632
ID_DNU0QM,1e-07,0.000643728887947868,0.000268902088773992,1e-07,0.000643728887947868,0.000268902088773992
ID_5UJIQ7,1e-07,0.0002598403899328,0.000394018721463988,1e-07,0.0002598403899328,0.000394018721463988
ID_DGWKWK,1e-07,0.00039224172411064,0.0008565477936464359,1e-07,0.00039224172411064,0.0008565477936464359
ID_8Y16EG,1e-07,0.0002598403899328,0.000285585553262896,1e-07,0.0002598403899328,0.000285585553262896
ID_QCEB9N,1e-07,0.00039224172411064,0.000523675605377852,1e-07,0.00039224172411064,0.000523675605377852
ID_IB3VU7,1e-07,0.00039224172411064,0.000285585553262896,1e-07,0.00039224172411064,0.000285585553262896
ID_OFXODK,1e-07,0.000571533737171836,0.000394018721463988,1e-07,0.000571533737171836,0.000394018721463988
ID_1CMCRH,0.00040758578892641196,0.000643728887947868,0.000523675605377852,0.00040758578892641196,0.000643728887947868,0.000523675605377852
ID_3RH6TN,1e-07,0.0002598403899328,8.5309045558336e-05,1e-07,0.0002598403899328,8.5309045558336e-05
ID_7HH5IO,0.004152436495614732,0.002779612973661424,0.003393357936801884,0.004152436495614732,0.002779612973661424,0.003393357936801884
ID_BOVCXK,1e-07,0.000703935071349676,0.000594295229168632,1e-07,0.000703935071349676,0.000594295229168632
ID_DYZZ59,1e-07,0.0002598403899328,0.000285585553262896,1e-07,0.0002598403899328,0.000285585553262896
ID_752ORM,1e-07,0.00039224172411064,0.000285585553262896,1e-07,0.00039224172411064,0.000285585553262896
ID_BWW8DE,1e-07,0.0002598403899328,8.5309045558336e-05,1e-07,0.0002598403899328,8.5309045558336e-05
ID_2J1VXU,1e-07,0.000196690253419252,0.000285585553262896,1e-07,0.000196690253419252,0.000285585553262896
ID_895UNA,1e-07,0.000196690253419252,0.000285585553262896,1e-07,0.000196690253419252,0.000285585553262896
ID_BF9GRX,0.007555969224598459,0.005796628936067179,0.004994664532527175,0.007555969224598459,0.005796628936067179,0.004994664532527175
ID_S7XMZ6,0.00040758578892641196,0.000703935071349676,0.0008565477936464359,0.00040758578892641196,0.000703935071349676,0.0008565477936464359
ID_Q2MLKE,1e-07,0.000196690253419252,0.000285585553262896,1e-07,0.000196690253419252,0.000285585553262896
ID_T3NEEY,0.000173467264926268,0.0002598403899328,0.000523675605377852,0.000173467264926268,0.0002598403899328,0.000523675605377852
ID_C2YB30,0.000926918466697196,0.001003318367201348,0.00193918681371374,0.000926918466697196,0.001003318367201348,0.00193918681371374
ID_5RJHPE,1e-07,0.0002598403899328,8.5309045558336e-05,1e-07,0.0002598403899328,8.5309045558336e-05
ID_0NKOI7,0.007555969224598459,0.005796628936067179,0.004994664532527175,0.007555969224598459,0.005796628936067179,0.004994664532527175
ID_07AJO5,1e-07,0.0002598403899328,8.5309045558336e-05,1e-07,0.0002598403899328,8.5309045558336e-05
ID_6UV94Z,1e-07,0.00039224172411064,0.000523675605377852,1e-07,0.00039224172411064,0.000523675605377852
ID_TVDDBE,1e-07,0.0002598403899328,0.000285585553262896,1e-07,0.0002598403899328,0.000285585553262896
ID_876BNL,0.015394021551455275,0.029950277162505645,0.04353664219711239,0.015394021551455275,0.029950277162505645,0.04353664219711239
ID_HDUN96,0.007942352559472288,0.005184566155473911,0.014201452078656212,0.007942352559472288,0.005184566155473911,0.014201452078656212
ID_O7XCVA,0.00865251041681318,0.005625804018112995,0.012900262133123784,0.00865251041681318,0.005625804018112995,0.012900262133123784
ID_HN3Q2B,0.004636920067090624,0.013251335474450426,0.014901172868353168,0.004636920067090624,0.013251335474450426,0.014901172868353168
ID_43WX04,0.000173467264926268,0.000868810246512056,0.001233240401198648,0.000173467264926268,0.000868810246512056,0.001233240401198648
ID_18QI1A,0.005077889833443764,0.005179649007531859,0.0031611710870179076,0.005077889833443764,0.005179649007531859,0.0031611710870179076
ID_LZIJWN,1e-07,0.000173228401258036,8.5309045558336e-05,1e-07,0.000173228401258036,8.5309045558336e-05
ID_A8HYQ6,0.00040758578892641196,0.000617323082674828,0.000268902088773992,0.00040758578892641196,0.000617323082674828,0.000268902088773992
ID_FE5SES,0.000173467264926268,0.000542589324253724,0.000656271285941792,0.000173467264926268,0.000542589324253724,0.000656271285941792
ID_YVKYBF,1e-07,0.00011007826474440401,8.5309045558336e-05,1e-07,0.00011007826474440401,8.5309045558336e-05
ID_ML1SA5,1e-07,0.000206498789318764,0.00017316733224289601,1e-07,0.000206498789318764,0.00017316733224289601
ID_DBPJBC,1e-07,0.000305629735435792,8.5309045558336e-05,1e-07,0.000305629735435792,8.5309045558336e-05
ID_Q51LM9,0.005077889833443764,0.005179649007531859,0.0031611710870179076,0.005077889833443764,0.005179649007531859,0.0031611710870179076
ID_KSCMRK,0.006997148300966635,0.00557778482093444,0.004826148688444183,0.006997148300966635,0.00557778482093444,0.004826148688444183
ID_YBTPCY,1e-07,0.000206498789318764,0.00017316733224289601,1e-07,0.000206498789318764,0.00017316733224289601
ID_9HS5DB,1e-07,0.000206498789318764,0.00017316733224289601,1e-07,0.000206498789318764,0.00017316733224289601
ID_8GOXK3,1e-07,0.000173228401258036,8.5309045558336e-05,1e-07,0.000173228401258036,8.5309045558336e-05
ID_PP01G2,0.000184139695337008,0.00019030639007070399,8.5309045558336e-05,0.000184139695337008,0.00019030639007070399,8.5309045558336e-05
ID_R4LUTD,1e-07,0.000206498789318764,8.5309045558336e-05,1e-07,0.000206498789318764,8.5309045558336e-05
ID_QD9ZYZ,1e-07,0.000206498789318764,0.00017316733224289601,1e-07,0.000206498789318764,0.00017316733224289601
ID_9A3RGH,1e-07,0.00033890012349652003,0.00017316733224289601,1e-07,0.00033890012349652003,0.00017316733224289601
ID_9SL27X,1e-07,0.000206498789318764,8.5309045558336e-05,1e-07,0.000206498789318764,8.5309045558336e-05
ID_1JDULR,0.000184139695337008,0.00033890012349652003,0.00017316733224289601,0.000184139695337008,0.00033890012349652003,0.00017316733224289601
ID_NPK8WH,1e-07,0.000206498789318764,8.5309045558336e-05,1e-07,0.000206498789318764,8.5309045558336e-05
ID_UIQ2M6,0.007688366433643767,0.0055432056378727996,0.003195219711544892,0.007688366433643767,0.0055432056378727996,0.003195219711544892
ID_KZ7WF1,1e-07,0.000305629735435792,8.5309045558336e-05,1e-07,0.000305629735435792,8.5309045558336e-05
ID_SL826W,1e-07,0.000206498789318764,0.00017316733224289601,1e-07,0.000206498789318764,0.00017316733224289601
ID_JU38M1,1e-07,0.000305629735435792,8.5309045558336e-05,1e-07,0.000305629735435792,8.5309045558336e-05
ID_2ESPZK,1e-07,0.000206498789318764,0.00017316733224289601,1e-07,0.000206498789318764,0.00017316733224289601
ID_K2YFYU,0.006857084121666584,0.004933627128594908,0.0028454225173743563,0.006857084121666584,0.004933627128594908,0.0028454225173743563
ID_TBP5FU,0.000184139695337008,0.00065059347073564,8.5309045558336e-05,0.000184139695337008,0.00065059347073564,8.5309045558336e-05
ID_35L0LZ,1e-07,0.000305629735435792,8.5309045558336e-05,1e-07,0.000305629735435792,8.5309045558336e-05
ID_Y4KXQM,1e-07,0.000305629735435792,8.5309045558336e-05,1e-07,0.000305629735435792,8.5309045558336e-05
ID_DN79ZG,1e-07,0.000173228401258036,8.5309045558336e-05,1e-07,0.000173228401258036,8.5309045558336e-05
ID_3SXP9A,0.007688366433643767,0.0055432056378727996,0.003195219711544892,0.007688366433643767,0.0055432056378727996,0.003195219711544892
ID_2V2H8G,1e-07,0.000305629735435792,0.000656271285941792,1e-07,0.000305629735435792,0.000656271285941792
ID_X49G2U,1e-07,0.00065059347073564,0.000970987836720844,1e-07,0.00065059347073564,0.000970987836720844
ID_7R2JHD,1e-07,0.000617323082674828,0.001476657741531292,1e-07,0.000617323082674828,0.001476657741531292
ID_I79GFF,0.01080840108667254,0.021695777687354884,0.029889551204951337,0.01080840108667254,0.021695777687354884,0.029889551204951337
ID_ZC1AQA,1e-07,0.000206498789318764,8.5309045558336e-05,1e-07,0.000206498789318764,8.5309045558336e-05
ID_D5ZZFS,1e-07,0.001249117774852288,0.001476657741531292,1e-07,0.001249117774852288,0.001476657741531292
ID_OJKN2W,0.007688366433643767,0.00550104239061128,0.0028454225173743563,0.007688366433643767,0.00550104239061128,0.0028454225173743563
ID_B2Z1PP,0.01080840108667254,0.021695777687354884,0.029889551204951337,0.01080840108667254,0.021695777687354884,0.029889551204951337
ID_T7A33E,0.00040758578892641196,0.000868810246512056,0.000907722322875812,0.00040758578892641196,0.000868810246512056,0.000907722322875812
ID_DL8DPL,1e-07,0.000173228401258036,8.5309045558336e-05,1e-07,0.000173228401258036,8.5309045558336e-05
ID_7IE517,0.00040758578892641196,0.000868810246512056,0.000656271285941792,0.00040758578892641196,0.000868810246512056,0.000656271285941792
ID_KV3UHT,0.007688366433643767,0.0055432056378727996,0.003195219711544892,0.007688366433643767,0.0055432056378727996,0.003195219711544892
ID_GY618Y,0.007688366433643767,0.00550104239061128,0.0028454225173743563,0.007688366433643767,0.00550104239061128,0.0028454225173743563
ID_7IHCZE,1e-07,0.00032270772424845996,0.000268902088773992,1e-07,0.00032270772424845996,0.000268902088773992
ID_L41OWZ,1e-07,0.000305629735435792,8.5309045558336e-05,1e-07,0.000305629735435792,8.5309045558336e-05
ID_B2UV3T,1e-07,0.00065059347073564,0.000970987836720844,1e-07,0.00065059347073564,0.000970987836720844
ID_T8EQ3F,1e-07,0.0006344010714875799,0.001225206704597272,1e-07,0.0006344010714875799,0.001225206704597272
ID_ZW0DVE,1e-07,0.000305629735435792,8.5309045558336e-05,1e-07,0.000305629735435792,8.5309045558336e-05
ID_SSS3KA,1e-07,0.000206498789318764,0.000268902088773992,1e-07,0.000206498789318764,0.000268902088773992
ID_D4HDFD,1e-07,0.000173228401258036,8.5309045558336e-05,1e-07,0.000173228401258036,8.5309045558336e-05
ID_T6ZYQU,1e-07,0.000305629735435792,0.000268902088773992,1e-07,0.000305629735435792,0.000268902088773992
ID_DWK7UW,1e-07,0.00011007826474440401,8.5309045558336e-05,1e-07,0.00011007826474440401,8.5309045558336e-05
ID_RUJKIR,0.000184139695337008,0.000617323082674828,0.000336760082492272,0.000184139695337008,0.000617323082674828,0.000336760082492272
ID_0SN05S,1e-07,0.000206498789318764,8.5309045558336e-05,1e-07,0.000206498789318764,8.5309045558336e-05
ID_A6J8PW,0.007688366433643767,0.0055432056378727996,0.003681555414367316,0.007688366433643767,0.0055432056378727996,0.003681555414367316
ID_GH8L5Y,0.0006434767478494719,0.00103016312612098,0.000645469758398008,0.0006434767478494719,0.00103016312612098,0.000645469758398008
ID_TRDBZE,1e-07,0.000173228401258036,8.5309045558336e-05,1e-07,0.000173228401258036,8.5309045558336e-05
ID_O3H4R1,1e-07,0.00032270772424845996,8.5309045558336e-05,1e-07,0.00032270772424845996,8.5309045558336e-05
ID_TGLP6W,1e-07,0.000173228401258036,0.000268902088773992,1e-07,0.000173228401258036,0.000268902088773992
ID_1SXWML,1e-07,0.00065059347073564,8.5309045558336e-05,1e-07,0.00065059347073564,8.5309045558336e-05
ID_91OUIW,0.007688366433643767,0.0055432056378727996,0.003195219711544892,0.007688366433643767,0.0055432056378727996,0.003195219711544892
ID_1N0WJJ,0.007688366433643767,0.00550104239061128,0.0028454225173743563,0.007688366433643767,0.00550104239061128,0.0028454225173743563
ID_UTMX3S,1e-07,0.000617323082674828,0.000656271285941792,1e-07,0.000617323082674828,0.000656271285941792
ID_SP2RUN,0.000686241473464384,0.00103016312612098,0.000645469758398008,0.000686241473464384,0.00103016312612098,0.000645469758398008
ID_ZU20XJ,1e-07,0.000206498789318764,0.00017316733224289601,1e-07,0.000206498789318764,0.00017316733224289601
ID_H6JGLH,0.00040758578892641196,0.000868810246512056,0.000268902088773992,0.00040758578892641196,0.000868810246512056,0.000268902088773992
ID_8IHXOY,1e-07,0.000305629735435792,8.5309045558336e-05,1e-07,0.000305629735435792,8.5309045558336e-05
ID_4VK4NE,1e-07,0.00011007826474440401,8.5309045558336e-05,1e-07,0.00011007826474440401,8.5309045558336e-05
ID_I71IWR,1e-07,0.000206498789318764,8.5309045558336e-05,1e-07,0.000206498789318764,8.5309045558336e-05
ID_C368SW,0.007688366433643767,0.0055432056378727996,0.003195219711544892,0.007688366433643767,0.0055432056378727996,0.003195219711544892
ID_VT6L20,1e-07,0.000173228401258036,8.5309045558336e-05,1e-07,0.000173228401258036,8.5309045558336e-05
ID_6XBTY9,1e-07,0.0006344010714875799,0.000268902088773992,1e-07,0.0006344010714875799,0.000268902088773992
ID_UIEG1P,1e-07,0.000617323082674828,0.000394018721463988,1e-07,0.000617323082674828,0.000394018721463988
ID_9HR4BX,1e-07,0.0006344010714875799,8.5309045558336e-05,1e-07,0.0006344010714875799,8.5309045558336e-05
ID_OPWJP4,1e-07,0.000305629735435792,8.5309045558336e-05,1e-07,0.000305629735435792,8.5309045558336e-05
ID_1KUZ5C,0.00637260090560966,0.0042895753163800085,0.010208354930542124,0.00637260090560966,0.0042895753163800085,0.010208354930542124
ID_KBW7CU,0.00427586737625098,0.005742090853312692,0.00387553647519948,0.00427586737625098,0.005742090853312692,0.00387553647519948
ID_2ILIQY,1e-07,0.00033890012349652003,0.00017316733224289601,1e-07,0.00033890012349652003,0.00017316733224289601
ID_KFS68B,1e-07,0.000305629735435792,8.5309045558336e-05,1e-07,0.000305629735435792,8.5309045558336e-05
ID_8P12DQ,0.006997148300966635,0.005501923044647108,0.003195219711544892,0.006997148300966635,0.005501923044647108,0.003195219711544892
ID_J3426Q,1e-07,0.00033890012349652003,0.00017316733224289601,1e-07,0.00033890012349652003,0.00017316733224289601
ID_2TM2XS,0.000969683192312108,0.0012816502899582081,0.0011786268675779599,0.000969683192312108,0.0012816502899582081,0.0011786268675779599
ID_8CHBZO,0.007688366433643767,0.0055432056378727996,0.003195219711544892,0.007688366433643767,0.0055432056378727996,0.003195219711544892
ID_F6CFLR,0.00344897410828072,0.002918136429077896,0.001563705421190176,0.00344897410828072,0.002918136429077896,0.001563705421190176
ID_WEUPHB,1e-07,0.000206498789318764,0.00017316733224289601,1e-07,0.000206498789318764,0.00017316733224289601
ID_T9CUR2,1e-07,0.00065059347073564,0.000970987836720844,1e-07,0.00065059347073564,0.000970987836720844
ID_6NT1J7,0.00040758578892641196,0.000617323082674828,0.000268902088773992,0.00040758578892641196,0.000617323082674828,0.000268902088773992
ID_5XJZ15,1e-07,0.000206498789318764,0.00017316733224289601,1e-07,0.000206498789318764,0.00017316733224289601
ID_4C75NZ,1e-07,0.00033890012349652003,0.00017316733224289601,1e-07,0.00033890012349652003,0.00017316733224289601
ID_4I22LB,1e-07,0.001015537382167264,0.000394018721463988,1e-07,0.001015537382167264,0.000394018721463988
ID_71ANPU,1e-07,0.000617323082674828,8.5309045558336e-05,1e-07,0.000617323082674828,8.5309045558336e-05
ID_TLRRWX,1e-07,0.00033890012349652003,0.00017316733224289601,1e-07,0.00033890012349652003,0.00017316733224289601
ID_11MWYB,1e-07,0.00011007826474440401,8.5309045558336e-05,1e-07,0.00011007826474440401,8.5309045558336e-05
ID_ZJYYTF,0.000184139695337008,0.00033890012349652003,0.00017316733224289601,0.000184139695337008,0.00033890012349652003,0.00017316733224289601
ID_XS5IZB,1e-07,0.000617323082674828,0.001476657741531292,1e-07,0.000617323082674828,0.001476657741531292
ID_OAMCTD,1e-07,0.000206498789318764,8.5309045558336e-05,1e-07,0.000206498789318764,8.5309045558336e-05
ID_VZ2BA0,1e-07,0.000206498789318764,0.00017316733224289601,1e-07,0.000206498789318764,0.00017316733224289601
ID_OUFL3R,1e-07,0.000206498789318764,8.5309045558336e-05,1e-07,0.000206498789318764,8.5309045558336e-05
ID_C9JHEM,0.0006434767478494719,0.00103016312612098,0.000645469758398008,0.0006434767478494719,0.00103016312612098,0.000645469758398008
ID_ZULTCR,1e-07,0.001558552800628784,0.001843454269519544,1e-07,0.001558552800628784,0.001843454269519544
ID_0M1QAK,1e-07,0.00033890012349652003,0.00017316733224289601,1e-07,0.00033890012349652003,0.00017316733224289601
ID_22EOFV,1e-07,0.000305629735435792,8.5309045558336e-05,1e-07,0.000305629735435792,8.5309045558336e-05
ID_CC1868,0.008084783397322395,0.006094131169597404,0.00387553647519948,0.008084783397322395,0.006094131169597404,0.00387553647519948
ID_RRHEAY,1e-07,0.001558552800628784,0.001843454269519544,1e-07,0.001558552800628784,0.001843454269519544
ID_312RLJ,1e-07,0.001804574679565736,0.002229564841996092,1e-07,0.001804574679565736,0.002229564841996092
ID_FW5MN2,0.004575422373847676,0.0038865058952750955,0.0037140352789655595,0.004575422373847676,0.0038865058952750955,0.0037140352789655595
ID_UJT70Q,1e-07,0.00033890012349652003,0.0004818770081486319,1e-07,0.00033890012349652003,0.0004818770081486319
ID_T6DWM5,0.000184139695337008,0.00032270772424845996,8.5309045558336e-05,0.000184139695337008,0.00032270772424845996,8.5309045558336e-05
ID_P35RKU,1e-07,0.00033890012349652003,0.0004818770081486319,1e-07,0.00033890012349652003,0.0004818770081486319
ID_0LNF2H,1e-07,0.000206498789318764,0.00017316733224289601,1e-07,0.000206498789318764,0.00017316733224289601
ID_FE89WN,1e-07,0.00033890012349652003,0.00017316733224289601,1e-07,0.00033890012349652003,0.00017316733224289601
ID_FNIMWZ,1e-07,0.00033890012349652003,0.0004818770081486319,1e-07,0.00033890012349652003,0.0004818770081486319
ID_MRNN7B,1e-07,0.000206498789318764,0.00017316733224289601,1e-07,0.000206498789318764,0.00017316733224289601
ID_J8YA05,1e-07,0.000692756717997076,0.00017316733224289601,1e-07,0.000692756717997076,0.00017316733224289601
ID_6NXJX5,1e-07,0.000692756717997076,0.00017316733224289601,1e-07,0.000692756717997076,0.00017316733224289601
ID_BJV0W6,0.008559971228851047,0.008134333950764088,0.005330973794141456,0.008559971228851047,0.008134333950764088,0.005330973794141456
ID_8L1YW7,0.000184139695337008,0.001516389553367264,0.0017555959828349,0.000184139695337008,0.001516389553367264,0.0017555959828349
ID_XJPLJC,1e-07,0.00033890012349652003,0.0004818770081486319,1e-07,0.00033890012349652003,0.0004818770081486319
ID_R652CL,1e-07,0.001804574679565736,0.001843454269519544,1e-07,0.001804574679565736,0.001843454269519544
ID_E69JOD,1e-07,0.00019030639007070399,8.5309045558336e-05,1e-07,0.00019030639007070399,8.5309045558336e-05
ID_CZS6OU,0.000561724591658956,0.000617323082674828,8.5309045558336e-05,0.000561724591658956,0.000617323082674828,8.5309045558336e-05
ID_GRQZ05,1e-07,0.001804574679565736,0.002229564841996092,1e-07,0.001804574679565736,0.002229564841996092
ID_Y0BSPY,1e-07,0.000173228401258036,0.000268902088773992,1e-07,0.000173228401258036,0.000268902088773992
ID_K2JIN9,1e-07,0.00019030639007070399,8.5309045558336e-05,1e-07,0.00019030639007070399,8.5309045558336e-05
ID_FUI65H,0.002677613537698772,0.002871425371972796,0.002721021807104124,0.002677613537698772,0.002871425371972796,0.002721021807104124
ID_95L18T,1e-07,0.000173228401258036,8.5309045558336e-05,1e-07,0.000173228401258036,8.5309045558336e-05
ID_LP5DMO,0.01553123411109163,0.019808868947950045,0.019687852514820903,0.01553123411109163,0.019808868947950045,0.019687852514820903
ID_DMJWXV,1e-07,0.000173228401258036,8.5309045558336e-05,1e-07,0.000173228401258036,8.5309045558336e-05
ID_DQP3PY,0.000184139695337008,0.00019030639007070399,8.5309045558336e-05,0.000184139695337008,0.00019030639007070399,8.5309045558336e-05
ID_PV90XU,1e-07,0.001530503656625788,0.0016515637078747358,1e-07,0.001530503656625788,0.0016515637078747358
ID_3105ME,1e-07,0.001558552800628784,0.001843454269519544,1e-07,0.001558552800628784,0.001843454269519544
ID_YQQHQ3,0.000184139695337008,0.00019030639007070399,8.5309045558336e-05,0.000184139695337008,0.00019030639007070399,8.5309045558336e-05
ID_V44WY3,1e-07,0.00019030639007070399,8.5309045558336e-05,1e-07,0.00019030639007070399,8.5309045558336e-05
ID_UCO85D,1e-07,0.000173228401258036,8.5309045558336e-05,1e-07,0.000173228401258036,8.5309045558336e-05
ID_1XHBUV,0.000265891851527608,0.0006344010714875799,0.000394018721463988,0.000265891851527608,0.0006344010714875799,0.000394018721463988
ID_6HMBCZ,1e-07,0.000206498789318764,0.00017316733224289601,1e-07,0.000206498789318764,0.00017316733224289601
ID_3AFMQB,1e-07,0.00033890012349652003,0.0004818770081486319,1e-07,0.00033890012349652003,0.0004818770081486319
ID_0HGHQZ,1e-07,0.000173228401258036,8.5309045558336e-05,1e-07,0.000173228401258036,8.5309045558336e-05
ID_86OGKU,0.000184139695337008,0.00166197320491402,0.0019138162723525399,0.000184139695337008,0.00166197320491402,0.0019138162723525399
ID_CIAW5T,1e-07,0.000670573646867416,8.5309045558336e-05,1e-07,0.000670573646867416,8.5309045558336e-05
ID_SPZWF2,1e-07,0.001558552800628784,0.001843454269519544,1e-07,0.001558552800628784,0.001843454269519544
ID_PHOPIB,1e-07,0.00033890012349652003,0.00017316733224289601,1e-07,0.00033890012349652003,0.00017316733224289601
ID_MNZEHD,0.000184139695337008,0.00033890012349652003,0.00017316733224289601,0.000184139695337008,0.00033890012349652003,0.00017316733224289601
ID_797ML8,0.000184139695337008,0.00033890012349652003,0.00017316733224289601,0.000184139695337008,0.00033890012349652003,0.00017316733224289601
ID_BYU5HD,1e-07,0.00019030639007070399,8.5309045558336e-05,1e-07,0.00019030639007070399,8.5309045558336e-05
ID_RXCEKJ,1e-07,0.001804574679565736,0.001843454269519544,1e-07,0.001804574679565736,0.001843454269519544
ID_ELSO35,1e-07,0.00033890012349652003,0.000380667392243464,1e-07,0.00033890012349652003,0.000380667392243464
ID_VINNFK,0.000184139695337008,0.00019030639007070399,8.5309045558336e-05,0.000184139695337008,0.00019030639007070399,8.5309045558336e-05
ID_N6DOKU,1e-07,0.00019030639007070399,8.5309045558336e-05,1e-07,0.00019030639007070399,8.5309045558336e-05
ID_0EFT4F,1e-07,0.001558552800628784,0.001843454269519544,1e-07,0.001558552800628784,0.001843454269519544
ID_XKQHVP,0.000184139695337008,0.00032270772424845996,8.5309045558336e-05,0.000184139695337008,0.00032270772424845996,8.5309045558336e-05
ID_SU4Q41,1e-07,0.00065059347073564,0.0004818770081486319,1e-07,0.00065059347073564,0.0004818770081486319
ID_D11XF1,1e-07,0.001804574679565736,0.001843454269519544,1e-07,0.001804574679565736,0.001843454269519544
ID_P86BG6,0.000184139695337008,0.00019030639007070399,8.5309045558336e-05,0.000184139695337008,0.00019030639007070399,8.5309045558336e-05
ID_PADGJY,1e-07,0.001558552800628784,0.001843454269519544,1e-07,0.001558552800628784,0.001843454269519544
ID_7PYROJ,0.000184139695337008,0.0006344010714875799,8.5309045558336e-05,0.000184139695337008,0.0006344010714875799,8.5309045558336e-05
ID_4ZP64K,1e-07,0.00033890012349652003,0.00017316733224289601,1e-07,0.00033890012349652003,0.00017316733224289601
ID_6UI50R,0.000184139695337008,0.00019030639007070399,8.5309045558336e-05,0.000184139695337008,0.00019030639007070399,8.5309045558336e-05
ID_0CQMTS,0.000184139695337008,0.00019030639007070399,8.5309045558336e-05,0.000184139695337008,0.00019030639007070399,8.5309045558336e-05
ID_GWHZQX,0.000184139695337008,0.00019030639007070399,8.5309045558336e-05,0.000184139695337008,0.00019030639007070399,8.5309045558336e-05
ID_75RX5W,1e-07,0.00065059347073564,0.0004818770081486319,1e-07,0.00065059347073564,0.0004818770081486319
ID_O9HFAP,1e-07,0.00032270772424845996,8.5309045558336e-05,1e-07,0.00032270772424845996,8.5309045558336e-05
ID_Y6EXY9,1e-07,0.00065059347073564,0.0004818770081486319,1e-07,0.00065059347073564,0.0004818770081486319
ID_G0KUFV,0.005514389951470756,0.0052133579597277956,0.003715374247062084,0.005514389951470756,0.0052133579597277956,0.003715374247062084
ID_4U98W5,1e-07,0.00033890012349652003,0.0004818770081486319,1e-07,0.00033890012349652003,0.0004818770081486319
ID_M6LH16,1e-07,0.00033890012349652003,0.00017316733224289601,1e-07,0.00033890012349652003,0.00017316733224289601
ID_IBYOA8,1e-07,0.00033890012349652003,0.0004818770081486319,1e-07,0.00033890012349652003,0.0004818770081486319
ID_JCS18T,1e-07,0.001558552800628784,0.001843454269519544,1e-07,0.001558552800628784,0.001843454269519544
ID_PDAYPC,1e-07,0.000206498789318764,0.00017316733224289601,1e-07,0.000206498789318764,0.00017316733224289601
ID_6MSHHO,1e-07,0.00033890012349652003,0.0004818770081486319,1e-07,0.00033890012349652003,0.0004818770081486319
ID_KXJDXJ,1e-07,0.00146849342135282,0.001738910306009012,1e-07,0.00146849342135282,0.001738910306009012
ID_X06P29,1e-07,0.00033890012349652003,0.0004818770081486319,1e-07,0.00033890012349652003,0.0004818770081486319
ID_SU0E3L,0.000184139695337008,0.00019030639007070399,8.5309045558336e-05,0.000184139695337008,0.00019030639007070399,8.5309045558336e-05
ID_86RCT1,1e-07,0.0005849128791336999,0.000380667392243464,1e-07,0.0005849128791336999,0.000380667392243464
ID_BHSPH0,0.000184139695337008,0.00019030639007070399,8.5309045558336e-05,0.000184139695337008,0.00019030639007070399,8.5309045558336e-05
ID_BSI555,1e-07,0.000173228401258036,8.5309045558336e-05,1e-07,0.000173228401258036,8.5309045558336e-05
ID_AJZY4W,1e-07,0.000868810246512056,0.000656271285941792,1e-07,0.000868810246512056,0.000656271285941792
ID_5JVBFT,1e-07,0.00019030639007070399,8.5309045558336e-05,1e-07,0.00019030639007070399,8.5309045558336e-05
ID_KOBTYW,0.004575422373847676,0.0038865058952750955,0.0037140352789655595,0.004575422373847676,0.0038865058952750955,0.0037140352789655595
ID_5O17MO,1e-07,0.001804574679565736,0.001843454269519544,1e-07,0.001804574679565736,0.001843454269519544
ID_K11Q5X,1e-07,0.000692756717997076,0.0004818770081486319,1e-07,0.000692756717997076,0.0004818770081486319
ID_G7GY5M,1e-07,0.000173228401258036,8.5309045558336e-05,1e-07,0.000173228401258036,8.5309045558336e-05
ID_WKHNNC,1e-07,0.000173228401258036,8.5309045558336e-05,1e-07,0.000173228401258036,8.5309045558336e-05
ID_VJ5MEA,1e-07,0.000173228401258036,8.5309045558336e-05,1e-07,0.000173228401258036,8.5309045558336e-05
ID_Y8KTAQ,1e-07,0.001293748687838752,0.001729793557618264,1e-07,0.001293748687838752,0.001729793557618264
ID_9AT8CS,1e-07,0.001293748687838752,0.002008731798921872,1e-07,0.001293748687838752,0.002008731798921872
ID_1UYUHI,1e-07,0.001293748687838752,0.002008731798921872,1e-07,0.001293748687838752,0.002008731798921872
ID_IW1QYO,1e-07,0.001145712757182632,0.001572549724817312,1e-07,0.001145712757182632,0.001572549724817312
ID_C4MM2J,0.000184139695337008,0.0019774779426187,0.002159202839163096,0.000184139695337008,0.0019774779426187,0.002159202839163096
ID_HFZ0HI,1e-07,0.001293748687838752,0.001729793557618264,1e-07,0.001293748687838752,0.001729793557618264
ID_ZV17K7,1e-07,0.00151065666861434,0.001826768592693656,1e-07,0.00151065666861434,0.001826768592693656
ID_4I93LT,1e-07,0.001293748687838752,0.001729793557618264,1e-07,0.001293748687838752,0.001729793557618264
ID_RIUVLU,1e-07,0.001145712757182632,0.000744129572626352,1e-07,0.001145712757182632,0.000744129572626352
ID_GMAXQ3,1e-07,0.001293748687838752,0.001729793557618264,1e-07,0.001293748687838752,0.001729793557618264
ID_30V9V7,1e-07,0.001293748687838752,0.001729793557618264,1e-07,0.001293748687838752,0.001729793557618264
ID_00D47V,1e-07,0.001293748687838752,0.000995580609560372,1e-07,0.001293748687838752,0.000995580609560372
ID_COCODS,1e-07,0.0008942255933454039,0.0004818770081486319,1e-07,0.0008942255933454039,0.0004818770081486319
ID_HR5HVM,1e-07,0.001293748687838752,0.002008731798921872,1e-07,0.001293748687838752,0.002008731798921872
ID_WGYIZG,1e-07,0.0012591695047771121,0.001572549724817312,1e-07,0.0012591695047771121,0.001572549724817312
ID_O5CFG3,1e-07,0.001293748687838752,0.001729793557618264,1e-07,0.001293748687838752,0.001729793557618264
ID_U0K12F,1e-07,0.00154523585167598,0.001826768592693656,1e-07,0.00154523585167598,0.001826768592693656
ID_VRYVS7,1e-07,0.0008942255933454039,0.0004818770081486319,1e-07,0.0008942255933454039,0.0004818770081486319
ID_G4MECV,1e-07,0.001103549509921112,0.000656271285941792,1e-07,0.001103549509921112,0.000656271285941792
ID_OXEA7H,1e-07,0.000659454828504236,0.000380667392243464,1e-07,0.000659454828504236,0.000380667392243464
ID_DH682H,1e-07,0.00134164481985328,0.002008731798921872,1e-07,0.00134164481985328,0.002008731798921872
ID_4ZJ6HT,1e-07,0.001293748687838752,0.001729793557618264,1e-07,0.001293748687838752,0.001729793557618264
ID_1619HA,1e-07,0.0008942255933454039,0.0004818770081486319,1e-07,0.0008942255933454039,0.0004818770081486319
ID_A66ERH,1e-07,0.001293748687838752,0.001729793557618264,1e-07,0.001293748687838752,0.001729793557618264
ID_SRS330,1e-07,0.0008942255933454039,0.0004818770081486319,1e-07,0.0008942255933454039,0.0004818770081486319
ID_3D2WF7,1e-07,0.001145712757182632,0.000744129572626352,1e-07,0.001145712757182632,0.000744129572626352
ID_X8YETU,1e-07,0.001293748687838752,0.002008731798921872,1e-07,0.001293748687838752,0.002008731798921872
ID_PQ0W7T,1e-07,0.001293748687838752,0.001729793557618264,1e-07,0.001293748687838752,0.001729793557618264
ID_SO28RE,1e-07,0.001293748687838752,0.001729793557618264,1e-07,0.001293748687838752,0.001729793557618264
ID_JFSXTY,1e-07,0.001293748687838752,0.001729793557618264,1e-07,0.001293748687838752,0.001729793557618264
ID_RPQFKB,1e-07,0.001293748687838752,0.001729793557618264,1e-07,0.001293748687838752,0.001729793557618264
ID_EV4Z1I,1e-07,0.001293748687838752,0.001729793557618264,1e-07,0.001293748687838752,0.001729793557618264
ID_B9T63O,1e-07,0.0008942255933454039,0.0004818770081486319,1e-07,0.0008942255933454039,0.0004818770081486319
ID_VLJU6A,1e-07,0.001293748687838752,0.001729793557618264,1e-07,0.001293748687838752,0.001729793557618264
ID_FKK9MW,1e-07,0.001293748687838752,0.002008731798921872,1e-07,0.001293748687838752,0.002008731798921872
ID_RVEFZ9,1e-07,0.00154523585167598,0.001572549724817312,1e-07,0.00154523585167598,0.001572549724817312
ID_VQ4UCJ,1e-07,0.001293748687838752,0.001729793557618264,1e-07,0.001293748687838752,0.001729793557618264
ID_2R7V3V,1e-07,0.001293748687838752,0.001729793557618264,1e-07,0.001293748687838752,0.001729793557618264
ID_K8P06C,1e-07,0.001293748687838752,0.001729793557618264,1e-07,0.001293748687838752,0.001729793557618264
ID_6T87EC,1e-07,0.0008942255933454039,0.0004818770081486319,1e-07,0.0008942255933454039,0.0004818770081486319
ID_45LBG7,1e-07,0.0012591695047771121,0.001572549724817312,1e-07,0.0012591695047771121,0.001572549724817312
ID_O1ZMUJ,1e-07,0.00151065666861434,0.001826768592693656,1e-07,0.00151065666861434,0.001826768592693656
ID_REIL7X,1e-07,0.001293748687838752,0.002008731798921872,1e-07,0.001293748687838752,0.002008731798921872
ID_TLNC9J,1e-07,0.001103549509921112,0.000656271285941792,1e-07,0.001103549509921112,0.000656271285941792
ID_F5NEVH,1e-07,0.0012591695047771121,0.001572549724817312,1e-07,0.0012591695047771121,0.001572549724817312
ID_7OQTQ4,1e-07,0.001293748687838752,0.002008731798921872,1e-07,0.001293748687838752,0.002008731798921872
ID_UPPGOC,1e-07,0.0012591695047771121,0.001572549724817312,1e-07,0.0012591695047771121,0.001572549724817312
ID_WRR93C,1e-07,0.001293748687838752,0.001729793557618264,1e-07,0.001293748687838752,0.001729793557618264
ID_UJ3S2W,1e-07,0.001293748687838752,0.002008731798921872,1e-07,0.001293748687838752,0.002008731798921872
ID_W3HZK9,1e-07,0.00134164481985328,0.002008731798921872,1e-07,0.00134164481985328,0.002008731798921872
ID_EYK26U,1e-07,0.00134164481985328,0.002008731798921872,1e-07,0.00134164481985328,0.002008731798921872
ID_4KT11I,1e-07,0.001293748687838752,0.001729793557618264,1e-07,0.001293748687838752,0.001729793557618264
ID_16FUTF,1e-07,0.0008942255933454039,0.0004818770081486319,1e-07,0.0008942255933454039,0.0004818770081486319
ID_KO4YXJ,1e-07,0.001293748687838752,0.001729793557618264,1e-07,0.001293748687838752,0.001729793557618264
ID_WWKLVE,1e-07,0.001349571388858064,0.000656271285941792,1e-07,0.001349571388858064,0.000656271285941792
ID_QY3MHP,1e-07,0.0012591695047771121,0.001572549724817312,1e-07,0.0012591695047771121,0.001572549724817312
ID_INQA11,0.000184139695337008,0.000617323082674828,8.5309045558336e-05,0.000184139695337008,0.000617323082674828,8.5309045558336e-05
ID_S2ISZ6,0.000184139695337008,0.000617323082674828,8.5309045558336e-05,0.000184139695337008,0.000617323082674828,8.5309045558336e-05
ID_A5YCBL,1e-07,0.00065059347073564,0.000394018721463988,1e-07,0.00065059347073564,0.000394018721463988
ID_LUMWXR,1e-07,0.000633515481922888,0.001476657741531292,1e-07,0.000633515481922888,0.001476657741531292
ID_EP24JU,0.00480251456001318,0.005157341429007584,0.00685372746175638,0.00480251456001318,0.005157341429007584,0.00685372746175638
ID_SL31EO,0.03420172716600549,0.05978216249275055,0.06030530437597407,0.03420172716600549,0.05978216249275055,0.06030530437597407
ID_I52U1R,0.0418344918349693,0.08408493672953878,0.11889959252584088,0.0418344918349693,0.08408493672953878,0.11889959252584088
ID_11K6P1,0.004906435630451064,0.008292683006827437,0.01092603910956288,0.004906435630451064,0.008292683006827437,0.01092603910956288
ID_9MROM2,0.0006434767478494719,0.001047241114933648,0.000394018721463988,0.0006434767478494719,0.001047241114933648,0.000394018721463988
ID_MXJE6Z,0.004906435630451064,0.008292683006827437,0.01092603910956288,0.004906435630451064,0.008292683006827437,0.01092603910956288
ID_HXOTEN,0.02005273573721207,0.0329978356650924,0.028691614991930205,0.02005273573721207,0.0329978356650924,0.028691614991930205
ID_3GRDZX,0.000184139695337008,0.001324979551139536,0.001581201705041824,0.000184139695337008,0.001324979551139536,0.001581201705041824
ID_QUV2SL,0.004546183778039187,0.0073628965228038955,0.009873530172731413,0.004546183778039187,0.0073628965228038955,0.009873530172731413
ID_XVD7XJ,0.000184139695337008,0.000617323082674828,0.000268902088773992,0.000184139695337008,0.000617323082674828,0.000268902088773992
ID_D4H6PR,0.004906435630451064,0.008292683006827437,0.01092603910956288,0.004906435630451064,0.008292683006827437,0.01092603910956288
ID_P50S8V,0.0654751517276796,0.08063651756664836,0.12192632297484685,0.0654751517276796,0.08063651756664836,0.12192632297484685
ID_B1P8NI,0.3617664910165507,0.4346684781925835,0.5456925941325278,0.3617664910165507,0.4346684781925835,0.5456925941325278
ID_VHAKMG,0.2064220351528017,0.29881006556747813,0.5079384450875584,0.2064220351528017,0.29881006556747813,0.5079384450875584
ID_P1BZK5,0.0409521390257119,0.08497834339668028,0.19174692838517554,0.0409521390257119,0.08497834339668028,0.19174692838517554
ID_1VFWEO,0.025133751596734893,0.048137537078588394,0.06336964493537314,0.025133751596734893,0.048137537078588394,0.06336964493537314
ID_DS7LOZ,0.000184139695337008,0.0006344010714875799,0.000394018721463988,0.000184139695337008,0.0006344010714875799,0.000394018721463988
ID_3PM5TY,0.000184139695337008,0.001324979551139536,0.001581201705041824,0.000184139695337008,0.001324979551139536,0.001581201705041824
ID_ACVINX,0.02005273573721207,0.03640465141701273,0.043513009390977526,0.02005273573721207,0.03640465141701273,0.043513009390977526
ID_N9WXLE,0.02412222955856928,0.03609866898324836,0.04423783441940026,0.02412222955856928,0.03609866898324836,0.04423783441940026
ID_HOZEHI,0.03337003801003626,0.05713747419538952,0.0848686173264132,0.03337003801003626,0.05713747419538952,0.0848686173264132
ID_ACNM6Y,0.031181136444487556,0.05523784801107282,0.05364739803114756,0.031181136444487556,0.05523784801107282,0.05364739803114756
ID_4E94FT,1e-07,0.0006344010714875799,8.5309045558336e-05,1e-07,0.0006344010714875799,8.5309045558336e-05
ID_PCOVC8,0.029713541996683305,0.060418767307493654,0.10579409088164698,0.029713541996683305,0.060418767307493654,0.10579409088164698
ID_Q9IZA8,1e-07,0.00019030639007070399,8.5309045558336e-05,1e-07,0.00019030639007070399,8.5309045558336e-05
ID_PBDHXZ,0.02412222955856928,0.03609866898324836,0.04423783441940026,0.02412222955856928,0.03609866898324836,0.04423783441940026
ID_CY8HQK,0.03547741948630022,0.034407859114125486,0.04315273663743398,0.03547741948630022,0.034407859114125486,0.04315273663743398
ID_SPCMX9,0.000184139695337008,0.000617323082674828,8.5309045558336e-05,0.000184139695337008,0.000617323082674828,8.5309045558336e-05
ID_T242K8,0.000184139695337008,0.000617323082674828,0.001225206704597272,0.000184139695337008,0.000617323082674828,0.001225206704597272
ID_3B5N8K,0.02412222955856928,0.03609866898324836,0.04423783441940026,0.02412222955856928,0.03609866898324836,0.04423783441940026
ID_5GKAF9,0.000184139695337008,0.000617323082674828,0.000268902088773992,0.000184139695337008,0.000617323082674828,0.000268902088773992
ID_KTCVZC,1e-07,0.00019030639007070399,8.5309045558336e-05,1e-07,0.00019030639007070399,8.5309045558336e-05
ID_T2WXE1,0.000265891851527608,0.0006344010714875799,0.000394018721463988,0.000265891851527608,0.0006344010714875799,0.000394018721463988
ID_6QKMNI,0.02005273573721207,0.03640465141701273,0.043513009390977526,0.02005273573721207,0.03640465141701273,0.043513009390977526
ID_3FZUIO,0.05800061943296092,0.08718760848036877,0.13060650540959365,0.05800061943296092,0.08718760848036877,0.13060650540959365
ID_O00R2A,0.08761511827466201,0.16475622801175258,0.24832197270487852,0.08761511827466201,0.16475622801175258,0.24832197270487852
ID_XJTAL7,0.000926918466697196,0.0012816502899582081,0.001161941190752156,0.000926918466697196,0.0012816502899582081,0.001161941190752156
ID_NT0QPX,0.5263650874930896,0.7921588533371787,0.8180968961435459,0.5263650874930896,0.7921588533371787,0.8180968961435459
ID_UQ658O,0.02412222955856928,0.03609866898324836,0.04423783441940026,0.02412222955856928,0.03609866898324836,0.04423783441940026
ID_ZKA4ZO,0.03420172716600549,0.05978216249275055,0.06030530437597407,0.03420172716600549,0.05978216249275055,0.06030530437597407
ID_F7RSFR,0.0006434767478494719,0.000982266994106536,0.000268902088773992,0.0006434767478494719,0.000982266994106536,0.000268902088773992
ID_2R52MU,0.05800061943296092,0.08718760848036877,0.13060650540959365,0.05800061943296092,0.08718760848036877,0.13060650540959365
ID_134UJF,0.000511583429794724,0.00154386456814322,0.001738910306009012,0.000511583429794724,0.00154386456814322,0.001738910306009012
ID_UX404U,0.000511583429794724,0.001297842689206268,0.0017555959828349,0.000511583429794724,0.001297842689206268,0.0017555959828349
ID_MRF8HI,0.08833509703140335,0.16514045590729018,0.26229982114270595,0.08833509703140335,0.16514045590729018,0.26229982114270595
ID_FPUZW4,0.000265891851527608,0.000617323082674828,0.000656271285941792,0.000265891851527608,0.000617323082674828,0.000656271285941792
ID_J55FHB,0.00480251456001318,0.005157341429007584,0.00685372746175638,0.00480251456001318,0.005157341429007584,0.00685372746175638
ID_NUI7QC,0.031181136444487556,0.05523784801107282,0.05364739803114756,0.031181136444487556,0.05523784801107282,0.05364739803114756
ID_PAH8E7,0.000511583429794724,0.001297842689206268,0.0017555959828349,0.000511583429794724,0.001297842689206268,0.0017555959828349
ID_NPER5O,0.000184139695337008,0.000617323082674828,0.000268902088773992,0.000184139695337008,0.000617323082674828,0.000268902088773992
ID_SXC6H6,0.04724566555204008,0.06989329180785946,0.10120261211074513,0.04724566555204008,0.06989329180785946,0.10120261211074513
ID_9ECTWS,0.0418344918349693,0.07521571670315935,0.09087395211729134,0.0418344918349693,0.07521571670315935,0.09087395211729134
ID_BJ7D96,0.000265891851527608,0.000698489602750084,0.000970987836720844,0.000265891851527608,0.000698489602750084,0.000970987836720844
ID_YSS4R7,0.000184139695337008,0.000617323082674828,0.000268902088773992,0.000184139695337008,0.000617323082674828,0.000268902088773992
ID_HKTMZS,1e-07,0.000633515481922888,8.5309045558336e-05,1e-07,0.000633515481922888,8.5309045558336e-05
ID_BMNQKP,0.0017297240423344,0.0025584293637417642,0.003604640123958608,0.0017297240423344,0.0025584293637417642,0.003604640123958608
ID_6SD288,0.02005273573721207,0.03640465141701273,0.043513009390977526,0.02005273573721207,0.03640465141701273,0.043513009390977526
ID_VCUVSI,0.06772220382607813,0.07722584267046767,0.07930801002338045,0.06772220382607813,0.07722584267046767,0.07930801002338045
ID_1E6RRT,0.002094658793210788,0.00310171483555176,0.003715374247062084,0.002094658793210788,0.00310171483555176,0.003715374247062084
ID_QWHDJ6,0.32917095277568487,0.47637128967630565,0.6674532118354248,0.32917095277568487,0.47637128967630565,0.6674532118354248
ID_7A81Z0,0.004442262707601305,0.005616161167504608,0.007415112797630424,0.004442262707601305,0.005616161167504608,0.007415112797630424
ID_V1IGD1,0.000184139695337008,0.000305629735435792,8.5309045558336e-05,0.000184139695337008,0.000305629735435792,8.5309045558336e-05
ID_KGJM6D,0.000184139695337008,0.000633515481922888,0.001225206704597272,0.000184139695337008,0.000633515481922888,0.001225206704597272
ID_PB7GWB,0.000184139695337008,0.001324979551139536,0.001581201705041824,0.000184139695337008,0.001324979551139536,0.001581201705041824
ID_RU0BM2,0.000265891851527608,0.000698489602750084,0.000970987836720844,0.000265891851527608,0.000698489602750084,0.000970987836720844
ID_KQBP25,0.000265891851527608,0.0006344010714875799,0.000394018721463988,0.000265891851527608,0.0006344010714875799,0.000394018721463988
ID_S12YPO,0.025397707580916758,0.05557710289500915,0.0926127160252453,0.025397707580916758,0.05557710289500915,0.0926127160252453
ID_4STW9Z,0.05217547199949028,0.12398734673174115,0.22813035509150298,0.05217547199949028,0.12398734673174115,0.22813035509150298
ID_3HJ5U2,0.40320998043703116,0.6714979515312071,0.7419879888175692,0.40320998043703116,0.6714979515312071,0.7419879888175692
ID_IWBR0X,0.18598647391849657,0.40120748239737697,0.6560802937601845,0.18598647391849657,0.40120748239737697,0.6560802937601845
ID_F702MM,1e-07,0.000173228401258036,8.5309045558336e-05,1e-07,0.000173228401258036,8.5309045558336e-05
ID_P3UTGI,0.000184139695337008,0.00032270772424845996,8.5309045558336e-05,0.000184139695337008,0.00032270772424845996,8.5309045558336e-05
ID_Z5BDVD,0.03422071696745975,0.08906702272107105,0.09172281982810944,0.03422071696745975,0.08906702272107105,0.09172281982810944
ID_POLQ33,0.018725106077869907,0.025007790223926095,0.027895819196841795,0.018725106077869907,0.025007790223926095,0.027895819196841795
ID_00FGHV,0.054132485804172195,0.06354726252299098,0.07579622287065901,0.054132485804172195,0.06354726252299098,0.07579622287065901
ID_YDQNRI,0.03709802374224795,0.06623150749652759,0.15265125703623914,0.03709802374224795,0.06623150749652759,0.15265125703623914
ID_GD1YS3,0.0014734698307909359,0.00349917429920568,0.006697779678300912,0.0014734698307909359,0.00349917429920568,0.006697779678300912
ID_KQNHNN,0.038256508045036365,0.05385193984706535,0.11498454709097179,0.038256508045036365,0.05385193984706535,0.11498454709097179
ID_R4SVZT,0.001243078106184776,0.002661922228521364,0.0025951188791030638,0.001243078106184776,0.002661922228521364,0.0025951188791030638
ID_ANQ3L6,0.000865493209862828,0.001791954185419064,0.002279370309459512,0.000865493209862828,0.001791954185419064,0.002279370309459512
ID_GGDIMC,0.0007409763280574,0.00206735831399992,0.003715374247062084,0.0007409763280574,0.00206735831399992,0.003715374247062084
ID_DA5QKQ,0.000184139695337008,0.0006344010714875799,8.5309045558336e-05,0.000184139695337008,0.0006344010714875799,8.5309045558336e-05
ID_ENU5TU,0.000184139695337008,0.0006344010714875799,8.5309045558336e-05,0.000184139695337008,0.0006344010714875799,8.5309045558336e-05
ID_IJNDAU,1e-07,0.0006344010714875799,8.5309045558336e-05,1e-07,0.0006344010714875799,8.5309045558336e-05
ID_QNWUIA,0.000361942418379736,0.00030764357899627597,0.000970987836720844,0.000361942418379736,0.00030764357899627597,0.000970987836720844
ID_0WNG6D,0.00040758578892641196,0.006296735032697904,0.007345895873753491,0.00040758578892641196,0.006296735032697904,0.007345895873753491
ID_8EX44U,0.003268255510464008,0.041822050596188085,0.09199616127154665,0.003268255510464008,0.041822050596188085,0.09199616127154665
ID_92PU7R,0.0006434767478494719,0.015135363824428488,0.02463849429249409,0.0006434767478494719,0.015135363824428488,0.02463849429249409
ID_N2FZUH,1e-07,0.00032270772424845996,8.5309045558336e-05,1e-07,0.00032270772424845996,8.5309045558336e-05
ID_90OLRU,1e-07,0.00032270772424845996,8.5309045558336e-05,1e-07,0.00032270772424845996,8.5309045558336e-05
ID_XZY8MP,0.00040758578892641196,0.007741443535545108,0.013672908872878519,0.00040758578892641196,0.007741443535545108,0.013672908872878519
ID_HAAT76,1e-07,0.000633515481922888,0.000970987836720844,1e-07,0.000633515481922888,0.000970987836720844
ID_U088B7,0.00040758578892641196,0.00677776866358656,0.007268211492904256,0.00040758578892641196,0.00677776866358656,0.007268211492904256
ID_Q8URMK,0.001298989492014856,0.001032176969681464,0.001476657741531292,0.001298989492014856,0.001032176969681464,0.001476657741531292
ID_GS2DIL,0.1098695213742426,0.1202753556762968,0.1902239950554931,0.1098695213742426,0.1202753556762968,0.1902239950554931
ID_C5THPI,0.04319446548332135,0.04063587675624876,0.04233805364175312,0.04319446548332135,0.04063587675624876,0.04233805364175312
ID_JP5OOL,0.08105467348869162,0.1266782397759293,0.19288870065882863,0.08105467348869162,0.1266782397759293,0.19288870065882863
ID_PX9PLQ,0.028809543250388973,0.050908960513932434,0.061694109803268615,0.028809543250388973,0.050908960513932434,0.061694109803268615
ID_7330RT,0.00040758578892641196,0.006344806140751991,0.007268211492904256,0.00040758578892641196,0.006344806140751991,0.007268211492904256
ID_O33VRI,0.000361942418379736,0.00030764357899627597,0.000970987836720844,0.000361942418379736,0.00030764357899627597,0.000970987836720844
ID_YF2V6H,0.000739527314701684,0.0006193369262353119,0.001222438873654864,0.000739527314701684,0.0006193369262353119,0.001222438873654864
ID_Q7ZF74,0.0840510596732126,0.13170666128379327,0.2024276422920206,0.0840510596732126,0.13170666128379327,0.2024276422920206
ID_8J8ZIO,0.04355471733573321,0.0630415198603506,0.1071372041528022,0.04355471733573321,0.0630415198603506,0.1071372041528022
ID_60GJ5S,0.000184139695337008,0.0006344010714875799,0.000268902088773992,0.000184139695337008,0.0006344010714875799,0.000268902088773992
ID_2OUBT5,1e-07,0.007761575879943876,0.013383611363080077,1e-07,0.007761575879943876,0.013383611363080077
ID_12WOGA,0.000782292040316596,0.0006193369262353119,0.001222438873654864,0.000782292040316596,0.0006193369262353119,0.001222438873654864
ID_ZWFCLM,0.016599836019850142,0.04134423830536133,0.03498913743997167,0.016599836019850142,0.04134423830536133,0.03498913743997167
ID_VGMTRR,0.000184139695337008,0.0006344010714875799,8.5309045558336e-05,0.000184139695337008,0.0006344010714875799,8.5309045558336e-05
ID_5YECKD,0.000361942418379736,0.00030764357899627597,0.000970987836720844,0.000361942418379736,0.00030764357899627597,0.000970987836720844
ID_2149G2,0.00040758578892641196,0.006296735032697904,0.007511173403155819,0.00040758578892641196,0.006296735032697904,0.007511173403155819
ID_KIDIEK,0.000184139695337008,0.011905613799611622,0.014668001275138558,0.000184139695337008,0.011905613799611622,0.014668001275138558
ID_5KFOE3,0.000782292040316596,0.0006193369262353119,0.000970987836720844,0.000782292040316596,0.0006193369262353119,0.000970987836720844
ID_CJJFN7,1e-07,0.000633515481922888,0.000970987836720844,1e-07,0.000633515481922888,0.000970987836720844
ID_KMFM96,0.000361942418379736,0.00030764357899627597,0.000970987836720844,0.000361942418379736,0.00030764357899627597,0.000970987836720844
ID_XK9L0I,0.000184139695337008,0.0006344010714875799,8.5309045558336e-05,0.000184139695337008,0.0006344010714875799,8.5309045558336e-05
ID_06TUVJ,0.04319446548332135,0.0641491863792646,0.10802865604700536,0.04319446548332135,0.0641491863792646,0.10802865604700536
ID_XHG003,0.011645857399989551,0.010155058996722383,0.012267191777494664,0.011645857399989551,0.010155058996722383,0.012267191777494664
ID_NX5RVU,0.015625287392811563,0.025048406750742876,0.014252431907966163,0.015625287392811563,0.025048406750742876,0.014252431907966163
ID_9TQ75E,0.000361942418379736,0.00030764357899627597,0.000970987836720844,0.000361942418379736,0.00030764357899627597,0.000970987836720844
ID_N7FKWB,0.000184139695337008,0.0006344010714875799,8.5309045558336e-05,0.000184139695337008,0.0006344010714875799,8.5309045558336e-05
ID_6YYGIZ,0.12093864523944464,0.23082144088511092,0.2579208547942138,0.12093864523944464,0.23082144088511092,0.2579208547942138
ID_2FSC9D,0.013428711246805633,0.017767802709563824,0.028087426056445448,0.013428711246805633,0.017767802709563824,0.028087426056445448
ID_SJQSN7,0.000184139695337008,0.0006344010714875799,8.5309045558336e-05,0.000184139695337008,0.0006344010714875799,8.5309045558336e-05
ID_1D43WK,0.00040758578892641196,0.006344806140751991,0.007268211492904256,0.00040758578892641196,0.006344806140751991,0.007268211492904256
ID_UPPKDE,0.000184139695337008,0.0006344010714875799,8.5309045558336e-05,0.000184139695337008,0.0006344010714875799,8.5309045558336e-05
ID_WLOGY7,1e-07,0.01582956246866278,0.016348065293191043,1e-07,0.01582956246866278,0.016348065293191043
ID_6IE66T,0.001526270738829404,0.001867815961706312,0.002279370309459512,0.001526270738829404,0.001867815961706312,0.002279370309459512
ID_JLGA9S,0.000184139695337008,0.028221702114506416,0.029796653025533266,0.000184139695337008,0.028221702114506416,0.029796653025533266
ID_AWHF2K,0.014422813459949448,0.011280792066174088,0.019582055146850238,0.014422813459949448,0.011280792066174088,0.019582055146850238
ID_UHB821,0.016883028652494768,0.03671756076508358,0.029517232016012265,0.016883028652494768,0.03671756076508358,0.029517232016012265
ID_I1RLPK,0.000782292040316596,0.0006193369262353119,0.000970987836720844,0.000782292040316596,0.0006193369262353119,0.000970987836720844
ID_FZ714I,0.000361942418379736,0.00030764357899627597,0.000970987836720844,0.000361942418379736,0.00030764357899627597,0.000970987836720844
ID_BW2KFV,1e-07,0.000305629735435792,8.5309045558336e-05,1e-07,0.000305629735435792,8.5309045558336e-05
ID_WZ4ZLP,0.000173467264926268,0.006296735032697904,0.007511173403155819,0.000173467264926268,0.006296735032697904,0.007511173403155819
ID_A804C8,0.000361942418379736,0.00030764357899627597,0.000970987836720844,0.000361942418379736,0.00030764357899627597,0.000970987836720844
ID_O0SAC9,1e-07,0.001249946557191824,0.001826768592693656,1e-07,0.001249946557191824,0.001826768592693656
ID_2FZGUI,0.000361942418379736,0.00030764357899627597,0.000970987836720844,0.000361942418379736,0.00030764357899627597,0.000970987836720844
ID_048GQG,0.000361942418379736,0.00030764357899627597,0.000970987836720844,0.000361942418379736,0.00030764357899627597,0.000970987836720844
ID_J1UM6R,0.004410122094745508,0.00554346740125548,0.007323752418072236,0.004410122094745508,0.00554346740125548,0.007323752418072236
ID_T5VKMK,0.003492805348983676,0.001097320475629016,0.0021349873162724363,0.003492805348983676,0.001097320475629016,0.0021349873162724363
ID_0BYJ5N,1e-07,0.000868810246512056,0.000268902088773992,1e-07,0.000868810246512056,0.000268902088773992
ID_K8ESYM,1e-07,0.000173228401258036,8.5309045558336e-05,1e-07,0.000173228401258036,8.5309045558336e-05
ID_KNY5YG,0.0014254766212299038,0.0009554222351869041,0.0026406572210828,0.0014254766212299038,0.0009554222351869041,0.0026406572210828
ID_D2DLCV,1e-07,0.000617323082674828,0.000970987836720844,1e-07,0.000617323082674828,0.000970987836720844
ID_UYNICE,0.000184139695337008,0.000868810246512056,0.000268902088773992,0.000184139695337008,0.000868810246512056,0.000268902088773992
ID_G60X6Z,1e-07,0.000633515481922888,0.000394018721463988,1e-07,0.000633515481922888,0.000394018721463988
ID_HSPNIW,0.003780722357382288,0.001999117817088852,0.007157375953631224,0.003780722357382288,0.001999117817088852,0.007157375953631224
ID_5VE34C,1e-07,0.000305629735435792,8.5309045558336e-05,1e-07,0.000305629735435792,8.5309045558336e-05
ID_1UIH4F,0.07723389998927671,0.10517714316457046,0.12530693377843796,0.07723389998927671,0.10517714316457046,0.12530693377843796
ID_J6NXSU,1e-07,0.000633515481922888,0.000394018721463988,1e-07,0.000633515481922888,0.000394018721463988
ID_VBT4T1,0.00114945616276454,0.001097320475629016,0.0021349873162724363,0.00114945616276454,0.001097320475629016,0.0021349873162724363
ID_3A48N3,0.00283150694560214,0.0015940248067178,0.002727704900741684,0.00283150694560214,0.0015940248067178,0.002727704900741684
ID_8JDABW,0.006829423923029055,0.005791155040191384,0.009547759904141783,0.006829423923029055,0.005791155040191384,0.009547759904141783
ID_RXFZLF,0.00284942860113412,0.00040400644577007997,0.001249308525109844,0.00284942860113412,0.00040400644577007997,0.001249308525109844
ID_VFFFGX,0.014673865595402338,0.03208730581334462,0.02986738695064466,0.014673865595402338,0.03208730581334462,0.02986738695064466
ID_NFHSAZ,0.000406677391404184,0.0008230209010090641,0.001249308525109844,0.000406677391404184,0.0008230209010090641,0.001249308525109844
ID_7ZY0NG,1e-07,0.000305629735435792,8.5309045558336e-05,1e-07,0.000305629735435792,8.5309045558336e-05
ID_8QIBCL,1e-07,0.000617323082674828,0.000394018721463988,1e-07,0.000617323082674828,0.000394018721463988
ID_MNWT6P,0.00284942860113412,0.0008230209010090641,0.001249308525109844,0.00284942860113412,0.0008230209010090641,0.001249308525109844
ID_S8PJBH,0.0030334682964711277,0.001097320475629016,0.002657342897908688,0.0030334682964711277,0.001097320475629016,0.002657342897908688
ID_GSOEX8,1e-07,0.000305629735435792,0.000394018721463988,1e-07,0.000305629735435792,0.000394018721463988
ID_65S4A3,0.003492805348983676,0.000845833311791788,0.00155801820101558,0.003492805348983676,0.000845833311791788,0.00155801820101558
ID_01C6IY,1e-07,0.00019030639007070399,8.5309045558336e-05,1e-07,0.00019030639007070399,8.5309045558336e-05
ID_4QEIOH,1e-07,0.000305629735435792,8.5309045558336e-05,1e-07,0.000305629735435792,8.5309045558336e-05
ID_KQAT5X,0.00284942860113412,0.00040400644577007997,0.001249308525109844,0.00284942860113412,0.00040400644577007997,0.001249308525109844
ID_FHFMAM,0.000184139695337008,0.00123203978603962,0.001476657741531292,0.000184139695337008,0.00123203978603962,0.001476657741531292
ID_16IYHJ,0.004758657934478608,0.003909993243635536,0.0063715489233587,0.004758657934478608,0.003909993243635536,0.0063715489233587
ID_S2R9OO,0.0008660144439167321,0.0009554222351869041,0.001249308525109844,0.0008660144439167321,0.0009554222351869041,0.001249308525109844
ID_1YPD87,1e-07,0.000173228401258036,8.5309045558336e-05,1e-07,0.000173228401258036,8.5309045558336e-05
ID_IZPAAG,1e-07,0.000633515481922888,0.000394018721463988,1e-07,0.000633515481922888,0.000394018721463988
ID_LU1WVW,0.0031152204526617277,0.000964919141451176,0.001249308525109844,0.0031152204526617277,0.000964919141451176,0.001249308525109844
ID_JYWA52,0.0077866548441334876,0.014731889188942807,0.017243278291265422,0.0077866548441334876,0.014731889188942807,0.017243278291265422
ID_DAAUON,1e-07,0.000305629735435792,8.5309045558336e-05,1e-07,0.000305629735435792,8.5309045558336e-05
ID_63MA7T,1e-07,0.000868810246512056,0.001233240401198648,1e-07,0.000868810246512056,0.001233240401198648
ID_WPMWMW,0.012252457792920751,0.00447401861324402,0.004876902835967756,0.012252457792920751,0.00447401861324402,0.004876902835967756
ID_XWS3E2,0.000511583429794724,0.0021492936733056842,0.002054658875652648,0.000511583429794724,0.0021492936733056842,0.002054658875652648
ID_RQW2NY,1e-07,0.000633515481922888,0.000394018721463988,1e-07,0.000633515481922888,0.000394018721463988
ID_CF06U6,0.000784262287726132,0.001097320475629016,0.0021349873162724363,0.000784262287726132,0.001097320475629016,0.0021349873162724363
ID_K9GCJZ,0.007766425049906219,0.008584919530821881,0.015955133782388234,0.007766425049906219,0.008584919530821881,0.015955133782388234
ID_UDX6J6,1e-07,0.000305629735435792,0.000394018721463988,1e-07,0.000305629735435792,0.000394018721463988
ID_YEK3N6,0.000406677391404184,0.00040400644577007997,0.001249308525109844,0.000406677391404184,0.00040400644577007997,0.001249308525109844
ID_RZMYEA,1e-07,0.000617323082674828,0.000970987836720844,1e-07,0.000617323082674828,0.000970987836720844
ID_KGBQSU,0.007566127456936535,0.005964476163814748,0.012761763233169004,0.007566127456936535,0.005964476163814748,0.012761763233169004
ID_ANMF9T,1e-07,0.000305629735435792,8.5309045558336e-05,1e-07,0.000305629735435792,8.5309045558336e-05
ID_12IR7V,1e-07,0.000173228401258036,0.000394018721463988,1e-07,0.000173228401258036,0.000394018721463988
ID_7L6OKC,0.0008660144439167321,0.0009554222351869041,0.001249308525109844,0.0008660144439167321,0.0009554222351869041,0.001249308525109844
ID_L18EB0,0.0075227921204386525,0.008045219371890684,0.01799323181951343,0.0075227921204386525,0.008045219371890684,0.01799323181951343
ID_KS8ESR,1e-07,0.000542589324253724,0.000268902088773992,1e-07,0.000542589324253724,0.000268902088773992
ID_MGLJCN,1e-07,0.000617323082674828,0.001476657741531292,1e-07,0.000617323082674828,0.001476657741531292
ID_K6VD1U,0.0008660144439167321,0.0009554222351869041,0.001249308525109844,0.0008660144439167321,0.0009554222351869041,0.001249308525109844
ID_NBOI6E,1e-07,0.000617323082674828,0.000970987836720844,1e-07,0.000617323082674828,0.000970987836720844
ID_295N8V,0.0030334682964711277,0.000964919141451176,0.00155801820101558,0.0030334682964711277,0.000964919141451176,0.00155801820101558
ID_8GVR4A,0.000222637696067176,0.0008230209010090641,0.001249308525109844,0.000222637696067176,0.0008230209010090641,0.001249308525109844
ID_92ZY5Y,0.000184139695337008,0.00123203978603962,0.001476657741531292,0.000184139695337008,0.00123203978603962,0.001476657741531292
ID_UOTTW5,0.000406677391404184,0.0008230209010090641,0.001249308525109844,0.000406677391404184,0.0008230209010090641,0.001249308525109844
ID_NUS824,0.0018568470940772,0.0017561823980121198,0.002657342897908688,0.0018568470940772,0.0017561823980121198,0.002657342897908688
ID_6M47S2,0.004009502800681936,0.0015133350951772638,0.0026406572210828,0.004009502800681936,0.0015133350951772638,0.0026406572210828
ID_QU3QNZ,1e-07,0.000542589324253724,0.000268902088773992,1e-07,0.000542589324253724,0.000268902088773992
ID_V0BREC,1e-07,0.000542589324253724,0.000268902088773992,1e-07,0.000542589324253724,0.000268902088773992
ID_A6QKLH,0.000173467264926268,0.0006930687259336039,0.000268902088773992,0.000173467264926268,0.0006930687259336039,0.000268902088773992
ID_210G9G,0.014798021409274947,0.003659543388531616,0.0034849168679703404,0.014798021409274947,0.003659543388531616,0.0034849168679703404
ID_9RATZ5,1e-07,0.000305629735435792,0.000268902088773992,1e-07,0.000305629735435792,0.000268902088773992
ID_B0QCIA,1e-07,0.000305629735435792,8.5309045558336e-05,1e-07,0.000305629735435792,8.5309045558336e-05
ID_EPSM9H,1e-07,0.00011007826474440401,8.5309045558336e-05,1e-07,0.00011007826474440401,8.5309045558336e-05
ID_36E2M8,0.000406677391404184,0.00040400644577007997,0.001249308525109844,0.000406677391404184,0.00040400644577007997,0.001249308525109844
ID_XJB20Q,0.0016661536144627158,0.0009554222351869041,0.0026406572210828,0.0016661536144627158,0.0009554222351869041,0.0026406572210828
ID_V6J8WF,1e-07,0.000868810246512056,0.000656271285941792,1e-07,0.000868810246512056,0.000656271285941792
ID_B8PE1F,0.00283150694560214,0.0017561823980121198,0.002657342897908688,0.00283150694560214,0.0017561823980121198,0.002657342897908688
ID_D3HW6G,1e-07,0.000617323082674828,0.000970987836720844,1e-07,0.000617323082674828,0.000970987836720844
ID_8L8UWY,1e-07,0.000305629735435792,8.5309045558336e-05,1e-07,0.000305629735435792,8.5309045558336e-05
ID_C4XYDR,0.00284942860113412,0.0010945682882938,0.0021349873162724363,0.00284942860113412,0.0010945682882938,0.0021349873162724363
ID_9ZHQSC,0.0014254766212299038,0.001097320475629016,0.0023864383532064557,0.0014254766212299038,0.001097320475629016,0.0023864383532064557
ID_VV6B0Z,0.008669893990286856,0.005304261879373148,0.008362667445385484,0.008669893990286856,0.005304261879373148,0.008362667445385484
ID_LJ3UDV,0.02117126447323466,0.041630893393042386,0.0533571559493763,0.02117126447323466,0.041630893393042386,0.0533571559493763
ID_SMRPHF,0.014759296037831177,0.014472391168773864,0.03220357720360278,0.014759296037831177,0.014472391168773864,0.03220357720360278
ID_8P2W83,0.010667966857577172,0.013398437737786333,0.019354109609122445,0.010667966857577172,0.013398437737786333,0.019354109609122445
ID_9AOX8N,0.014628687280506404,0.016549260886236948,0.03286789661424456,0.014628687280506404,0.016549260886236948,0.03286789661424456
ID_0V4XZ0,0.004876422220218736,0.006460257974770528,0.01696219982750294,0.004876422220218736,0.006460257974770528,0.01696219982750294
ID_71YN0L,0.031234825002924682,0.07901461174879797,0.06911390265808973,0.031234825002924682,0.07901461174879797,0.06911390265808973
ID_BSCWO5,0.011818260256610579,0.013976577233863812,0.0155102141201612,0.011818260256610579,0.013976577233863812,0.0155102141201612
ID_1CJ5FO,0.02367149008686794,0.025826414197095936,0.03631817556261967,0.02367149008686794,0.025826414197095936,0.03631817556261967
ID_L620RV,0.005847166582383348,0.006555234046251516,0.006480148794696128,0.005847166582383348,0.006555234046251516,0.006480148794696128
ID_XQT8TW,0.003478900195479348,0.004118916383954604,0.0054395137071383,0.003478900195479348,0.004118916383954604,0.0054395137071383
ID_N5ZN4G,0.005847166582383348,0.006555234046251516,0.006480148794696128,0.005847166582383348,0.006555234046251516,0.006480148794696128
ID_V12YNL,0.011818260256610579,0.013976577233863812,0.0155102141201612,0.011818260256610579,0.013976577233863812,0.0155102141201612
ID_A3DNUK,0.011818260256610579,0.013976577233863812,0.0155102141201612,0.011818260256610579,0.013976577233863812,0.0155102141201612
ID_5B3NF6,0.011818260256610579,0.013976577233863812,0.0155102141201612,0.011818260256610579,0.013976577233863812,0.0155102141201612
ID_41NZ9C,0.011818260256610579,0.013976577233863812,0.0155102141201612,0.011818260256610579,0.013976577233863812,0.0155102141201612
ID_JDHBFC,0.011818260256610579,0.013976577233863812,0.0155102141201612,0.011818260256610579,0.013976577233863812,0.0155102141201612
ID_IY9L9I,0.02861080144196273,0.05778536079064414,0.09229037134967388,0.02861080144196273,0.05778536079064414,0.09229037134967388
ID_U2SJ08,0.13105439125395768,0.24430206208011457,0.35009101687416677,0.13105439125395768,0.24430206208011457,0.35009101687416677
ID_ESM8N8,0.023879086161277152,0.046853776338090264,0.05326052492065002,0.023879086161277152,0.046853776338090264,0.05326052492065002
ID_Y8LOYK,0.015411341593219647,0.01921483750265837,0.02029697769618886,0.015411341593219647,0.01921483750265837,0.02029697769618886
ID_B7XTJ9,0.005847166582383348,0.006690933998639875,0.009088144201124491,0.005847166582383348,0.006690933998639875,0.009088144201124491
ID_KE6EOH,0.010869044844830431,0.0065478126121346,0.011649613865653507,0.010869044844830431,0.0065478126121346,0.011649613865653507
ID_ZOEHP1,0.005847166582383348,0.006690933998639875,0.009088144201124491,0.005847166582383348,0.006690933998639875,0.009088144201124491
ID_OF19CG,0.011818260256610579,0.013976577233863812,0.0155102141201612,0.011818260256610579,0.013976577233863812,0.0155102141201612
ID_YUT4M4,0.011818260256610579,0.013976577233863812,0.0155102141201612,0.011818260256610579,0.013976577233863812,0.0155102141201612
ID_CWUZQ1,0.02435355988390412,0.025826414197095936,0.03734464521936157,0.02435355988390412,0.025826414197095936,0.03734464521936157
ID_6FWUC1,0.02319701636424097,0.031268785342727264,0.03907065894229499,0.02319701636424097,0.031268785342727264,0.03907065894229499
ID_4AWIOL,0.003478900195479348,0.004118916383954604,0.0054395137071383,0.003478900195479348,0.004118916383954604,0.0054395137071383
ID_MSJYWZ,0.000840129265364936,0.0020519035477207276,0.002745201184593332,0.000840129265364936,0.0020519035477207276,0.002745201184593332
ID_N9NW32,0.011818260256610579,0.013976577233863812,0.0155102141201612,0.011818260256610579,0.013976577233863812,0.0155102141201612
ID_STP6PQ,0.03117648793734699,0.063642926769506,0.15906203509203204,0.03117648793734699,0.063642926769506,0.15906203509203204
ID_2Q1AXB,0.011818260256610579,0.013976577233863812,0.0155102141201612,0.011818260256610579,0.013976577233863812,0.0155102141201612
ID_X8CXRN,0.011818260256610579,0.013976577233863812,0.0155102141201612,0.011818260256610579,0.013976577233863812,0.0155102141201612
ID_ZEJHY1,0.011818260256610579,0.013976577233863812,0.0155102141201612,0.011818260256610579,0.013976577233863812,0.0155102141201612
ID_JT0RBZ,0.003478900195479348,0.004118916383954604,0.0054395137071383,0.003478900195479348,0.004118916383954604,0.0054395137071383
ID_GXNTBL,0.00525052722777592,0.005055351262793641,0.00688278907247276,0.00525052722777592,0.005055351262793641,0.00688278907247276
ID_I4N3U4,0.005847166582383348,0.006555234046251516,0.006480148794696128,0.005847166582383348,0.006555234046251516,0.006480148794696128
ID_CFDN0Q,0.0009596363873369679,0.002025208451719948,0.002079093801754868,0.0009596363873369679,0.002025208451719948,0.002079093801754868
ID_6SL7FX,0.0005392867654001919,0.00153729244547974,0.001746479234444068,0.0005392867654001919,0.00153729244547974,0.001746479234444068
ID_D4UOPR,1e-07,0.000173228401258036,8.5309045558336e-05,1e-07,0.000173228401258036,8.5309045558336e-05
ID_V2FWTM,1e-07,0.00019030639007070399,8.5309045558336e-05,1e-07,0.00019030639007070399,8.5309045558336e-05
ID_XR61KW,0.005315561654405344,0.006107423359216477,0.0059613807530623075,0.005315561654405344,0.006107423359216477,0.0059613807530623075
ID_0LJATN,0.0005392867654001919,0.00153729244547974,0.001746479234444068,0.0005392867654001919,0.00153729244547974,0.001746479234444068
ID_81ZCO6,1e-07,0.00032270772424845996,8.5309045558336e-05,1e-07,0.00032270772424845996,8.5309045558336e-05
ID_T74SPZ,0.0005392867654001919,0.00153729244547974,0.001746479234444068,0.0005392867654001919,0.00153729244547974,0.001746479234444068
ID_2Q0H2I,1e-07,0.000982266994106536,8.5309045558336e-05,1e-07,0.000982266994106536,8.5309045558336e-05
ID_XZC1XA,1e-07,0.000633515481922888,0.000394018721463988,1e-07,0.000633515481922888,0.000394018721463988
ID_9EVQEO,0.006163865943319048,0.006203193729966888,0.007861181400370556,0.006163865943319048,0.006203193729966888,0.007861181400370556
ID_TBMDR7,0.0005392867654001919,0.00153729244547974,0.001746479234444068,0.0005392867654001919,0.00153729244547974,0.001746479234444068
ID_PX3V1E,1e-07,0.000305629735435792,8.5309045558336e-05,1e-07,0.000305629735435792,8.5309045558336e-05
ID_GFNMAQ,1e-07,0.00019030639007070399,8.5309045558336e-05,1e-07,0.00019030639007070399,8.5309045558336e-05
ID_4IKKFX,1e-07,0.000206498789318764,0.000268902088773992,1e-07,0.000206498789318764,0.000268902088773992
ID_PXX6LX,0.0005392867654001919,0.00153729244547974,0.001746479234444068,0.0005392867654001919,0.00153729244547974,0.001746479234444068
ID_9Y7QYI,0.0005392867654001919,0.00153729244547974,0.001746479234444068,0.0005392867654001919,0.00153729244547974,0.001746479234444068
ID_NCMGQO,1e-07,0.000206498789318764,8.5309045558336e-05,1e-07,0.000206498789318764,8.5309045558336e-05
ID_L1RS7T,0.000582051491015104,0.0016687619937679717,0.001581201705041824,0.000582051491015104,0.0016687619937679717,0.001581201705041824
ID_UBNAI1,0.0005392867654001919,0.00153729244547974,0.001746479234444068,0.0005392867654001919,0.00153729244547974,0.001746479234444068
ID_ZLFFSD,1e-07,0.000395885476748476,0.000268902088773992,1e-07,0.000395885476748476,0.000268902088773992
ID_89E64C,0.000822728484248,0.0017887796093169679,0.002324480368565424,0.000822728484248,0.0017887796093169679,0.002324480368565424
ID_ZGKPYC,0.006163865943319048,0.006203193729966888,0.007861181400370556,0.006163865943319048,0.006203193729966888,0.007861181400370556
ID_TQ2SKG,1e-07,0.00019030639007070399,0.000268902088773992,1e-07,0.00019030639007070399,0.000268902088773992
ID_SYXTO4,1e-07,0.000542589324253724,0.000268902088773992,1e-07,0.000542589324253724,0.000268902088773992
ID_4OJFGR,1e-07,0.000206498789318764,8.5309045558336e-05,1e-07,0.000206498789318764,8.5309045558336e-05
ID_RSKO1F,0.000822728484248,0.0017887796093169679,0.002008731798921872,0.000822728484248,0.0017887796093169679,0.002008731798921872
ID_H8UYPI,1e-07,0.000617323082674828,0.000268902088773992,1e-07,0.000617323082674828,0.000268902088773992
ID_8GEYYG,0.009424840603852257,0.0115937613512057,0.022956520085309136,0.009424840603852257,0.0115937613512057,0.022956520085309136
ID_P2D00R,0.0005392867654001919,0.001613154221766988,0.001746479234444068,0.0005392867654001919,0.001613154221766988,0.001746479234444068
ID_90GUIW,1e-07,0.000173228401258036,8.5309045558336e-05,1e-07,0.000173228401258036,8.5309045558336e-05
ID_T3J7SY,1e-07,0.000206498789318764,8.5309045558336e-05,1e-07,0.000206498789318764,8.5309045558336e-05
ID_2V5UEE,1e-07,0.000982266994106536,8.5309045558336e-05,1e-07,0.000982266994106536,8.5309045558336e-05
ID_E9CUC6,1e-07,0.00019030639007070399,8.5309045558336e-05,1e-07,0.00019030639007070399,8.5309045558336e-05
ID_5R7WSC,1e-07,0.000173228401258036,8.5309045558336e-05,1e-07,0.000173228401258036,8.5309045558336e-05
ID_OF67ZH,0.000457534609209592,0.00153729244547974,0.001746479234444068,0.000457534609209592,0.00153729244547974,0.001746479234444068
ID_0ZINW1,1e-07,0.000305629735435792,8.5309045558336e-05,1e-07,0.000305629735435792,8.5309045558336e-05
ID_XCZR6Z,0.0005392867654001919,0.00153729244547974,0.001746479234444068,0.0005392867654001919,0.00153729244547974,0.001746479234444068
ID_3J6JIM,1e-07,0.000173228401258036,8.5309045558336e-05,1e-07,0.000173228401258036,8.5309045558336e-05
ID_0KVUYB,0.0005392867654001919,0.00153729244547974,0.001746479234444068,0.0005392867654001919,0.00153729244547974,0.001746479234444068
ID_31AGWA,0.0005392867654001919,0.00153729244547974,0.001746479234444068,0.0005392867654001919,0.00153729244547974,0.001746479234444068
ID_JOHIEH,1e-07,0.000173228401258036,8.5309045558336e-05,1e-07,0.000173228401258036,8.5309045558336e-05
ID_SY5ACF,1e-07,0.000173228401258036,8.5309045558336e-05,1e-07,0.000173228401258036,8.5309045558336e-05
ID_51HR8B,1e-07,0.00019030639007070399,8.5309045558336e-05,1e-07,0.00019030639007070399,8.5309045558336e-05
ID_FBOIDY,1e-07,0.00019030639007070399,8.5309045558336e-05,1e-07,0.00019030639007070399,8.5309045558336e-05
ID_KXXYIZ,1e-07,0.000206498789318764,8.5309045558336e-05,1e-07,0.000206498789318764,8.5309045558336e-05
ID_7JDECQ,1e-07,0.000305629735435792,8.5309045558336e-05,1e-07,0.000305629735435792,8.5309045558336e-05
ID_ZNDJO0,1e-07,0.000173228401258036,8.5309045558336e-05,1e-07,0.000173228401258036,8.5309045558336e-05
ID_NO00XI,0.0005392867654001919,0.00153729244547974,0.001746479234444068,0.0005392867654001919,0.00153729244547974,0.001746479234444068
ID_MXVMHB,1e-07,0.000173228401258036,8.5309045558336e-05,1e-07,0.000173228401258036,8.5309045558336e-05
ID_47X9RR,1e-07,0.000173228401258036,8.5309045558336e-05,1e-07,0.000173228401258036,8.5309045558336e-05
ID_875Q3P,0.0005392867654001919,0.00153729244547974,0.001746479234444068,0.0005392867654001919,0.00153729244547974,0.001746479234444068
ID_0CP43G,1e-07,0.00065059347073564,8.5309045558336e-05,1e-07,0.00065059347073564,8.5309045558336e-05
ID_BLCTDI,1e-07,0.000173228401258036,8.5309045558336e-05,1e-07,0.000173228401258036,8.5309045558336e-05
ID_V7NFWN,1e-07,0.000617323082674828,0.000268902088773992,1e-07,0.000617323082674828,0.000268902088773992
ID_RZH309,1e-07,0.00011007826474440401,8.5309045558336e-05,1e-07,0.00011007826474440401,8.5309045558336e-05
ID_MKWIN3,0.0005392867654001919,0.00153729244547974,0.001746479234444068,0.0005392867654001919,0.00153729244547974,0.001746479234444068
ID_M5QVXA,0.000184139695337008,0.000617323082674828,0.001476657741531292,0.000184139695337008,0.000617323082674828,0.001476657741531292
ID_KEMXON,1e-07,0.000173228401258036,8.5309045558336e-05,1e-07,0.000173228401258036,8.5309045558336e-05
ID_UF64U6,0.0005392867654001919,0.00153729244547974,0.001746479234444068,0.0005392867654001919,0.00153729244547974,0.001746479234444068
ID_390VSL,1e-07,0.000173228401258036,8.5309045558336e-05,1e-07,0.000173228401258036,8.5309045558336e-05
ID_E1PRPX,0.000184139695337008,0.000999344982919204,0.000268902088773992,0.000184139695337008,0.000999344982919204,0.000268902088773992
ID_4XBB4P,0.000184139695337008,0.000564314384852152,0.000268902088773992,0.000184139695337008,0.000564314384852152,0.000268902088773992
ID_FDZWH6,0.000184139695337008,0.00032270772424845996,0.000268902088773992,0.000184139695337008,0.00032270772424845996,0.000268902088773992
ID_CYGOO8,1e-07,0.000173228401258036,8.5309045558336e-05,1e-07,0.000173228401258036,8.5309045558336e-05
ID_7ILHH1,1e-07,0.000173228401258036,8.5309045558336e-05,1e-07,0.000173228401258036,8.5309045558336e-05
ID_3J4B56,0.001985258694483968,0.002276695615557176,0.001843454269519544,0.001985258694483968,0.002276695615557176,0.001843454269519544
ID_Y5SQ1L,1e-07,0.00032270772424845996,8.5309045558336e-05,1e-07,0.00032270772424845996,8.5309045558336e-05
ID_LIBKDI,1e-07,0.000173228401258036,8.5309045558336e-05,1e-07,0.000173228401258036,8.5309045558336e-05
ID_6S3LGU,1e-07,0.000633515481922888,0.000394018721463988,1e-07,0.000633515481922888,0.000394018721463988
ID_CCL3L7,1e-07,0.000617323082674828,0.001161941190752156,1e-07,0.000617323082674828,0.001161941190752156
ID_N51IQT,0.0005392867654001919,0.00153729244547974,0.001746479234444068,0.0005392867654001919,0.00153729244547974,0.001746479234444068
ID_KVRLKK,1e-07,0.000206498789318764,8.5309045558336e-05,1e-07,0.000206498789318764,8.5309045558336e-05
ID_NH7ABP,1e-07,0.00065059347073564,0.00017316733224289601,1e-07,0.00065059347073564,0.00017316733224289601
ID_VTBHST,1e-07,0.00032270772424845996,8.5309045558336e-05,1e-07,0.00032270772424845996,8.5309045558336e-05
ID_4KV1ZV,1e-07,0.000173228401258036,8.5309045558336e-05,1e-07,0.000173228401258036,8.5309045558336e-05
ID_5Z1DAT,0.001494360970555888,0.00339664733902206,0.0031608415976146437,0.001494360970555888,0.00339664733902206,0.0031608415976146437
ID_ZXQRP1,1e-07,0.000542589324253724,0.000268902088773992,1e-07,0.000542589324253724,0.000268902088773992
ID_16O9TG,1e-07,0.00019030639007070399,8.5309045558336e-05,1e-07,0.00019030639007070399,8.5309045558336e-05
ID_86Z5BT,1e-07,0.00019030639007070399,8.5309045558336e-05,1e-07,0.00019030639007070399,8.5309045558336e-05
ID_02VGAQ,1e-07,0.000173228401258036,8.5309045558336e-05,1e-07,0.000173228401258036,8.5309045558336e-05
ID_7UZ111,1e-07,0.00019030639007070399,8.5309045558336e-05,1e-07,0.00019030639007070399,8.5309045558336e-05
ID_2X5YMF,1e-07,0.000173228401258036,8.5309045558336e-05,1e-07,0.000173228401258036,8.5309045558336e-05
ID_PPMQQ3,1e-07,0.000305629735435792,0.000394018721463988,1e-07,0.000305629735435792,0.000394018721463988
ID_IR01XD,0.000184139695337008,0.00032270772424845996,0.000268902088773992,0.000184139695337008,0.00032270772424845996,0.000268902088773992
ID_GEWJ3P,1e-07,0.000173228401258036,8.5309045558336e-05,1e-07,0.000173228401258036,8.5309045558336e-05
ID_H3GX6C,1e-07,0.000173228401258036,8.5309045558336e-05,1e-07,0.000173228401258036,8.5309045558336e-05
ID_DJ6NAP,1e-07,0.000173228401258036,8.5309045558336e-05,1e-07,0.000173228401258036,8.5309045558336e-05
ID_QLXTHH,0.0005392867654001919,0.00153729244547974,0.001746479234444068,0.0005392867654001919,0.00153729244547974,0.001746479234444068
ID_E1CQQL,1e-07,0.000173228401258036,8.5309045558336e-05,1e-07,0.000173228401258036,8.5309045558336e-05
ID_1LB0SW,0.000184139695337008,0.000617323082674828,0.001476657741531292,0.000184139695337008,0.000617323082674828,0.001476657741531292
ID_LRT2RR,1e-07,0.00019030639007070399,8.5309045558336e-05,1e-07,0.00019030639007070399,8.5309045558336e-05
ID_4OCPML,1e-07,0.00019030639007070399,8.5309045558336e-05,1e-07,0.00019030639007070399,8.5309045558336e-05
ID_3PPVTQ,1e-07,0.000173228401258036,8.5309045558336e-05,1e-07,0.000173228401258036,8.5309045558336e-05
ID_OHA3B2,1e-07,0.000982266994106536,8.5309045558336e-05,1e-07,0.000982266994106536,8.5309045558336e-05
ID_X2EZX0,1e-07,0.00019030639007070399,8.5309045558336e-05,1e-07,0.00019030639007070399,8.5309045558336e-05
ID_N7CKJM,0.000822728484248,0.0017887796093169679,0.002008731798921872,0.000822728484248,0.0017887796093169679,0.002008731798921872
ID_ED5XL6,1e-07,0.000305629735435792,8.5309045558336e-05,1e-07,0.000305629735435792,8.5309045558336e-05
ID_UPMG2P,0.0005392867654001919,0.00153729244547974,0.001746479234444068,0.0005392867654001919,0.00153729244547974,0.001746479234444068
ID_I8ZJUM,1e-07,0.000173228401258036,8.5309045558336e-05,1e-07,0.000173228401258036,8.5309045558336e-05
ID_T01X1E,1e-07,0.000617323082674828,8.5309045558336e-05,1e-07,0.000617323082674828,8.5309045558336e-05
ID_TX3T1U,1e-07,0.000617323082674828,0.000268902088773992,1e-07,0.000617323082674828,0.000268902088773992
ID_BK85LX,1e-07,0.000982266994106536,8.5309045558336e-05,1e-07,0.000982266994106536,8.5309045558336e-05
ID_I3EHXO,1e-07,0.000305629735435792,8.5309045558336e-05,1e-07,0.000305629735435792,8.5309045558336e-05
ID_S6GDVH,1e-07,0.000173228401258036,8.5309045558336e-05,1e-07,0.000173228401258036,8.5309045558336e-05
ID_Q29IAO,0.000184139695337008,0.00019030639007070399,8.5309045558336e-05,0.000184139695337008,0.00019030639007070399,8.5309045558336e-05
ID_CM5IWG,1e-07,0.000617323082674828,0.000268902088773992,1e-07,0.000617323082674828,0.000268902088773992
ID_Y0V2PI,1e-07,0.000173228401258036,8.5309045558336e-05,1e-07,0.000173228401258036,8.5309045558336e-05
ID_9QINRQ,0.000822728484248,0.0017887796093169679,0.002008731798921872,0.000822728484248,0.0017887796093169679,0.002008731798921872
ID_JFKDW9,0.0005392867654001919,0.00153729244547974,0.001746479234444068,0.0005392867654001919,0.00153729244547974,0.001746479234444068
ID_GO0M2G,0.0005392867654001919,0.00153729244547974,0.001746479234444068,0.0005392867654001919,0.00153729244547974,0.001746479234444068
ID_PIGI7K,1e-07,0.000982266994106536,8.5309045558336e-05,1e-07,0.000982266994106536,8.5309045558336e-05
ID_IJXCEY,1e-07,0.000305629735435792,8.5309045558336e-05,1e-07,0.000305629735435792,8.5309045558336e-05
ID_VI4U4R,1e-07,0.00032270772424845996,8.5309045558336e-05,1e-07,0.00032270772424845996,8.5309045558336e-05
ID_258MZC,1e-07,0.000173228401258036,8.5309045558336e-05,1e-07,0.000173228401258036,8.5309045558336e-05
ID_H18RCQ,1e-07,0.00033890012349652003,0.00017316733224289601,1e-07,0.00033890012349652003,0.00017316733224289601
ID_07BV8U,0.000184139695337008,0.00032270772424845996,0.000268902088773992,0.000184139695337008,0.00032270772424845996,0.000268902088773992
ID_VZICF1,1e-07,0.000617323082674828,0.000268902088773992,1e-07,0.000617323082674828,0.000268902088773992
ID_WRL982,1e-07,0.000173228401258036,8.5309045558336e-05,1e-07,0.000173228401258036,8.5309045558336e-05
ID_9YG2KN,0.0005392867654001919,0.00153729244547974,0.001746479234444068,0.0005392867654001919,0.00153729244547974,0.001746479234444068
ID_KERY7T,0.004246525223523416,0.004800530991854061,0.002721021807104124,0.004246525223523416,0.004800530991854061,0.002721021807104124
ID_SZCEKW,1e-07,0.000617323082674828,0.000268902088773992,1e-07,0.000617323082674828,0.000268902088773992
ID_6O5TR9,1e-07,0.000173228401258036,8.5309045558336e-05,1e-07,0.000173228401258036,8.5309045558336e-05
ID_2VWEN3,0.0005392867654001919,0.00153729244547974,0.001746479234444068,0.0005392867654001919,0.00153729244547974,0.001746479234444068
ID_390114,1e-07,0.000617323082674828,0.000268902088773992,1e-07,0.000617323082674828,0.000268902088773992
ID_414HOK,1e-07,0.000617323082674828,8.5309045558336e-05,1e-07,0.000617323082674828,8.5309045558336e-05
ID_OM9I7H,0.010704480016234655,0.014783378557260828,0.013864468347829189,0.010704480016234655,0.014783378557260828,0.013864468347829189
ID_UAFWJ8,0.00427586737625098,0.003659833224100908,0.004597779232004636,0.00427586737625098,0.003659833224100908,0.004597779232004636
ID_JEO0RE,0.0066567865286969,0.005255510783819107,0.004812158226720788,0.0066567865286969,0.005255510783819107,0.004812158226720788
ID_2FK7L8,0.000184139695337008,0.001500604938689516,0.0013210986878832921,0.000184139695337008,0.001500604938689516,0.0013210986878832921
ID_BR0ZVK,0.000184139695337008,0.001500604938689516,0.0013210986878832921,0.000184139695337008,0.001500604938689516,0.0013210986878832921
ID_4XW3SG,1e-07,0.00037416041615003203,0.000268902088773992,1e-07,0.00037416041615003203,0.000268902088773992
ID_ND0JUF,0.001494360970555888,0.002884180194116328,0.004723682160005612,0.001494360970555888,0.002884180194116328,0.004723682160005612
ID_LRK0VM,0.005315561654405344,0.010457158029653808,0.008804569670355415,0.005315561654405344,0.010457158029653808,0.008804569670355415
ID_F9LL3S,0.006997148300966635,0.005255510783819107,0.004812158226720788,0.006997148300966635,0.005255510783819107,0.004812158226720788
ID_QYNGUD,0.034232502902087986,0.048298828582763284,0.04669110078980952,0.034232502902087986,0.048298828582763284,0.04669110078980952
ID_RZE5NT,1e-07,0.00037416041615003203,0.000268902088773992,1e-07,0.00037416041615003203,0.000268902088773992
ID_Y3XGHG,1e-07,0.00037416041615003203,0.000268902088773992,1e-07,0.00037416041615003203,0.000268902088773992
ID_PAN2FG,1e-07,0.00037416041615003203,0.000268902088773992,1e-07,0.00037416041615003203,0.000268902088773992
ID_E1VE1N,0.00040758578892641196,0.00108957658942816,0.000656271285941792,0.00040758578892641196,0.00108957658942816,0.000656271285941792
ID_V9V15D,0.11822247560045676,0.1438141360423661,0.17066853715804686,0.11822247560045676,0.1438141360423661,0.17066853715804686
ID_6LSQM7,1e-07,0.00065059347073564,0.001476657741531292,1e-07,0.00065059347073564,0.001476657741531292
ID_O5CMPP,0.007739223651449176,0.005882011235397656,0.004991426217846512,0.007739223651449176,0.005882011235397656,0.004991426217846512
ID_7UEYP5,1e-07,0.000173228401258036,8.5309045558336e-05,1e-07,0.000173228401258036,8.5309045558336e-05
ID_GE4M9Q,1e-07,0.000206498789318764,8.5309045558336e-05,1e-07,0.000206498789318764,8.5309045558336e-05
ID_V2I3KR,0.008022665370296984,0.006745807652453412,0.004977435756123116,0.008022665370296984,0.006745807652453412,0.004977435756123116
ID_O59IL2,0.05569036390088098,0.07163213280524086,0.07468298260231138,0.05569036390088098,0.07163213280524086,0.07468298260231138
ID_2RX566,1e-07,0.00037416041615003203,0.000268902088773992,1e-07,0.00037416041615003203,0.000268902088773992
ID_3TZG4C,0.007739223651449176,0.00590214357979634,0.0047943880248226154,0.007739223651449176,0.00590214357979634,0.0047943880248226154
ID_QB7IZK,1e-07,0.00037416041615003203,0.000268902088773992,1e-07,0.00037416041615003203,0.000268902088773992
ID_XCQ47J,1e-07,0.000563187818535272,0.001233240401198648,1e-07,0.000563187818535272,0.001233240401198648
ID_GEIU3Q,0.025960112157573,0.05172690174883925,0.09575591205042147,0.025960112157573,0.05172690174883925,0.09575591205042147
ID_BAJPY0,0.006165783691046287,0.00443210387041754,0.01315787366986688,0.006165783691046287,0.00443210387041754,0.01315787366986688
ID_BSVNKG,1e-07,0.001647727480065784,0.002079093801754868,1e-07,0.001647727480065784,0.002079093801754868
ID_QM4O2S,0.000184139695337008,0.0012012216428378439,0.001058846123405572,0.000184139695337008,0.0012012216428378439,0.001058846123405572
ID_ZB10X6,1e-07,0.00037416041615003203,0.000268902088773992,1e-07,0.00037416041615003203,0.000268902088773992
ID_VLOALM,0.18943816464273222,0.25315631810169875,0.44078322842786033,0.18943816464273222,0.25315631810169875,0.44078322842786033
ID_CG3L2H,1e-07,0.00037416041615003203,0.000268902088773992,1e-07,0.00037416041615003203,0.000268902088773992
ID_VAG0Q5,0.04417387381820323,0.04211468041599368,0.06943332705061887,0.04417387381820323,0.04211468041599368,0.06943332705061887
ID_7J1S3Y,1e-07,0.001479776036880716,0.0017555959828349,1e-07,0.001479776036880716,0.0017555959828349
ID_JW1LBC,0.03645785532296262,0.05816520471506812,0.0921071474044364,0.03645785532296262,0.05816520471506812,0.0921071474044364
ID_083PSL,1e-07,0.00065059347073564,0.001476657741531292,1e-07,0.00065059347073564,0.001476657741531292
ID_EALA41,0.05813402962294539,0.07058245044273703,0.056418420595655494,0.05813402962294539,0.07058245044273703,0.056418420595655494
ID_3ZIHQR,1e-07,0.00037416041615003203,0.000268902088773992,1e-07,0.00037416041615003203,0.000268902088773992
ID_F5HANJ,0.03172154159609622,0.050702211945350344,0.10816259111197074,0.03172154159609622,0.050702211945350344,0.10816259111197074
ID_DHARBL,0.0066567865286969,0.005255510783819107,0.004812158226720788,0.0066567865286969,0.005255510783819107,0.004812158226720788
ID_H3K94A,0.0066567865286969,0.005255510783819107,0.004812158226720788,0.0066567865286969,0.005255510783819107,0.004812158226720788
ID_BV33ZV,0.000184139695337008,0.0012012216428378439,0.001058846123405572,0.000184139695337008,0.0012012216428378439,0.001058846123405572
ID_GOSZ8L,1e-07,0.000173228401258036,0.000268902088773992,1e-07,0.000173228401258036,0.000268902088773992
ID_S9JF8F,0.05385140968825854,0.06179963269866162,0.08501164259576509,0.05385140968825854,0.06179963269866162,0.08501164259576509
ID_UOLBI5,0.010618905959294479,0.005693604506562799,0.0034845172213433355,0.010618905959294479,0.005693604506562799,0.0034845172213433355
ID_K3PNUV,1e-07,0.00019030639007070399,8.5309045558336e-05,1e-07,0.00019030639007070399,8.5309045558336e-05
ID_ANWYJ9,1e-07,0.000206498789318764,8.5309045558336e-05,1e-07,0.000206498789318764,8.5309045558336e-05
ID_AMSE7R,1e-07,0.00037416041615003203,0.000268902088773992,1e-07,0.00037416041615003203,0.000268902088773992
ID_I88AP8,0.010335464240446755,0.005693604506562799,0.0034845172213433355,0.010335464240446755,0.005693604506562799,0.0034845172213433355
ID_NWA3L6,1e-07,0.000206498789318764,0.00017316733224289601,1e-07,0.000206498789318764,0.00017316733224289601
ID_BEJ4NZ,0.10829227040278536,0.14946937125543855,0.38132914025278913,0.10829227040278536,0.14946937125543855,0.38132914025278913
ID_QW38O7,0.007660788532949403,0.008531841375610165,0.00786283980204208,0.007660788532949403,0.008531841375610165,0.00786283980204208
ID_0BO03Q,0.010646952280813669,0.012998595533861432,0.02412809657253116,0.010646952280813669,0.012998595533861432,0.02412809657253116
ID_CKOUOI,0.028809543250388973,0.04795066957640543,0.06264977360991057,0.028809543250388973,0.04795066957640543,0.06264977360991057
ID_LB4MOB,1e-07,0.00065059347073564,0.001476657741531292,1e-07,0.00065059347073564,0.001476657741531292
ID_M3EGOP,0.13974026258841904,0.20252430754536369,0.25960025625297656,0.13974026258841904,0.20252430754536369,0.25960025625297656
ID_3DR3OC,0.007688366433643767,0.0055432056378727996,0.002933280804059,0.007688366433643767,0.0055432056378727996,0.002933280804059
ID_CII7S2,1e-07,0.000206498789318764,0.00017316733224289601,1e-07,0.000206498789318764,0.00017316733224289601
ID_PS36LP,0.000184139695337008,0.0012012216428378439,0.001058846123405572,0.000184139695337008,0.0012012216428378439,0.001058846123405572
ID_UMATGZ,0.0066567865286969,0.005255510783819107,0.004812158226720788,0.0066567865286969,0.005255510783819107,0.004812158226720788
ID_RZXWDX,1e-07,0.000633515481922888,0.000394018721463988,1e-07,0.000633515481922888,0.000394018721463988
ID_MBP2SR,1e-07,0.000206498789318764,8.5309045558336e-05,1e-07,0.000206498789318764,8.5309045558336e-05
ID_26D5YY,1e-07,0.000173228401258036,8.5309045558336e-05,1e-07,0.000173228401258036,8.5309045558336e-05
ID_F7H73Q,1e-07,0.00037416041615003203,0.000268902088773992,1e-07,0.00037416041615003203,0.000268902088773992
ID_W4PRR2,1e-07,0.000173228401258036,8.5309045558336e-05,1e-07,0.000173228401258036,8.5309045558336e-05
ID_UY4Z5F,1e-07,0.000206498789318764,8.5309045558336e-05,1e-07,0.000206498789318764,8.5309045558336e-05
ID_Y8KQBZ,0.08953790650476012,0.15739918637550143,0.18452063397032611,0.08953790650476012,0.15739918637550143,0.18452063397032611
ID_QVEUCL,0.03645785532296262,0.049567248096338355,0.0673113788299448,0.03645785532296262,0.049567248096338355,0.0673113788299448
ID_4ZRHI7,0.001391006860184348,0.001651166456700476,0.003106743644829632,0.001391006860184348,0.001651166456700476,0.003106743644829632
ID_WLTHN7,0.01156035809716386,0.021919867842587305,0.030619400031057384,0.01156035809716386,0.021919867842587305,0.030619400031057384
ID_1FYJNL,0.000184139695337008,0.0018992146439030118,0.002079093801754868,0.000184139695337008,0.0018992146439030118,0.002079093801754868
ID_D9L64Q,0.0066567865286969,0.005255510783819107,0.004812158226720788,0.0066567865286969,0.005255510783819107,0.004812158226720788
ID_86WW5J,1e-07,0.0021030732755785283,0.0019138162723525399,1e-07,0.0021030732755785283,0.0019138162723525399
ID_7Y6T5F,0.13672112184625923,0.2498765327417142,0.2543765812061689,0.13672112184625923,0.2498765327417142,0.2543765812061689
ID_H6BCXL,1e-07,0.00037416041615003203,0.000268902088773992,1e-07,0.00037416041615003203,0.000268902088773992
ID_HWUQNT,0.007971808152491575,0.007130699067233808,0.00454721957012402,0.007971808152491575,0.007130699067233808,0.00454721957012402
ID_42K0G3,0.0066567865286969,0.005255510783819107,0.004812158226720788,0.0066567865286969,0.005255510783819107,0.004812158226720788
ID_RJA1CY,1e-07,0.001647727480065784,0.002079093801754868,1e-07,0.001647727480065784,0.002079093801754868
ID_KUD6LS,0.00040758578892641196,0.00108957658942816,0.000656271285941792,0.00040758578892641196,0.00108957658942816,0.000656271285941792
ID_YF4XAS,0.03645785532296262,0.06276467802783582,0.0798452344392133,0.03645785532296262,0.06276467802783582,0.0798452344392133
ID_9L5QZW,1e-07,0.00033890012349652003,8.5309045558336e-05,1e-07,0.00033890012349652003,8.5309045558336e-05
ID_PKRBWM,0.006997148300966635,0.005255510783819107,0.004812158226720788,0.006997148300966635,0.005255510783819107,0.004812158226720788
ID_KV5X78,0.010618905959294479,0.00550104239061128,0.004629110495420204,0.010618905959294479,0.00550104239061128,0.004629110495420204
ID_K05FSC,1e-07,0.00065059347073564,0.00017316733224289601,1e-07,0.00065059347073564,0.00017316733224289601
ID_VKADHX,0.034232502902087986,0.09463571693522768,0.13416982924883125,0.034232502902087986,0.09463571693522768,0.13416982924883125
ID_FJ9WOU,0.008213691235116193,0.00966566994893485,0.023385616854974967,0.008213691235116193,0.00966566994893485,0.023385616854974967
ID_42T9XM,1e-07,0.00037416041615003203,0.000268902088773992,1e-07,0.00037416041615003203,0.000268902088773992
ID_9ZLKG2,1e-07,0.00037416041615003203,0.000268902088773992,1e-07,0.00037416041615003203,0.000268902088773992
ID_HXOU9G,0.0628703433498117,0.0704744385688123,0.1015383007598276,0.0628703433498117,0.0704744385688123,0.1015383007598276
ID_WB4AC6,0.00800115030521914,0.008414738444827144,0.008135192817222688,0.00800115030521914,0.008414738444827144,0.008135192817222688
ID_I62XI1,0.008457725480526517,0.008531841375610165,0.00824695812069236,0.008457725480526517,0.008531841375610165,0.00824695812069236
ID_3ZWI9L,1e-07,0.00033890012349652003,0.00017316733224289601,1e-07,0.00033890012349652003,0.00017316733224289601
ID_3SR2CY,0.028485524893843196,0.053750209588264035,0.07263927195202229,0.028485524893843196,0.053750209588264035,0.07263927195202229
ID_ZBZKT1,0.00040758578892641196,0.00108957658942816,0.000656271285941792,0.00040758578892641196,0.00108957658942816,0.000656271285941792
ID_O4VQ7G,1e-07,0.000173228401258036,8.5309045558336e-05,1e-07,0.000173228401258036,8.5309045558336e-05
ID_N744FI,1e-07,0.00037416041615003203,0.000268902088773992,1e-07,0.00037416041615003203,0.000268902088773992
ID_TV8IEH,0.000184139695337008,0.0012012216428378439,0.001058846123405572,0.000184139695337008,0.0012012216428378439,0.001058846123405572
ID_NMAF4Q,0.0066567865286969,0.005255510783819107,0.004812158226720788,0.0066567865286969,0.005255510783819107,0.004812158226720788
ID_K2ZCCX,1e-07,0.000305629735435792,0.000394018721463988,1e-07,0.000305629735435792,0.000394018721463988
ID_R18GZ6,1e-07,0.000206498789318764,8.5309045558336e-05,1e-07,0.000206498789318764,8.5309045558336e-05
ID_IFP722,1e-07,0.000173228401258036,0.000268902088773992,1e-07,0.000173228401258036,0.000268902088773992
ID_IR8CDY,0.023262494573805262,0.04676908149011074,0.11629107473288372,0.023262494573805262,0.04676908149011074,0.11629107473288372
ID_Z2I4JV,0.0066567865286969,0.005255510783819107,0.004812158226720788,0.0066567865286969,0.005255510783819107,0.004812158226720788
ID_6KEY2P,1e-07,0.000305629735435792,0.000394018721463988,1e-07,0.000305629735435792,0.000394018721463988
ID_5S0DH2,0.000184139695337008,0.0012012216428378439,0.001058846123405572,0.000184139695337008,0.0012012216428378439,0.001058846123405572
ID_XNJ95S,1e-07,0.00037416041615003203,0.000268902088773992,1e-07,0.00037416041615003203,0.000268902088773992
ID_H6CCOD,1e-07,0.000305629735435792,0.000268902088773992,1e-07,0.000305629735435792,0.000268902088773992
ID_WQCUST,0.05813402962294539,0.06770377694312407,0.05473182856325982,0.05813402962294539,0.06770377694312407,0.05473182856325982
ID_T75BT1,1e-07,0.0005849128791336999,0.000268902088773992,1e-07,0.0005849128791336999,0.000268902088773992
ID_XS9OXI,1e-07,0.000206498789318764,8.5309045558336e-05,1e-07,0.000206498789318764,8.5309045558336e-05
ID_EA1206,1e-07,0.00033890012349652003,0.00017316733224289601,1e-07,0.00033890012349652003,0.00017316733224289601
ID_YH37JO,0.009622113207787256,0.006049260235079144,0.0052050708661404805,0.009622113207787256,0.006049260235079144,0.0052050708661404805
ID_B8H7AK,1e-07,0.00033890012349652003,0.00017316733224289601,1e-07,0.00033890012349652003,0.00017316733224289601
ID_C09NJ3,1e-07,0.00065059347073564,0.000656271285941792,1e-07,0.00065059347073564,0.000656271285941792
ID_0P1U7I,1e-07,0.00019030639007070399,8.5309045558336e-05,1e-07,0.00019030639007070399,8.5309045558336e-05
ID_KJZGN2,1e-07,0.000206498789318764,0.000268902088773992,1e-07,0.000206498789318764,0.000268902088773992
ID_XBCJ33,1e-07,0.000206498789318764,0.000268902088773992,1e-07,0.000206498789318764,0.000268902088773992
ID_QPKPCR,1e-07,0.00065059347073564,0.0004818770081486319,1e-07,0.00065059347073564,0.0004818770081486319
ID_GAOAHL,1e-07,0.00065059347073564,0.0004818770081486319,1e-07,0.00065059347073564,0.0004818770081486319
ID_9KT6CB,1e-07,0.00033890012349652003,8.5309045558336e-05,1e-07,0.00033890012349652003,8.5309045558336e-05
ID_KUJ9FC,1e-07,0.00065059347073564,0.0004818770081486319,1e-07,0.00065059347073564,0.0004818770081486319
ID_I81UCW,1e-07,0.00065059347073564,0.0004818770081486319,1e-07,0.00065059347073564,0.0004818770081486319
ID_GB2SDS,1e-07,0.00065059347073564,0.0004818770081486319,1e-07,0.00065059347073564,0.0004818770081486319
ID_X9A4JH,1e-07,0.00033890012349652003,8.5309045558336e-05,1e-07,0.00033890012349652003,8.5309045558336e-05
ID_RTGELG,1e-07,0.0005849128791336999,0.000268902088773992,1e-07,0.0005849128791336999,0.000268902088773992
ID_HNXAGO,1e-07,0.000206498789318764,0.00017316733224289601,1e-07,0.000206498789318764,0.00017316733224289601
ID_5FC3QJ,0.004510387947218252,0.004202624852054583,0.003715374247062084,0.004510387947218252,0.004202624852054583,0.003715374247062084
ID_CWTFLH,1e-07,0.000206498789318764,8.5309045558336e-05,1e-07,0.000206498789318764,8.5309045558336e-05
ID_B38JUX,0.003271865371998476,0.0029235841743840557,0.0025951188791030638,0.003271865371998476,0.0029235841743840557,0.0025951188791030638
ID_UH1KTJ,0.003271865371998476,0.0029235841743840557,0.0025951188791030638,0.003271865371998476,0.0029235841743840557,0.0025951188791030638
ID_5LLHBD,1e-07,0.000206498789318764,0.000394018721463988,1e-07,0.000206498789318764,0.000394018721463988
ID_3YY9DP,1e-07,0.000206498789318764,0.000394018721463988,1e-07,0.000206498789318764,0.000394018721463988
ID_744ERE,1e-07,0.0005849128791336999,0.000268902088773992,1e-07,0.0005849128791336999,0.000268902088773992
ID_QV8YW3,1e-07,0.000416483971030024,0.000268902088773992,1e-07,0.000416483971030024,0.000268902088773992
ID_G5ERJR,1e-07,0.000206498789318764,8.5309045558336e-05,1e-07,0.000206498789318764,8.5309045558336e-05
ID_MNB1L3,1e-07,0.00065059347073564,0.0004818770081486319,1e-07,0.00065059347073564,0.0004818770081486319
ID_B84S8R,1e-07,0.000206498789318764,0.000268902088773992,1e-07,0.000206498789318764,0.000268902088773992
ID_VI1CDO,0.00040758578892641196,0.0021100896407973,0.001650615625308152,0.00040758578892641196,0.0021100896407973,0.001650615625308152
ID_31K8SP,1e-07,0.000206498789318764,0.000268902088773992,1e-07,0.000206498789318764,0.000268902088773992
ID_3F8T7O,1e-07,0.000206498789318764,0.000394018721463988,1e-07,0.000206498789318764,0.000394018721463988
ID_RW3Q5J,1e-07,0.00033890012349652003,0.000394018721463988,1e-07,0.00033890012349652003,0.000394018721463988
ID_T3FYEA,0.003271865371998476,0.0029235841743840557,0.0025951188791030638,0.003271865371998476,0.0029235841743840557,0.0025951188791030638
ID_OZU9F0,0.0020129873320010243,0.002041775851878128,0.002279370309459512,0.0020129873320010243,0.002041775851878128,0.002279370309459512
ID_JLNANL,1e-07,0.00033890012349652003,0.000394018721463988,1e-07,0.00033890012349652003,0.000394018721463988
ID_09QFQF,1e-07,0.00033890012349652003,8.5309045558336e-05,1e-07,0.00033890012349652003,8.5309045558336e-05
ID_CJR13W,1e-07,0.00033890012349652003,0.000394018721463988,1e-07,0.00033890012349652003,0.000394018721463988
ID_1U5ABT,1e-07,0.00033890012349652003,8.5309045558336e-05,1e-07,0.00033890012349652003,8.5309045558336e-05
ID_J3WB2P,1e-07,0.00019030639007070399,0.000268902088773992,1e-07,0.00019030639007070399,0.000268902088773992
ID_CYJMO0,0.000184139695337008,0.000564314384852152,0.000268902088773992,0.000184139695337008,0.000564314384852152,0.000268902088773992
ID_RIZD06,1e-07,0.000206498789318764,0.000268902088773992,1e-07,0.000206498789318764,0.000268902088773992
ID_K565PV,1e-07,0.00033890012349652003,8.5309045558336e-05,1e-07,0.00033890012349652003,8.5309045558336e-05
ID_KGPDZS,1e-07,0.000206498789318764,8.5309045558336e-05,1e-07,0.000206498789318764,8.5309045558336e-05
ID_PD7IH8,1e-07,0.00065059347073564,0.000394018721463988,1e-07,0.00065059347073564,0.000394018721463988
ID_FM7JHM,1e-07,0.00033890012349652003,8.5309045558336e-05,1e-07,0.00033890012349652003,8.5309045558336e-05
ID_JKUDBT,0.003271865371998476,0.0029235841743840557,0.0025951188791030638,0.003271865371998476,0.0029235841743840557,0.0025951188791030638
ID_ZSTDRG,1e-07,0.00033890012349652003,0.000394018721463988,1e-07,0.00033890012349652003,0.000394018721463988
ID_WM2OCW,1e-07,0.000206498789318764,0.000268902088773992,1e-07,0.000206498789318764,0.000268902088773992
ID_V2VKWX,1e-07,0.00033890012349652003,8.5309045558336e-05,1e-07,0.00033890012349652003,8.5309045558336e-05
ID_Z0V4IF,1e-07,0.00065059347073564,0.0004818770081486319,1e-07,0.00065059347073564,0.0004818770081486319
ID_ZKWY5H,0.003271865371998476,0.0029235841743840557,0.0025951188791030638,0.003271865371998476,0.0029235841743840557,0.0025951188791030638
ID_Y92YDT,1e-07,0.0005849128791336999,0.000268902088773992,1e-07,0.0005849128791336999,0.000268902088773992
ID_SUKNX3,1e-07,0.000206498789318764,0.000394018721463988,1e-07,0.000206498789318764,0.000394018721463988
ID_UQ2MN7,1e-07,0.00033890012349652003,8.5309045558336e-05,1e-07,0.00033890012349652003,8.5309045558336e-05
ID_R4B5Y3,0.004510387947218252,0.004202624852054583,0.003715374247062084,0.004510387947218252,0.004202624852054583,0.003715374247062084
ID_5FIQN2,1e-07,0.000206498789318764,0.000394018721463988,1e-07,0.000206498789318764,0.000394018721463988
ID_CK7R8V,1e-07,0.000206498789318764,0.000394018721463988,1e-07,0.000206498789318764,0.000394018721463988
ID_9CKT1G,0.0025296847836992,0.002318214832638308,0.002279370309459512,0.0025296847836992,0.002318214832638308,0.002279370309459512
ID_OP7PVS,1e-07,0.00033890012349652003,8.5309045558336e-05,1e-07,0.00033890012349652003,8.5309045558336e-05
ID_E958NN,1e-07,0.00033890012349652003,8.5309045558336e-05,1e-07,0.00033890012349652003,8.5309045558336e-05
ID_DEFSVV,1e-07,0.00065059347073564,0.0004818770081486319,1e-07,0.00065059347073564,0.0004818770081486319
ID_BKDCXA,0.00084516631050668,0.001111301650026688,0.000854742163477712,0.00084516631050668,0.001111301650026688,0.000854742163477712
ID_I0OGOO,1e-07,0.000206498789318764,0.000268902088773992,1e-07,0.000206498789318764,0.000268902088773992
ID_5A0PRD,1e-07,0.00033890012349652003,8.5309045558336e-05,1e-07,0.00033890012349652003,8.5309045558336e-05
ID_KEK3CV,1e-07,0.00065059347073564,0.000394018721463988,1e-07,0.00065059347073564,0.000394018721463988
ID_G5CBCM,1e-07,0.00065059347073564,0.0004818770081486319,1e-07,0.00065059347073564,0.0004818770081486319
ID_6K7MP9,0.000173467264926268,0.000546364878428356,0.000268902088773992,0.000173467264926268,0.000546364878428356,0.000268902088773992
ID_9972R1,1e-07,0.000206498789318764,0.000394018721463988,1e-07,0.000206498789318764,0.000394018721463988
ID_PNK92C,1e-07,0.0002598403899328,8.5309045558336e-05,1e-07,0.0002598403899328,8.5309045558336e-05
ID_W39B3I,0.000184139695337008,0.0007201274705977359,0.000970987836720844,0.000184139695337008,0.0007201274705977359,0.000970987836720844
ID_HD9ID6,1e-07,0.0007201274705977359,8.5309045558336e-05,1e-07,0.0007201274705977359,8.5309045558336e-05
ID_BN91DN,1e-07,0.0002598403899328,8.5309045558336e-05,1e-07,0.0002598403899328,8.5309045558336e-05
ID_3GOCN3,0.21706747919255684,0.2961443432498823,0.6511427981427932,0.21706747919255684,0.2961443432498823,0.6511427981427932
ID_ET6KNZ,0.15739417208626255,0.28254574609956945,0.7668012945983107,0.15739417208626255,0.28254574609956945,0.7668012945983107
ID_OTOWTK,0.0014436159183955398,0.001384454677881116,0.001572549724817312,0.0014436159183955398,0.001384454677881116,0.001572549724817312
ID_WX5YV9,1e-07,0.000703935071349676,8.5309045558336e-05,1e-07,0.000703935071349676,8.5309045558336e-05
ID_BKG1JJ,0.001202938925162644,0.001318651774714384,0.001843454269519544,0.001202938925162644,0.001318651774714384,0.001843454269519544
ID_N7EE5X,0.39322350806691214,0.4135423477102404,0.8059944171022669,0.39322350806691214,0.4135423477102404,0.8059944171022669
ID_3HJF2B,0.05691163454408655,0.06724789490607352,0.07444414120662446,0.05691163454408655,0.06724789490607352,0.07444414120662446
ID_L77EMA,1e-07,0.000587726136419896,8.5309045558336e-05,1e-07,0.000587726136419896,8.5309045558336e-05
ID_UONM6Q,0.000184139695337008,0.0007201274705977359,0.000970987836720844,0.000184139695337008,0.0007201274705977359,0.000970987836720844
ID_ZCOCP7,0.001160174199547732,0.0007201274705977359,0.001058846123405572,0.001160174199547732,0.0007201274705977359,0.001058846123405572
ID_9HPWEF,0.042790024769221176,0.0641605013250007,0.08321542896847861,0.042790024769221176,0.0641605013250007,0.08321542896847861
ID_48PTGW,1e-07,0.0002598403899328,8.5309045558336e-05,1e-07,0.0002598403899328,8.5309045558336e-05
ID_GSHF7X,1e-07,0.000587726136419896,8.5309045558336e-05,1e-07,0.000587726136419896,8.5309045558336e-05
ID_72DBE5,0.0014436159183955398,0.001384454677881116,0.001572549724817312,0.0014436159183955398,0.001384454677881116,0.001572549724817312
ID_H8FI6N,1e-07,0.000587726136419896,8.5309045558336e-05,1e-07,0.000587726136419896,8.5309045558336e-05
ID_897NU8,1e-07,0.000587726136419896,8.5309045558336e-05,1e-07,0.000587726136419896,8.5309045558336e-05
ID_PS57CR,0.000184139695337008,0.0007201274705977359,0.000970987836720844,0.000184139695337008,0.0007201274705977359,0.000970987836720844
ID_VLC084,0.000184139695337008,0.000703935071349676,8.5309045558336e-05,0.000184139695337008,0.000703935071349676,8.5309045558336e-05
ID_0TQQFQ,1e-07,0.000587726136419896,8.5309045558336e-05,1e-07,0.000587726136419896,8.5309045558336e-05
ID_E94KOM,0.09685019742393647,0.17280724439135975,0.22649951445898145,0.09685019742393647,0.17280724439135975,0.22649951445898145
ID_DBOXYC,1e-07,0.0002598403899328,8.5309045558336e-05,1e-07,0.0002598403899328,8.5309045558336e-05
ID_Z8WJLG,1e-07,0.000587726136419896,8.5309045558336e-05,1e-07,0.000587726136419896,8.5309045558336e-05
ID_D7H9P4,0.0014436159183955398,0.001384454677881116,0.001572549724817312,0.0014436159183955398,0.001384454677881116,0.001572549724817312
ID_HNBXAQ,1e-07,0.000587726136419896,8.5309045558336e-05,1e-07,0.000587726136419896,8.5309045558336e-05
ID_T0YIRE,1e-07,0.0002598403899328,8.5309045558336e-05,1e-07,0.0002598403899328,8.5309045558336e-05
ID_9PTBA8,0.046131588709680385,0.06756395778125697,0.06411548121317066,0.046131588709680385,0.06756395778125697,0.06411548121317066
ID_7GNPFS,0.00979657660036565,0.00917089364809596,0.018378815753777155,0.00979657660036565,0.00917089364809596,0.018378815753777155
ID_LDL582,1e-07,0.000587726136419896,8.5309045558336e-05,1e-07,0.000587726136419896,8.5309045558336e-05
ID_QDFKYG,0.00017790272304272798,0.00015904984557046,0.0006622781608151081,0.00017790272304272798,0.00015904984557046,0.0006622781608151081
ID_E9HXCI,0.000739527314701684,0.0006193369262353119,0.001222438873654864,0.000739527314701684,0.0006193369262353119,0.001222438873654864
ID_VXNUAB,0.000361942418379736,0.0006193369262353119,0.000970987836720844,0.000361942418379736,0.0006193369262353119,0.000970987836720844
ID_7X3ANU,0.000361942418379736,0.00098428083766702,0.001476657741531292,0.000361942418379736,0.00098428083766702,0.001476657741531292
ID_JHEJ6C,0.014982130509030009,0.009123301688480119,0.01830087582465077,0.014982130509030009,0.009123301688480119,0.01830087582465077
ID_PQEFSA,0.000361942418379736,0.0006193369262353119,0.000970987836720844,0.000361942418379736,0.0006193369262353119,0.000970987836720844
ID_74362O,0.000265891851527608,0.000683231262373672,0.000394018721463988,0.000265891851527608,0.000683231262373672,0.000394018721463988
ID_ZYEPM4,0.007942352559472288,0.004740009327567804,0.016676742231938574,0.007942352559472288,0.004740009327567804,0.016676742231938574
ID_NO41LI,0.001298989492014856,0.001660997042713556,0.001484691438132668,0.001298989492014856,0.001660997042713556,0.001484691438132668
ID_A1BP0L,0.000361942418379736,0.0006193369262353119,0.000970987836720844,0.000361942418379736,0.0006193369262353119,0.000970987836720844
ID_833EID,0.022432914344501943,0.0371861468554285,0.08762859496350514,0.022432914344501943,0.0371861468554285,0.08762859496350514
ID_QVFOVQ,1e-07,0.00111351287487716,0.000268902088773992,1e-07,0.00111351287487716,0.000268902088773992
ID_E8JXTE,0.06865864876371955,0.21209437125885836,0.2618841796438197,0.06865864876371955,0.21209437125885836,0.2618841796438197
ID_SW35TS,0.008992709899578727,0.00444751094186482,0.013266552380829487,0.008992709899578727,0.00444751094186482,0.013266552380829487
ID_UE2F8Y,0.000361942418379736,0.0006193369262353119,0.000970987836720844,0.000361942418379736,0.0006193369262353119,0.000970987836720844
ID_EW9NJ2,0.008992709899578727,0.00444751094186482,0.013266552380829487,0.008992709899578727,0.00444751094186482,0.013266552380829487
ID_J6FHL2,0.022432914344501943,0.0371861468554285,0.08762859496350514,0.022432914344501943,0.0371861468554285,0.08762859496350514
ID_UGEC57,1e-07,9.881104955479599e-05,0.000268902088773992,1e-07,9.881104955479599e-05,0.000268902088773992
ID_VSQBO6,9.6150566852128e-05,0.000845833311791788,0.000268902088773992,9.6150566852128e-05,0.000845833311791788,0.000268902088773992
ID_UVXMIM,0.30655131199584806,0.16985015795719577,0.6022013674177213,0.30655131199584806,0.16985015795719577,0.6022013674177213
ID_T058KG,1e-07,0.0010850713820294438,0.001484691438132668,1e-07,0.0010850713820294438,0.001484691438132668
ID_VACRZA,1e-07,0.0007201274705977359,0.000656271285941792,1e-07,0.0007201274705977359,0.000656271285941792
ID_Y56MW9,1e-07,0.0010850713820294438,0.0014874592690749921,1e-07,0.0010850713820294438,0.0014874592690749921
ID_0DPIA8,1e-07,0.0011997564661777919,0.000854742163477712,1e-07,0.0011997564661777919,0.000854742163477712
ID_3U9J6G,1e-07,0.0010850713820294438,0.000656271285941792,1e-07,0.0010850713820294438,0.000656271285941792
ID_EUSZBN,1e-07,0.001336558545866672,0.000656271285941792,1e-07,0.001336558545866672,0.000656271285941792
ID_9E5OMC,1e-07,0.0007201274705977359,0.000656271285941792,1e-07,0.0007201274705977359,0.000656271285941792
ID_3R6KBU,1e-07,0.001582580424803624,0.001233240401198648,1e-07,0.001582580424803624,0.001233240401198648
ID_4TGSZ9,1e-07,0.0007680236026121799,0.001738910306009012,1e-07,0.0007680236026121799,0.001738910306009012
ID_NX8EEE,0.003271865371998476,0.0028404003751019,0.004205047931468912,0.003271865371998476,0.0028404003751019,0.004205047931468912
ID_RWKSD3,0.000690119110251992,0.0009811115406992358,0.002473515739750184,0.000690119110251992,0.0009811115406992358,0.002473515739750184
ID_7X97V1,0.000406677391404184,0.0009554222351869041,0.002473515739750184,0.000406677391404184,0.0009554222351869041,0.002473515739750184
ID_2AFQRA,1e-07,0.00134164481985328,0.002008731798921872,1e-07,0.00134164481985328,0.002008731798921872
ID_Q1RU6X,1e-07,0.0007680236026121799,0.001738910306009012,1e-07,0.0007680236026121799,0.001738910306009012
ID_YC254M,1e-07,0.000971614634434964,0.000656271285941792,1e-07,0.000971614634434964,0.000656271285941792
ID_UNWPJB,1e-07,0.0010850713820294438,0.000656271285941792,1e-07,0.0010850713820294438,0.000656271285941792
ID_B660BU,1e-07,0.001102629659995244,0.0012579033165029958,1e-07,0.001102629659995244,0.0012579033165029958
ID_4ORCRP,1e-07,0.00134164481985328,0.002008731798921872,1e-07,0.00134164481985328,0.002008731798921872
ID_YFLCSJ,0.000184139695337008,0.0015663880255555641,0.002293882783128232,0.000184139695337008,0.0015663880255555641,0.002293882783128232
ID_733Z0L,1e-07,0.0010850713820294438,0.001484691438132668,1e-07,0.0010850713820294438,0.001484691438132668
ID_KB7EEN,1e-07,0.0010850713820294438,0.000656271285941792,1e-07,0.0010850713820294438,0.000656271285941792
ID_066CHB,1e-07,0.001145712757182632,0.000744129572626352,1e-07,0.001145712757182632,0.000744129572626352
ID_BEU1N6,1e-07,0.0010850713820294438,0.000907722322875812,1e-07,0.0010850713820294438,0.000907722322875812
ID_C8R4WH,1e-07,0.000899958478098328,0.001484691438132668,1e-07,0.000899958478098328,0.001484691438132668
ID_PI3I2J,1e-07,0.00134164481985328,0.002008731798921872,1e-07,0.00134164481985328,0.002008731798921872
ID_9PMVYR,1e-07,0.000899958478098328,0.001484691438132668,1e-07,0.000899958478098328,0.001484691438132668
ID_Q7EXXO,1e-07,0.000899958478098328,0.001484691438132668,1e-07,0.000899958478098328,0.001484691438132668
ID_CQKKBK,1e-07,0.000971614634434964,0.000656271285941792,1e-07,0.000971614634434964,0.000656271285941792
ID_9QR9WA,1e-07,0.001336558545866672,0.000854742163477712,1e-07,0.001336558545866672,0.000854742163477712
ID_FELSNU,1e-07,0.0013203661466186121,0.000854742163477712,1e-07,0.0013203661466186121,0.000854742163477712
ID_PNKANZ,0.000406677391404184,0.000862025711039932,0.002473515739750184,0.000406677391404184,0.000862025711039932,0.002473515739750184
ID_22JIZ1,0.001192220888379368,0.00146226438706064,0.002473515739750184,0.001192220888379368,0.00146226438706064,0.002473515739750184
ID_IRZOS2,0.006364163536288732,0.010155058996722383,0.010812338978145748,0.006364163536288732,0.010155058996722383,0.010812338978145748
ID_PHQQ0F,0.010646952280813669,0.012548318229937747,0.011191833728493273,0.010646952280813669,0.012548318229937747,0.011191833728493273
ID_IW2314,0.007766425049906219,0.012412618277549388,0.01138969643002784,0.007766425049906219,0.012412618277549388,0.01138969643002784
ID_8UX59T,1e-07,0.000293826569020448,0.000268902088773992,1e-07,0.000293826569020448,0.000268902088773992
ID_4VMFY1,1e-07,0.000173228401258036,8.5309045558336e-05,1e-07,0.000173228401258036,8.5309045558336e-05
ID_NAS5OH,1e-07,0.0010850713820294438,0.001738910306009012,1e-07,0.0010850713820294438,0.001738910306009012
ID_B5C6RJ,1e-07,0.00134164481985328,0.002008731798921872,1e-07,0.00134164481985328,0.002008731798921872
ID_PXCAKA,1e-07,0.0010850713820294438,0.0014874592690749921,1e-07,0.0010850713820294438,0.0014874592690749921
ID_T7JWJL,0.000173467264926268,0.000293826569020448,0.000268902088773992,0.000173467264926268,0.000293826569020448,0.000268902088773992
ID_Z40GIH,0.000222637696067176,0.0009811115406992358,0.002473515739750184,0.000222637696067176,0.0009811115406992358,0.002473515739750184
ID_7B6TSR,1e-07,0.0010850713820294438,0.000656271285941792,1e-07,0.0010850713820294438,0.000656271285941792
ID_T8UE85,1e-07,0.0010850713820294438,0.0014874592690749921,1e-07,0.0010850713820294438,0.0014874592690749921
ID_N2GA6J,1e-07,0.000971614634434964,0.000907722322875812,1e-07,0.000971614634434964,0.000907722322875812
ID_X7QNEK,0.002160916086000512,0.002328904350957748,0.00520387417490306,0.002160916086000512,0.002328904350957748,0.00520387417490306
ID_L03W0G,1e-07,0.000293826569020448,0.000268902088773992,1e-07,0.000293826569020448,0.000268902088773992
ID_5UDF18,1e-07,0.0010850713820294438,0.001484691438132668,1e-07,0.0010850713820294438,0.001484691438132668
ID_TT098H,1e-07,0.001217636513371916,0.001650615625308152,1e-07,0.001217636513371916,0.001650615625308152
ID_5QZP6R,1e-07,0.000173228401258036,0.000268902088773992,1e-07,0.000173228401258036,0.000268902088773992
ID_EH54DK,0.003271865371998476,0.0027460238068910243,0.0029808407168286557,0.003271865371998476,0.0027460238068910243,0.0029808407168286557
ID_PALW0Q,0.009367312868431267,0.006455587886164556,0.009864784330390688,0.009367312868431267,0.006455587886164556,0.009864784330390688
ID_KSA6SI,1e-07,0.0010850713820294438,0.001484691438132668,1e-07,0.0010850713820294438,0.001484691438132668
ID_YDQ1KZ,0.000456559436113864,0.000759870764495516,0.002473515739750184,0.000456559436113864,0.000759870764495516,0.002473515739750184
ID_7TRIGH,1e-07,0.000899958478098328,0.001484691438132668,1e-07,0.000899958478098328,0.001484691438132668
ID_T2KMPX,1e-07,0.0010850713820294438,0.000656271285941792,1e-07,0.0010850713820294438,0.000656271285941792
ID_W6H2GG,1e-07,0.00134164481985328,0.002008731798921872,1e-07,0.00134164481985328,0.002008731798921872
ID_CQOM1C,1e-07,0.000971614634434964,0.000656271285941792,1e-07,0.000971614634434964,0.000656271285941792
ID_V4PFS3,1e-07,0.000173228401258036,0.000268902088773992,1e-07,0.000173228401258036,0.000268902088773992
ID_7SSXA0,1e-07,0.000971614634434964,0.001174615251278132,1e-07,0.000971614634434964,0.001174615251278132
ID_904OMU,1e-07,0.000899958478098328,0.001484691438132668,1e-07,0.000899958478098328,0.001484691438132668
ID_UPD1SQ,1e-07,0.000173228401258036,8.5309045558336e-05,1e-07,0.000173228401258036,8.5309045558336e-05
ID_3BE6BK,1e-07,0.00019030639007070399,8.5309045558336e-05,1e-07,0.00019030639007070399,8.5309045558336e-05
ID_ROX1RX,1e-07,0.001336558545866672,0.000656271285941792,1e-07,0.001336558545866672,0.000656271285941792
ID_HJN7VE,1e-07,0.001217636513371916,0.000656271285941792,1e-07,0.001217636513371916,0.000656271285941792
ID_HQT8FR,0.00696080289089616,0.006024799763477016,0.008559964052359032,0.00696080289089616,0.006024799763477016,0.008559964052359032
ID_IT2HDM,0.000406677391404184,0.000862025711039932,0.002473515739750184,0.000406677391404184,0.000862025711039932,0.002473515739750184
ID_YNKD7B,0.01223871331805956,0.01251806911079616,0.011119233697574615,0.01223871331805956,0.01251806911079616,0.011119233697574615
ID_9QKC85,1e-07,0.000173228401258036,8.5309045558336e-05,1e-07,0.000173228401258036,8.5309045558336e-05
ID_QO4II7,1e-07,0.000852062346083884,0.000656271285941792,1e-07,0.000852062346083884,0.000656271285941792
ID_EXZ3UM,1e-07,0.00134164481985328,0.0017378272542196399,1e-07,0.00134164481985328,0.0017378272542196399
ID_REKC8W,1e-07,0.0010850713820294438,0.0014874592690749921,1e-07,0.0010850713820294438,0.0014874592690749921
ID_ATOZFV,1e-07,0.000173228401258036,0.000268902088773992,1e-07,0.000173228401258036,0.000268902088773992
ID_XUPA46,1e-07,0.000173228401258036,0.000268902088773992,1e-07,0.000173228401258036,0.000268902088773992
ID_BTIN8A,1e-07,0.000173228401258036,8.5309045558336e-05,1e-07,0.000173228401258036,8.5309045558336e-05
ID_4A8R3V,0.004937541157487832,0.005228545528835012,0.009147451211061176,0.004937541157487832,0.005228545528835012,0.009147451211061176
ID_QPZL6F,1e-07,0.000899958478098328,0.001484691438132668,1e-07,0.000899958478098328,0.001484691438132668
ID_45449H,1e-07,0.0013313020016128682,0.001970488713108572,1e-07,0.0013313020016128682,0.001970488713108572
ID_3QF1JY,1e-07,0.000173228401258036,8.5309045558336e-05,1e-07,0.000173228401258036,8.5309045558336e-05
ID_ZO8KHA,0.000173467264926268,0.000293826569020448,0.000268902088773992,0.000173467264926268,0.000293826569020448,0.000268902088773992
ID_K9PYT8,1e-07,0.001217636513371916,0.000656271285941792,1e-07,0.001217636513371916,0.000656271285941792
ID_QI8JG9,0.004340901802880404,0.004866639031627692,0.005821986446644892,0.004340901802880404,0.004866639031627692,0.005821986446644892
ID_QQTRMM,1e-07,0.001336558545866672,0.000656271285941792,1e-07,0.001336558545866672,0.000656271285941792
ID_TH808E,1e-07,0.0010850713820294438,0.0014874592690749921,1e-07,0.0010850713820294438,0.0014874592690749921
ID_LMWRAC,1e-07,0.001336558545866672,0.000656271285941792,1e-07,0.001336558545866672,0.000656271285941792
ID_AW91U7,1e-07,0.0010850713820294438,0.001738910306009012,1e-07,0.0010850713820294438,0.001738910306009012
ID_G90D2D,0.003271865371998476,0.0027460238068910243,0.0029808407168286557,0.003271865371998476,0.0027460238068910243,0.0029808407168286557
ID_RAVU77,1e-07,0.000206498789318764,8.5309045558336e-05,1e-07,0.000206498789318764,8.5309045558336e-05
ID_61GEC6,0.003271865371998476,0.003294399723355112,0.005821986446644892,0.003271865371998476,0.003294399723355112,0.005821986446644892
ID_MVNZ8F,0.01223871331805956,0.01251806911079616,0.011119233697574615,0.01223871331805956,0.01251806911079616,0.011119233697574615
ID_1QI418,1e-07,0.00019030639007070399,8.5309045558336e-05,1e-07,0.00019030639007070399,8.5309045558336e-05
ID_DQP75D,1e-07,0.000899958478098328,0.001484691438132668,1e-07,0.000899958478098328,0.001484691438132668
ID_TKOQON,1e-07,0.000321822134683852,8.5309045558336e-05,1e-07,0.000321822134683852,8.5309045558336e-05
ID_3HTFW1,0.017199842543204457,0.016770079623498073,0.013306502216742651,0.017199842543204457,0.016770079623498073,0.013306502216742651
ID_8KEJPH,1e-07,0.000802655216456492,0.000268902088773992,1e-07,0.000802655216456492,0.000268902088773992
ID_J8AEJ1,1e-07,0.000173228401258036,8.5309045558336e-05,1e-07,0.000173228401258036,8.5309045558336e-05
ID_ECH1M4,1e-07,0.000206498789318764,8.5309045558336e-05,1e-07,0.000206498789318764,8.5309045558336e-05
ID_D88GUO,0.000184139695337008,0.000868810246512056,0.000268902088773992,0.000184139695337008,0.000868810246512056,0.000268902088773992
ID_6U3FDV,1e-07,0.00037416041615003203,0.000268902088773992,1e-07,0.00037416041615003203,0.000268902088773992
ID_IITBB8,1e-07,0.000173228401258036,8.5309045558336e-05,1e-07,0.000173228401258036,8.5309045558336e-05
ID_1NH2JD,1e-07,0.0010850713820294438,0.000656271285941792,1e-07,0.0010850713820294438,0.000656271285941792
ID_83W49H,1e-07,0.000899958478098328,0.001484691438132668,1e-07,0.000899958478098328,0.001484691438132668
ID_W9M82U,1e-07,0.0010850713820294438,0.0014874592690749921,1e-07,0.0010850713820294438,0.0014874592690749921
ID_TJ3MK7,1e-07,0.0010850713820294438,0.000656271285941792,1e-07,0.0010850713820294438,0.000656271285941792
ID_45IHF3,1e-07,0.000293826569020448,0.000268902088773992,1e-07,0.000293826569020448,0.000268902088773992
ID_W9UTJU,1e-07,0.000206498789318764,8.5309045558336e-05,1e-07,0.000206498789318764,8.5309045558336e-05
ID_GFQSV3,1e-07,0.000173228401258036,8.5309045558336e-05,1e-07,0.000173228401258036,8.5309045558336e-05
ID_G8MQYI,0.000827027013341044,0.000862025711039932,0.002782225415655836,0.000827027013341044,0.000862025711039932,0.002782225415655836
ID_K9FWUG,0.004340901802880404,0.0045833751325841405,0.005656708917242564,0.004340901802880404,0.0045833751325841405,0.005656708917242564
ID_2CCRSP,1e-07,0.001384454677881116,0.0017555959828349,1e-07,0.001384454677881116,0.0017555959828349
ID_U1ST6M,1e-07,0.00158066511087816,0.0020822540165781438,1e-07,0.00158066511087816,0.0020822540165781438
ID_BIBW8E,1e-07,0.0010147688573579358,0.000656271285941792,1e-07,0.0010147688573579358,0.000656271285941792
ID_G1TRLN,1e-07,0.0010850713820294438,0.0014874592690749921,1e-07,0.0010850713820294438,0.0014874592690749921
ID_ZDCCE5,1e-07,0.0010850713820294438,0.000656271285941792,1e-07,0.0010850713820294438,0.000656271285941792
ID_GJ1X0Y,0.000406677391404184,0.000862025711039932,0.0022112631752723797,0.000406677391404184,0.000862025711039932,0.0022112631752723797
ID_6R8K2I,0.000406677391404184,0.00111351287487716,0.002473515739750184,0.000406677391404184,0.00111351287487716,0.002473515739750184
ID_SB5WMN,0.000173467264926268,0.00037416041615003203,0.000268902088773992,0.000173467264926268,0.00037416041615003203,0.000268902088773992
ID_IDNZZO,1e-07,0.000206498789318764,8.5309045558336e-05,1e-07,0.000206498789318764,8.5309045558336e-05
ID_1QOW1W,1e-07,0.000173228401258036,0.000268902088773992,1e-07,0.000173228401258036,0.000268902088773992
ID_8WP8VX,0.004221080783778624,0.004765639491331128,0.005821986446644892,0.004221080783778624,0.004765639491331128,0.005821986446644892
ID_XELVEF,1e-07,0.000173228401258036,0.000268902088773992,1e-07,0.000173228401258036,0.000268902088773992
ID_54OCQC,0.01257686839806214,0.021695777687354884,0.060630229121444425,0.01257686839806214,0.021695777687354884,0.060630229121444425
ID_8PAGNV,0.01632944227111191,0.014582723081263455,0.03970210614154995,0.01632944227111191,0.014582723081263455,0.03970210614154995
ID_GYR7IN,0.002677613537698772,0.0033629788577018357,0.0069673438993374075,0.002677613537698772,0.0033629788577018357,0.0069673438993374075
ID_FLBXIB,0.02441527553022661,0.03823942556719962,0.07726538132738064,0.02441527553022661,0.03823942556719962,0.07726538132738064
ID_5VQXP0,0.039160449615570844,0.032758292709651866,0.05205421661738186,0.039160449615570844,0.032758292709651866,0.05205421661738186
ID_C85QWY,0.009259156473545273,0.006293558324588944,0.011235113104236652,0.009259156473545273,0.006293558324588944,0.011235113104236652
ID_HMDPWN,0.001526270738829404,0.00296629326489816,0.003715374247062084,0.001526270738829404,0.00296629326489816,0.003715374247062084
ID_S213JS,1e-07,0.001293748687838752,0.000909407102028764,1e-07,0.001293748687838752,0.000909407102028764
ID_JJB0N9,0.00993444426484653,0.012435282670776116,0.023313841880292598,0.00993444426484653,0.012435282670776116,0.023313841880292598
ID_JI09Z4,0.001526270738829404,0.00296629326489816,0.003715374247062084,0.001526270738829404,0.00296629326489816,0.003715374247062084
ID_XQD518,0.00557942437810018,0.007083966939836496,0.021036008044176754,0.00557942437810018,0.007083966939836496,0.021036008044176754
ID_6WA8X2,1e-07,0.000773378034790324,0.0014874592690749921,1e-07,0.000773378034790324,0.0014874592690749921
ID_LV4Z3X,1e-07,0.0012170062575155918,0.001738910306009012,1e-07,0.0012170062575155918,0.001738910306009012
ID_HG6O68,1e-07,0.001293748687838752,0.000909407102028764,1e-07,0.001293748687838752,0.000909407102028764
ID_U5R2MX,0.000184139695337008,0.0006344010714875799,0.0006622781608151081,0.000184139695337008,0.0006344010714875799,0.0006622781608151081
ID_P91KWI,0.0029876086371162162,0.003388177202089728,0.006697779678300912,0.0029876086371162162,0.003388177202089728,0.006697779678300912
ID_1LR5GS,0.001526270738829404,0.00296629326489816,0.003715374247062084,0.001526270738829404,0.00296629326489816,0.003715374247062084
ID_4V99R0,0.0020129873320010243,0.0021619089486973517,0.003715374247062084,0.0020129873320010243,0.0021619089486973517,0.003715374247062084
ID_K7VOHK,0.009738317594959387,0.010194139298507224,0.031708329811774745,0.009738317594959387,0.010194139298507224,0.031708329811774745
ID_CW7BS0,0.00557942437810018,0.007083966939836496,0.021036008044176754,0.00557942437810018,0.007083966939836496,0.021036008044176754
ID_AFAB4R,0.001970222606386112,0.001867990937745956,0.0025951188791030638,0.001970222606386112,0.001867990937745956,0.0025951188791030638
ID_78AWWK,0.00040758578892641196,0.000868810246512056,0.000907722322875812,0.00040758578892641196,0.000868810246512056,0.000907722322875812
ID_STJEV5,1e-07,0.000173228401258036,0.000394018721463988,1e-07,0.000173228401258036,0.000394018721463988
ID_SNEFWM,0.002160916086000512,0.0022087613784257357,0.003715374247062084,0.002160916086000512,0.0022087613784257357,0.003715374247062084
ID_1Z5H24,1e-07,0.0006344010714875799,0.000970987836720844,1e-07,0.0006344010714875799,0.000970987836720844
ID_5Y7E9L,0.002160916086000512,0.0022087613784257357,0.003715374247062084,0.002160916086000512,0.0022087613784257357,0.003715374247062084
ID_SQPD1Y,1e-07,0.001797646935118108,0.001650615625308152,1e-07,0.001797646935118108,0.001650615625308152
ID_QGJOBR,0.001526270738829404,0.00296629326489816,0.003715374247062084,0.001526270738829404,0.00296629326489816,0.003715374247062084
ID_FK332O,0.002160916086000512,0.0022087613784257357,0.003715374247062084,0.002160916086000512,0.0022087613784257357,0.003715374247062084
ID_W4K932,1e-07,0.000633515481922888,0.000970987836720844,1e-07,0.000633515481922888,0.000970987836720844
ID_5C4970,0.001526270738829404,0.00296629326489816,0.003715374247062084,0.001526270738829404,0.00296629326489816,0.003715374247062084
ID_0QG01H,0.0070297215159987395,0.00958441567907682,0.023643347013553112,0.0070297215159987395,0.00958441567907682,0.023643347013553112
ID_E1URRC,0.0020129873320010243,0.0021619089486973517,0.003715374247062084,0.0020129873320010243,0.0021619089486973517,0.003715374247062084
ID_ND44I5,0.0020129873320010243,0.0017889545853566119,0.0021140927800571844,0.0020129873320010243,0.0017889545853566119,0.0021140927800571844
ID_MOKPZ9,1e-07,0.000305629735435792,0.000268902088773992,1e-07,0.000305629735435792,0.000268902088773992
ID_YKQU0Q,1e-07,0.000773378034790324,0.0014874592690749921,1e-07,0.000773378034790324,0.0014874592690749921
ID_20X7IL,1e-07,0.000773378034790324,0.0014874592690749921,1e-07,0.000773378034790324,0.0014874592690749921
ID_XNR8IL,0.0070297215159987395,0.00958441567907682,0.023643347013553112,0.0070297215159987395,0.00958441567907682,0.023643347013553112
ID_PKK3GF,0.001526270738829404,0.00296629326489816,0.003715374247062084,0.001526270738829404,0.00296629326489816,0.003715374247062084
ID_L8XKD7,1e-07,0.0011997564661777919,0.001650615625308152,1e-07,0.0011997564661777919,0.001650615625308152
ID_W6BRD9,0.000173467264926268,0.00037416041615003203,0.000268902088773992,0.000173467264926268,0.00037416041615003203,0.000268902088773992
ID_YR9NYE,1e-07,0.0010850713820294438,0.0014874592690749921,1e-07,0.0010850713820294438,0.0014874592690749921
ID_C9SGUI,0.001526270738829404,0.00296629326489816,0.003715374247062084,0.001526270738829404,0.00296629326489816,0.003715374247062084
ID_MTQKCA,0.000173467264926268,0.000305629735435792,0.000268902088773992,0.000173467264926268,0.000305629735435792,0.000268902088773992
ID_PVWOIW,0.001105921116892544,0.002687416421216304,0.003505123240271372,0.001105921116892544,0.002687416421216304,0.003505123240271372
ID_QE0PJR,0.004246525223523416,0.002450655505728992,0.002279370309459512,0.004246525223523416,0.002450655505728992,0.002279370309459512
ID_XFDKO4,0.001526270738829404,0.00296629326489816,0.003715374247062084,0.001526270738829404,0.00296629326489816,0.003715374247062084
ID_V3C88O,0.000184139695337008,0.000617323082674828,0.0009164970286915359,0.000184139695337008,0.000617323082674828,0.0009164970286915359
ID_HW2F25,1e-07,0.000982266994106536,0.001476657741531292,1e-07,0.000982266994106536,0.001476657741531292
ID_02IJBN,1e-07,0.000982266994106536,0.001476657741531292,1e-07,0.000982266994106536,0.001476657741531292
ID_N3R2G6,0.0020129873320010243,0.0021619089486973517,0.003715374247062084,0.0020129873320010243,0.0021619089486973517,0.003715374247062084
ID_MPKREV,0.001526270738829404,0.00296629326489816,0.003715374247062084,0.001526270738829404,0.00296629326489816,0.003715374247062084
ID_4NOKI6,1e-07,0.000773378034790324,0.0014874592690749921,1e-07,0.000773378034790324,0.0014874592690749921
ID_0UNLYT,1e-07,0.000395885476748476,0.000268902088773992,1e-07,0.000395885476748476,0.000268902088773992
ID_TYEL0C,1e-07,0.0012170062575155918,0.0014874592690749921,1e-07,0.0012170062575155918,0.0014874592690749921
ID_FEV7BL,1e-07,0.0012170062575155918,0.0014874592690749921,1e-07,0.0012170062575155918,0.0014874592690749921
ID_X1R31L,1e-07,0.001293748687838752,0.001992046122095984,1e-07,0.001293748687838752,0.001992046122095984
ID_XOOML1,0.0033368997986279,0.004880049296747556,0.006491421302020388,0.0033368997986279,0.004880049296747556,0.006491421302020388
ID_UHO4EX,0.001526270738829404,0.00296629326489816,0.003715374247062084,0.001526270738829404,0.00296629326489816,0.003715374247062084
ID_FREVOR,1e-07,0.000617323082674828,0.000268902088773992,1e-07,0.000617323082674828,0.000268902088773992
ID_KB7C08,1e-07,0.000305629735435792,0.000394018721463988,1e-07,0.000305629735435792,0.000394018721463988
ID_PTA13J,1e-07,0.000773378034790324,0.0014874592690749921,1e-07,0.000773378034790324,0.0014874592690749921
ID_PE2XKW,0.001526270738829404,0.00296629326489816,0.003715374247062084,0.001526270738829404,0.00296629326489816,0.003715374247062084
ID_D4AGS1,0.001526270738829404,0.00296629326489816,0.003715374247062084,0.001526270738829404,0.00296629326489816,0.003715374247062084
ID_8NHTDF,0.002501956146182228,0.0025227174944941278,0.0054395137071383,0.002501956146182228,0.0025227174944941278,0.0054395137071383
ID_HL6L8P,1e-07,0.000305629735435792,0.000394018721463988,1e-07,0.000305629735435792,0.000394018721463988
ID_2LQ63Z,0.0020129873320010243,0.0021619089486973517,0.003715374247062084,0.0020129873320010243,0.0021619089486973517,0.003715374247062084
ID_MRS220,0.001526270738829404,0.00296629326489816,0.003715374247062084,0.001526270738829404,0.00296629326489816,0.003715374247062084
ID_ZAG8Y6,0.0070297215159987395,0.00958441567907682,0.023643347013553112,0.0070297215159987395,0.00958441567907682,0.023643347013553112
ID_F9LA3J,0.07385207149733271,0.15836251663037712,0.288246369511012,0.07385207149733271,0.15836251663037712,0.288246369511012
ID_Y9DABF,1e-07,0.000998459393354596,0.000970987836720844,1e-07,0.000998459393354596,0.000970987836720844
ID_V3AI5Z,0.029787257441204962,0.05805560757375548,0.09470085491429117,0.029787257441204962,0.05805560757375548,0.09470085491429117
ID_88JV6U,1e-07,0.000998459393354596,0.000970987836720844,1e-07,0.000998459393354596,0.000970987836720844
ID_RNX724,1e-07,0.001015537382167264,0.0004818770081486319,1e-07,0.001015537382167264,0.0004818770081486319
ID_HGRAVW,1e-07,0.001015537382167264,0.0004818770081486319,1e-07,0.001015537382167264,0.0004818770081486319
ID_CJRB1K,1e-07,0.000189420800506096,8.5309045558336e-05,1e-07,0.000189420800506096,8.5309045558336e-05
ID_PTSP80,1e-07,0.000321822134683852,8.5309045558336e-05,1e-07,0.000321822134683852,8.5309045558336e-05
ID_9EAVDN,1e-07,0.000321822134683852,8.5309045558336e-05,1e-07,0.000321822134683852,8.5309045558336e-05
ID_YM45P0,1e-07,0.000189420800506096,8.5309045558336e-05,1e-07,0.000189420800506096,8.5309045558336e-05
ID_01A97D,1e-07,0.000321822134683852,8.5309045558336e-05,1e-07,0.000321822134683852,8.5309045558336e-05
ID_A1ECJZ,1e-07,0.000321822134683852,8.5309045558336e-05,1e-07,0.000321822134683852,8.5309045558336e-05
ID_JOQSKL,1e-07,0.000173228401258036,8.5309045558336e-05,1e-07,0.000173228401258036,8.5309045558336e-05
ID_C5CLUE,0.00040758578892641196,0.000868810246512056,0.001484691438132668,0.00040758578892641196,0.000868810246512056,0.001484691438132668
ID_0C8KZH,0.0338989426302185,0.05398702593340503,0.09639334867076514,0.0338989426302185,0.05398702593340503,0.09639334867076514
ID_YHO3I2,1e-07,0.000998459393354596,0.000970987836720844,1e-07,0.000998459393354596,0.000970987836720844
ID_AHK206,1e-07,0.000305629735435792,0.000970987836720844,1e-07,0.000305629735435792,0.000970987836720844
ID_ERLXBG,1e-07,0.000173228401258036,8.5309045558336e-05,1e-07,0.000173228401258036,8.5309045558336e-05
ID_3HL2C9,1e-07,0.000206498789318764,8.5309045558336e-05,1e-07,0.000206498789318764,8.5309045558336e-05
ID_5VE6UT,0.004221080783778624,0.004866639031627692,0.005821986446644892,0.004221080783778624,0.004866639031627692,0.005821986446644892
ID_3E2WXH,1e-07,0.000305629735435792,0.000970987836720844,1e-07,0.000305629735435792,0.000970987836720844
ID_1BWM6H,1e-07,0.000305629735435792,0.000970987836720844,1e-07,0.000305629735435792,0.000970987836720844
ID_NQVDII,1e-07,0.000305629735435792,0.000970987836720844,1e-07,0.000305629735435792,0.000970987836720844
ID_9MXZMG,1e-07,0.000206498789318764,8.5309045558336e-05,1e-07,0.000206498789318764,8.5309045558336e-05
ID_LVAH3V,1e-07,0.000305629735435792,8.5309045558336e-05,1e-07,0.000305629735435792,8.5309045558336e-05
ID_QA38KR,1e-07,0.000305629735435792,0.000970987836720844,1e-07,0.000305629735435792,0.000970987836720844
ID_QUPBR5,1e-07,0.000305629735435792,0.000970987836720844,1e-07,0.000305629735435792,0.000970987836720844
ID_7DOD5R,1e-07,0.000206498789318764,8.5309045558336e-05,1e-07,0.000206498789318764,8.5309045558336e-05
ID_VNBIPS,1e-07,0.000206498789318764,8.5309045558336e-05,1e-07,0.000206498789318764,8.5309045558336e-05
ID_6P7N3B,0.08837292696675378,0.2121810104612932,0.3849536446097336,0.08837292696675378,0.2121810104612932,0.3849536446097336
ID_ZO2QTR,0.008559971228851047,0.011804353788668736,0.009188177394429956,0.008559971228851047,0.011804353788668736,0.009188177394429956
ID_FYU27B,1e-07,0.000206498789318764,8.5309045558336e-05,1e-07,0.000206498789318764,8.5309045558336e-05
ID_DBX7DS,0.01223871331805956,0.014208665245395744,0.013000293620793595,0.01223871331805956,0.014208665245395744,0.013000293620793595
ID_W5VGS0,0.000265891851527608,0.0006344010714875799,0.000268902088773992,0.000265891851527608,0.0006344010714875799,0.000268902088773992
ID_DF3WU7,1e-07,0.000206498789318764,8.5309045558336e-05,1e-07,0.000206498789318764,8.5309045558336e-05
ID_I2M4VZ,0.0006434767478494719,0.0012816502899582081,0.001738910306009012,0.0006434767478494719,0.0012816502899582081,0.001738910306009012
ID_ERFJWP,0.016112003985983264,0.015242993442251305,0.01489866172513757,0.016112003985983264,0.015242993442251305,0.01489866172513757
ID_9P61Y7,1e-07,0.001015537382167264,0.001476657741531292,1e-07,0.001015537382167264,0.001476657741531292
ID_BF8224,1e-07,0.000617323082674828,8.5309045558336e-05,1e-07,0.000617323082674828,8.5309045558336e-05
ID_KNHULM,1e-07,0.000173228401258036,8.5309045558336e-05,1e-07,0.000173228401258036,8.5309045558336e-05
ID_WZ8Q7B,1e-07,0.000206498789318764,8.5309045558336e-05,1e-07,0.000206498789318764,8.5309045558336e-05
ID_D9GW24,0.000184139695337008,0.000617323082674828,0.000268902088773992,0.000184139695337008,0.000617323082674828,0.000268902088773992
ID_R6P82I,0.050798929214957544,0.06429779706231288,0.06996870119197277,0.050798929214957544,0.06429779706231288,0.06996870119197277
ID_OEPZP1,0.010646952280813669,0.012403907854790747,0.010541876245692607,0.010646952280813669,0.012403907854790747,0.010541876245692607
ID_AWGISG,1e-07,0.000305629735435792,0.000970987836720844,1e-07,0.000305629735435792,0.000970987836720844
ID_U5TTSQ,1e-07,0.000173228401258036,8.5309045558336e-05,1e-07,0.000173228401258036,8.5309045558336e-05
ID_58G5VW,0.004896001215371707,0.00260105437441916,0.0029808407168286557,0.004896001215371707,0.00260105437441916,0.0029808407168286557
ID_D53KBD,1e-07,0.000633515481922888,0.001225206704597272,1e-07,0.000633515481922888,0.001225206704597272
ID_L5XIHQ,1e-07,0.00065059347073564,0.000394018721463988,1e-07,0.00065059347073564,0.000394018721463988
ID_QJGRN9,0.008559971228851047,0.011804353788668736,0.009188177394429956,0.008559971228851047,0.011804353788668736,0.009188177394429956
ID_ANC2EL,0.01736974524566639,0.022149338957354592,0.015149315752998016,0.01736974524566639,0.022149338957354592,0.015149315752998016
ID_UND8Q0,0.013915427839977252,0.019584447215942363,0.022027329918062513,0.013915427839977252,0.019584447215942363,0.022027329918062513
ID_ZAKPQT,0.013915427839977252,0.019584447215942363,0.022027329918062513,0.013915427839977252,0.019584447215942363,0.022027329918062513
ID_V44OGQ,0.01223871331805956,0.014208665245395744,0.013000293620793595,0.01223871331805956,0.014208665245395744,0.013000293620793595
ID_RXMSOV,0.000184139695337008,0.0007201274705977359,0.001225206704597272,0.000184139695337008,0.0007201274705977359,0.001225206704597272
ID_RD8R38,1e-07,0.00033890012349652003,8.5309045558336e-05,1e-07,0.00033890012349652003,8.5309045558336e-05
ID_HPEF5S,1e-07,0.00033890012349652003,8.5309045558336e-05,1e-07,0.00033890012349652003,8.5309045558336e-05
ID_NY1UNI,1e-07,0.00033890012349652003,8.5309045558336e-05,1e-07,0.00033890012349652003,8.5309045558336e-05
ID_GS6HXS,0.06963719501377094,0.1515297951635161,0.21870427114242288,0.06963719501377094,0.1515297951635161,0.21870427114242288
ID_CPYKMJ,1e-07,0.00033890012349652003,8.5309045558336e-05,1e-07,0.00033890012349652003,8.5309045558336e-05
ID_V6RK3N,0.013915427839977252,0.019584447215942363,0.022027329918062513,0.013915427839977252,0.019584447215942363,0.022027329918062513
ID_VHNKKG,1e-07,0.000305629735435792,0.000970987836720844,1e-07,0.000305629735435792,0.000970987836720844
ID_912IN5,1e-07,0.000173228401258036,8.5309045558336e-05,1e-07,0.000173228401258036,8.5309045558336e-05
ID_XJ8UQJ,1e-07,0.000305629735435792,0.000970987836720844,1e-07,0.000305629735435792,0.000970987836720844
ID_SLUC5Z,0.01223871331805956,0.014208665245395744,0.013000293620793595,0.01223871331805956,0.014208665245395744,0.013000293620793595
ID_B3GS6V,1e-07,0.000206498789318764,8.5309045558336e-05,1e-07,0.000206498789318764,8.5309045558336e-05
ID_HCZVFD,1e-07,0.000206498789318764,8.5309045558336e-05,1e-07,0.000206498789318764,8.5309045558336e-05
ID_11LXBP,0.008559971228851047,0.011804353788668736,0.009188177394429956,0.008559971228851047,0.011804353788668736,0.009188177394429956
ID_943TOK,1e-07,0.000617323082674828,8.5309045558336e-05,1e-07,0.000617323082674828,8.5309045558336e-05
ID_98OF3U,1e-07,0.000305629735435792,0.000970987836720844,1e-07,0.000305629735435792,0.000970987836720844
ID_AIQRMM,0.013915427839977252,0.019584447215942363,0.022027329918062513,0.013915427839977252,0.019584447215942363,0.022027329918062513
ID_8AKZAI,0.07491015728525878,0.17027367264780863,0.2492883701259775,0.07491015728525878,0.17027367264780863,0.2492883701259775
ID_3ERPGD,0.013915427839977252,0.019584447215942363,0.022027329918062513,0.013915427839977252,0.019584447215942363,0.022027329918062513
ID_9N2BZ0,1e-07,0.00019030639007070399,0.000268902088773992,1e-07,0.00019030639007070399,0.000268902088773992
ID_ELGE1U,1e-07,0.000206498789318764,8.5309045558336e-05,1e-07,0.000206498789318764,8.5309045558336e-05
ID_NSSWZI,0.010646952280813669,0.012403907854790747,0.010541876245692607,0.010646952280813669,0.012403907854790747,0.010541876245692607
ID_RI54E7,0.008559971228851047,0.011804353788668736,0.009188177394429956,0.008559971228851047,0.011804353788668736,0.009188177394429956
ID_7E6BAM,1e-07,0.000206498789318764,8.5309045558336e-05,1e-07,0.000206498789318764,8.5309045558336e-05
ID_8T01EV,1e-07,0.000305629735435792,8.5309045558336e-05,1e-07,0.000305629735435792,8.5309045558336e-05
ID_XQNM9U,1e-07,0.000206498789318764,8.5309045558336e-05,1e-07,0.000206498789318764,8.5309045558336e-05
ID_5T9X89,1e-07,0.000173228401258036,8.5309045558336e-05,1e-07,0.000173228401258036,8.5309045558336e-05
ID_UNCSDQ,0.0006434767478494719,0.0012816502899582081,0.001738910306009012,0.0006434767478494719,0.0012816502899582081,0.001738910306009012
ID_NN5TUZ,0.0712803675088859,0.11496929056048609,0.12805012827080428,0.0712803675088859,0.11496929056048609,0.12805012827080428
ID_VRS6GC,0.355692238246855,0.4671434099084872,0.6208369841478869,0.355692238246855,0.4671434099084872,0.6208369841478869
ID_13DMQK,0.01272914448737166,0.016278615733819342,0.01621649146524793,0.01272914448737166,0.016278615733819342,0.01621649146524793
ID_ZP9WX2,1e-07,0.000173228401258036,8.5309045558336e-05,1e-07,0.000173228401258036,8.5309045558336e-05
ID_1I109E,1e-07,0.000206498789318764,8.5309045558336e-05,1e-07,0.000206498789318764,8.5309045558336e-05
ID_VSSJY6,1e-07,0.00065059347073564,0.000394018721463988,1e-07,0.00065059347073564,0.000394018721463988
ID_IEMM1P,0.004896001215371707,0.00260105437441916,0.003106743644829632,0.004896001215371707,0.00260105437441916,0.003106743644829632
ID_1ZVAM5,0.004896001215371707,0.00260105437441916,0.0029808407168286557,0.004896001215371707,0.00260105437441916,0.0029808407168286557
ID_YOQAQP,1e-07,0.000173228401258036,8.5309045558336e-05,1e-07,0.000173228401258036,8.5309045558336e-05
ID_ZHA6W2,0.000184139695337008,0.0007201274705977359,0.000970987836720844,0.000184139695337008,0.0007201274705977359,0.000970987836720844
ID_F3ZEOL,1e-07,0.000206498789318764,8.5309045558336e-05,1e-07,0.000206498789318764,8.5309045558336e-05
ID_4LITIF,1e-07,0.000206498789318764,8.5309045558336e-05,1e-07,0.000206498789318764,8.5309045558336e-05
ID_5ETGVM,0.007169785695298792,0.012017276925949907,0.00713074848814988,0.007169785695298792,0.012017276925949907,0.00713074848814988
ID_PQC182,0.034552076697208806,0.052535318568912,0.042060399288228655,0.034552076697208806,0.052535318568912,0.042060399288228655
ID_CS57AE,0.007426063277636484,0.009260993597233704,0.00825089005768526,0.007426063277636484,0.009260993597233704,0.00825089005768526
ID_9DOYYB,1e-07,0.000206498789318764,8.5309045558336e-05,1e-07,0.000206498789318764,8.5309045558336e-05
ID_3L5YZU,1e-07,0.000173228401258036,8.5309045558336e-05,1e-07,0.000173228401258036,8.5309045558336e-05
ID_6XOCO5,0.10911888972213526,0.14493521438186407,0.1359988037445614,0.10911888972213526,0.14493521438186407,0.1359988037445614
ID_9X5DUT,1e-07,0.000305629735435792,0.000970987836720844,1e-07,0.000305629735435792,0.000970987836720844
ID_SH20YB,0.007169785695298792,0.008437175205327097,0.00606494835689654,0.007169785695298792,0.008437175205327097,0.00606494835689654
ID_FHGVV9,0.01223871331805956,0.014208665245395744,0.013000293620793595,0.01223871331805956,0.014208665245395744,0.013000293620793595
ID_L4O697,1e-07,0.000305629735435792,0.000970987836720844,1e-07,0.000305629735435792,0.000970987836720844
ID_FC6AVA,0.005360161532036144,0.004025179512975188,0.00496664407025726,0.005360161532036144,0.004025179512975188,0.00496664407025726
ID_IX1XZE,0.000173467264926268,0.0006344010714875799,0.000268902088773992,0.000173467264926268,0.0006344010714875799,0.000268902088773992
ID_WLB3OY,1e-07,0.000173228401258036,8.5309045558336e-05,1e-07,0.000173228401258036,8.5309045558336e-05
ID_IVGM81,1e-07,0.000206498789318764,8.5309045558336e-05,1e-07,0.000206498789318764,8.5309045558336e-05
ID_OU57VU,0.31615503791247646,0.3630064485492445,0.6186076494182343,0.31615503791247646,0.3630064485492445,0.6186076494182343
ID_5ESG41,1e-07,0.000305629735435792,0.000970987836720844,1e-07,0.000305629735435792,0.000970987836720844
ID_J8UC33,0.000184139695337008,0.0011329675140438879,0.00176479253592058,0.000184139695337008,0.0011329675140438879,0.00176479253592058
ID_RZTGRM,1e-07,0.000703935071349676,8.5309045558336e-05,1e-07,0.000703935071349676,8.5309045558336e-05
ID_X20N3V,0.007688366433643767,0.00550104239061128,0.00359693544236342,0.007688366433643767,0.00550104239061128,0.00359693544236342
ID_FJEDHF,0.000184139695337008,0.000703935071349676,8.5309045558336e-05,0.000184139695337008,0.000703935071349676,8.5309045558336e-05
ID_SJE34O,1e-07,0.00027603278918094396,8.5309045558336e-05,1e-07,0.00027603278918094396,8.5309045558336e-05
ID_RZ9Y4F,0.3462411314239252,0.384721934983975,0.6674532118354248,0.3462411314239252,0.384721934983975,0.6674532118354248
ID_RS03YH,1e-07,0.0010850713820294438,0.001225206704597272,1e-07,0.0010850713820294438,0.001225206704597272
ID_T3ZPB4,0.00040758578892641196,0.0009554222351869041,0.000523675605377852,0.00040758578892641196,0.0009554222351869041,0.000523675605377852
ID_BKMKQW,0.000184139695337008,0.000703935071349676,0.000268902088773992,0.000184139695337008,0.000703935071349676,0.000268902088773992
ID_VR1KM6,0.011186762133917907,0.0233218495435289,0.023038768665368085,0.011186762133917907,0.0233218495435289,0.023038768665368085
ID_SVZ7XA,0.000184139695337008,0.0011329675140438879,0.00176479253592058,0.000184139695337008,0.0011329675140438879,0.00176479253592058
ID_FXZJ9P,0.010365995690296335,0.010217422144006923,0.018267846223259214,0.010365995690296335,0.010217422144006923,0.018267846223259214
ID_KNMLWQ,0.007688366433643767,0.00550104239061128,0.00359693544236342,0.007688366433643767,0.00550104239061128,0.00359693544236342
ID_IKARHH,0.000184139695337008,0.00141037761960652,0.001781478212746384,0.000184139695337008,0.00141037761960652,0.001781478212746384
ID_EG3WG1,0.000184139695337008,0.000703935071349676,8.5309045558336e-05,0.000184139695337008,0.000703935071349676,8.5309045558336e-05
ID_5YP67S,0.000184139695337008,0.0011329675140438879,0.00176479253592058,0.000184139695337008,0.0011329675140438879,0.00176479253592058
ID_KHCER6,0.000184139695337008,0.000703935071349676,8.5309045558336e-05,0.000184139695337008,0.000703935071349676,8.5309045558336e-05
ID_LB1ZVJ,0.000184139695337008,0.0011329675140438879,0.00176479253592058,0.000184139695337008,0.0011329675140438879,0.00176479253592058
ID_HXW1NS,0.000184139695337008,0.000971614634434964,0.001233240401198648,0.000184139695337008,0.000971614634434964,0.001233240401198648
ID_025265,0.016883028652494768,0.034670264391076316,0.03200986752648197,0.016883028652494768,0.034670264391076316,0.03200986752648197
ID_TUZVTJ,0.000184139695337008,0.00141037761960652,0.001781478212746384,0.000184139695337008,0.00141037761960652,0.001781478212746384
ID_8412IY,1e-07,0.00039224172411064,0.0008565477936464359,1e-07,0.00039224172411064,0.0008565477936464359
ID_YS28JJ,0.000184139695337008,0.00141037761960652,0.001781478212746384,0.000184139695337008,0.00141037761960652,0.001781478212746384
ID_KV57PL,0.016883028652494768,0.034670264391076316,0.03200986752648197,0.016883028652494768,0.034670264391076316,0.03200986752648197
ID_R7MUTH,0.007688366433643767,0.00550104239061128,0.00359693544236342,0.007688366433643767,0.00550104239061128,0.00359693544236342
ID_7W8OTR,0.00897581015674408,0.010120917707505452,0.010228605777773032,0.00897581015674408,0.010120917707505452,0.010228605777773032
ID_RLR27L,1e-07,0.0007201274705977359,0.000594295229168632,1e-07,0.0007201274705977359,0.000594295229168632
ID_K810PX,0.007831743973191523,0.0064865413748942755,0.004070449852103704,0.007831743973191523,0.0064865413748942755,0.004070449852103704
ID_IV0V7P,0.00979657660036565,0.015821333503849497,0.018563899508646595,0.00979657660036565,0.015821333503849497,0.018563899508646595
ID_JWVELH,0.00040758578892641196,0.0009554222351869041,0.000523675605377852,0.00040758578892641196,0.0009554222351869041,0.000523675605377852
ID_YK437J,1e-07,0.00027603278918094396,8.5309045558336e-05,1e-07,0.00027603278918094396,8.5309045558336e-05
ID_M8HQOP,0.00040758578892641196,0.0009554222351869041,0.000523675605377852,0.00040758578892641196,0.0009554222351869041,0.000523675605377852
ID_P53TGF,0.000184139695337008,0.0009554222351869041,0.0008565477936464359,0.000184139695337008,0.0009554222351869041,0.0008565477936464359
ID_0GMSEZ,0.007831743973191523,0.0064865413748942755,0.006156294129966532,0.007831743973191523,0.0064865413748942755,0.006156294129966532
ID_O8GCOX,1e-07,0.0007201274705977359,0.00017316733224289601,1e-07,0.0007201274705977359,0.00017316733224289601
ID_IZ6LA1,0.000184139695337008,0.000703935071349676,8.5309045558336e-05,0.000184139695337008,0.000703935071349676,8.5309045558336e-05
ID_BTYO7S,1e-07,0.0002598403899328,8.5309045558336e-05,1e-07,0.0002598403899328,8.5309045558336e-05
ID_C4SULL,1e-07,0.00027603278918094396,8.5309045558336e-05,1e-07,0.00027603278918094396,8.5309045558336e-05
ID_78O60N,0.00477571996681736,0.005343107490867728,0.009637776160237027,0.00477571996681736,0.005343107490867728,0.009637776160237027
ID_5PJW4M,0.007831743973191523,0.0064865413748942755,0.004070449852103704,0.007831743973191523,0.0064865413748942755,0.004070449852103704
ID_QW7JWQ,0.000173467264926268,0.000703935071349676,0.000268902088773992,0.000173467264926268,0.000703935071349676,0.000268902088773992
ID_6FCK76,1e-07,0.0002598403899328,8.5309045558336e-05,1e-07,0.0002598403899328,8.5309045558336e-05
ID_J5T35I,0.021317073435043136,0.032257083907220985,0.06852943272728901,0.021317073435043136,0.032257083907220985,0.06852943272728901
ID_FIKPR0,0.000173467264926268,0.00048434029289958,0.000268902088773992,0.000173467264926268,0.00048434029289958,0.000268902088773992
ID_U4XVP2,1e-07,0.0002598403899328,8.5309045558336e-05,1e-07,0.0002598403899328,8.5309045558336e-05
ID_5DLUXE,0.006165783691046287,0.0035668577225609595,0.010182038023301504,0.006165783691046287,0.0035668577225609595,0.010182038023301504
ID_X86LHN,0.01272914448737166,0.016335460369525524,0.02262119975587629,0.01272914448737166,0.016335460369525524,0.02262119975587629
ID_14Q6RD,0.010365995690296335,0.009516206665519349,0.011216401629555783,0.010365995690296335,0.009516206665519349,0.011216401629555783
ID_2X0LF9,1e-07,0.0004084341233587,0.000970987836720844,1e-07,0.0004084341233587,0.000970987836720844
ID_PZT1O4,0.000184139695337008,0.000703935071349676,8.5309045558336e-05,0.000184139695337008,0.000703935071349676,8.5309045558336e-05
ID_T0VXOC,1e-07,0.00039224172411064,8.5309045558336e-05,1e-07,0.00039224172411064,8.5309045558336e-05
ID_B8SSFI,0.000184139695337008,0.0011329675140438879,0.00176479253592058,0.000184139695337008,0.0011329675140438879,0.00176479253592058
ID_2P5Y4J,0.007688366433643767,0.00550104239061128,0.00359693544236342,0.007688366433643767,0.00550104239061128,0.00359693544236342
ID_X3NJBT,1e-07,0.00127075564269994,0.001476657741531292,1e-07,0.00127075564269994,0.001476657741531292
ID_KVD9F9,1e-07,0.00027603278918094396,8.5309045558336e-05,1e-07,0.00027603278918094396,8.5309045558336e-05
ID_IT07FQ,1e-07,0.000703935071349676,0.000394018721463988,1e-07,0.000703935071349676,0.000394018721463988
ID_USJ774,1e-07,0.000196690253419252,8.5309045558336e-05,1e-07,0.000196690253419252,8.5309045558336e-05
ID_88K33G,0.01272914448737166,0.016335460369525524,0.02262119975587629,0.01272914448737166,0.016335460369525524,0.02262119975587629
ID_QY83BU,0.004246525223523416,0.0033681297030614963,0.006796640437435712,0.004246525223523416,0.0033681297030614963,0.006796640437435712
ID_UF7243,0.029506037347523384,0.03952591793475946,0.045871136890104594,0.029506037347523384,0.03952591793475946,0.045871136890104594
ID_B6RUJE,0.007946363712746783,0.009495608171237799,0.009860587857144967,0.007946363712746783,0.009495608171237799,0.009860587857144967
ID_KVI6CR,0.010962635044903765,0.009884707117400712,0.010228605777773032,0.010962635044903765,0.009884707117400712,0.010228605777773032
ID_TCPBQ5,1e-07,0.00027603278918094396,8.5309045558336e-05,1e-07,0.00027603278918094396,8.5309045558336e-05
ID_0A3D61,0.007688366433643767,0.00550104239061128,0.00359693544236342,0.007688366433643767,0.00550104239061128,0.00359693544236342
ID_IUNS0S,0.00800115030521914,0.009495608171237799,0.010228605777773032,0.00800115030521914,0.009495608171237799,0.010228605777773032
ID_BAL7PW,0.01031120909782398,0.008435336939108692,0.007052855283342532,0.01031120909782398,0.008435336939108692,0.007052855283342532
ID_HIBJMU,1e-07,0.00039224172411064,0.001233240401198648,1e-07,0.00039224172411064,0.001233240401198648
ID_YA57G5,0.016883028652494768,0.03559141990755647,0.027382807201823303,0.016883028652494768,0.03559141990755647,0.027382807201823303
ID_TP1FM0,1e-07,0.00027603278918094396,8.5309045558336e-05,1e-07,0.00027603278918094396,8.5309045558336e-05
ID_NEHNAT,1e-07,0.0007201274705977359,0.0014874592690749921,1e-07,0.0007201274705977359,0.0014874592690749921
ID_GJ6EAI,0.007831743973191523,0.0064865413748942755,0.006156294129966532,0.007831743973191523,0.0064865413748942755,0.006156294129966532
ID_0CIEHB,0.000561724591658956,0.0007201274705977359,0.001684967945837312,0.000561724591658956,0.0007201274705977359,0.001684967945837312
ID_7Y89QF,1e-07,0.0007201274705977359,0.0014874592690749921,1e-07,0.0007201274705977359,0.0014874592690749921
ID_6T0VAE,0.007971808152491575,0.0064865413748942755,0.004070449852103704,0.007971808152491575,0.0064865413748942755,0.004070449852103704
ID_IKW38H,1e-07,0.00039224172411064,8.5309045558336e-05,1e-07,0.00039224172411064,8.5309045558336e-05
ID_ZML7ZV,1e-07,0.00039224172411064,0.001233240401198648,1e-07,0.00039224172411064,0.001233240401198648
ID_5UAGTH,0.000184139695337008,0.000703935071349676,8.5309045558336e-05,0.000184139695337008,0.000703935071349676,8.5309045558336e-05
ID_YKM2IB,0.007688366433643767,0.00550104239061128,0.00359693544236342,0.007688366433643767,0.00550104239061128,0.00359693544236342
ID_RNJTWY,1e-07,0.0002598403899328,8.5309045558336e-05,1e-07,0.0002598403899328,8.5309045558336e-05
ID_A33GZ8,0.007831743973191523,0.006053578852059792,0.004070449852103704,0.007831743973191523,0.006053578852059792,0.004070449852103704
ID_LO3Q82,1e-07,0.00127075564269994,0.001476657741531292,1e-07,0.00127075564269994,0.001476657741531292
ID_1QHERL,0.000926918466697196,0.0013203661466186121,0.0008565477936464359,0.000926918466697196,0.0013203661466186121,0.0008565477936464359
ID_LG9GE0,0.007831743973191523,0.0064865413748942755,0.006156294129966532,0.007831743973191523,0.0064865413748942755,0.006156294129966532
ID_VNZ3QZ,1e-07,0.001116775114795828,0.0016769342492359359,1e-07,0.001116775114795828,0.0016769342492359359
ID_LIDJSX,0.007831743973191523,0.0064865413748942755,0.006156294129966532,0.007831743973191523,0.0064865413748942755,0.006156294129966532
ID_KNMCFG,0.00897581015674408,0.010120917707505452,0.010228605777773032,0.00897581015674408,0.010120917707505452,0.010228605777773032
ID_GG3PR8,0.01272914448737166,0.016335460369525524,0.02262119975587629,0.01272914448737166,0.016335460369525524,0.02262119975587629
ID_5NP8O2,1e-07,0.0002598403899328,8.5309045558336e-05,1e-07,0.0002598403899328,8.5309045558336e-05
ID_RGOMLT,0.005360161532036144,0.005343107490867728,0.011044308341799704,0.005360161532036144,0.005343107490867728,0.011044308341799704
ID_P5VG1W,1e-07,0.0002598403899328,8.5309045558336e-05,1e-07,0.0002598403899328,8.5309045558336e-05
ID_0MM662,0.007831743973191523,0.0064865413748942755,0.006156294129966532,0.007831743973191523,0.0064865413748942755,0.006156294129966532
ID_J5Y7PU,1e-07,0.00027603278918094396,8.5309045558336e-05,1e-07,0.00027603278918094396,8.5309045558336e-05
ID_ZEHDY0,0.01531824202049124,0.014467368748599383,0.029897026963611562,0.01531824202049124,0.014467368748599383,0.029897026963611562
ID_RIZO46,0.000184139695337008,0.00039224172411064,0.000268902088773992,0.000184139695337008,0.00039224172411064,0.000268902088773992
ID_QSKCAZ,0.010365995690296335,0.010238020638288473,0.011216401629555783,0.010365995690296335,0.010238020638288473,0.011216401629555783
ID_JKMK9T,0.00040758578892641196,0.0011997564661777919,0.000523675605377852,0.00040758578892641196,0.0011997564661777919,0.000523675605377852
ID_3C2BK1,0.007831743973191523,0.0064865413748942755,0.004070449852103704,0.007831743973191523,0.0064865413748942755,0.004070449852103704
ID_86AMRV,0.007831743973191523,0.006053578852059792,0.004070449852103704,0.007831743973191523,0.006053578852059792,0.004070449852103704
ID_KKMWCT,0.000184139695337008,0.0011329675140438879,0.00176479253592058,0.000184139695337008,0.0011329675140438879,0.00176479253592058
ID_KFTO2Q,0.00800115030521914,0.009495608171237799,0.009860587857144967,0.00800115030521914,0.009495608171237799,0.009860587857144967
ID_C9EOF9,0.007831743973191523,0.006053578852059792,0.004070449852103704,0.007831743973191523,0.006053578852059792,0.004070449852103704
ID_VCCV99,0.007946363712746783,0.008531216169811725,0.010228605777773032,0.007946363712746783,0.008531216169811725,0.010228605777773032
ID_11L375,0.007688366433643767,0.00550104239061128,0.00359693544236342,0.007688366433643767,0.00550104239061128,0.00359693544236342
ID_Z0ZX8Q,0.009078551967196024,0.0056514412593013635,0.00359693544236342,0.009078551967196024,0.0056514412593013635,0.00359693544236342
ID_0XYW8F,0.007946363712746783,0.008178527854722404,0.006684837362714468,0.007946363712746783,0.008178527854722404,0.006684837362714468
ID_0221N3,0.00800115030521914,0.00925939758113306,0.009860587857144967,0.00800115030521914,0.00925939758113306,0.009860587857144967
ID_X5LN7Q,1e-07,0.00125456324345188,0.0016769342492359359,1e-07,0.00125456324345188,0.0016769342492359359
ID_TN8FUY,0.000184139695337008,0.000971614634434964,0.001233240401198648,0.000184139695337008,0.000971614634434964,0.001233240401198648
ID_3S3Q6C,1e-07,0.0007201274705977359,0.000394018721463988,1e-07,0.0007201274705977359,0.000394018721463988
ID_TQK7PN,0.000184139695337008,0.000703935071349676,8.5309045558336e-05,0.000184139695337008,0.000703935071349676,8.5309045558336e-05
ID_026QJO,0.007688366433643767,0.00550104239061128,0.00359693544236342,0.007688366433643767,0.00550104239061128,0.00359693544236342
ID_GI6XEF,0.00800115030521914,0.00925939758113306,0.009860587857144967,0.00800115030521914,0.00925939758113306,0.009860587857144967
ID_KQKFQH,1e-07,0.00027603278918094396,8.5309045558336e-05,1e-07,0.00027603278918094396,8.5309045558336e-05
ID_569S5F,0.007831743973191523,0.0064865413748942755,0.006156294129966532,0.007831743973191523,0.0064865413748942755,0.006156294129966532
ID_087YXO,0.007831743973191523,0.0064865413748942755,0.006156294129966532,0.007831743973191523,0.0064865413748942755,0.006156294129966532
ID_GHFIYF,1e-07,0.001068878982781384,0.000285585553262896,1e-07,0.001068878982781384,0.000285585553262896
ID_M2VJSV,0.007688366433643767,0.00550104239061128,0.00359693544236342,0.007688366433643767,0.00550104239061128,0.00359693544236342
ID_J41EOZ,0.000184139695337008,0.0007518312033641199,0.0008565477936464359,0.000184139695337008,0.0007518312033641199,0.0008565477936464359
ID_L9AYVK,0.000184139695337008,0.0011329675140438879,0.00176479253592058,0.000184139695337008,0.0011329675140438879,0.00176479253592058
ID_7LRO3G,0.008597789659826568,0.009495608171237799,0.010228605777773032,0.008597789659826568,0.009495608171237799,0.010228605777773032
ID_6FXFJ0,0.016883028652494768,0.03559141990755647,0.027382807201823303,0.016883028652494768,0.03559141990755647,0.027382807201823303
ID_99UIDN,0.042790024769221176,0.04769625592460449,0.055504941059531604,0.042790024769221176,0.04769625592460449,0.055504941059531604
ID_9ZXQCO,0.03824537279621596,0.060276726401679144,0.05370872743224504,0.03824537279621596,0.060276726401679144,0.05370872743224504
ID_KEVQ52,0.002859162584690032,0.003357265760354708,0.001888298294460864,0.002859162584690032,0.003357265760354708,0.001888298294460864
ID_4OHGZ7,0.033498974202036104,0.026869869516865104,0.04927815325110568,0.033498974202036104,0.026869869516865104,0.04927815325110568
ID_BTUU06,0.007747738934632607,0.009886965863643212,0.018461762900428356,0.007747738934632607,0.009886965863643212,0.018461762900428356
ID_G7Z3UK,0.002025346965395144,0.00394637219903232,0.0031608415976146437,0.002025346965395144,0.00394637219903232,0.0031608415976146437
ID_E5C3ZB,0.15085721952708125,0.21708181018124575,0.18354947448318767,0.15085721952708125,0.21708181018124575,0.18354947448318767
ID_EPH6A9,0.03647690548482636,0.029213376287361825,0.03257486078126405,0.03647690548482636,0.029213376287361825,0.03257486078126405
ID_Z0SOKW,0.04906406156930267,0.09120588145680984,0.032266382901109725,0.04906406156930267,0.09120588145680984,0.032266382901109725
ID_WNJ45A,0.029207292764827357,0.03419896288096076,0.039238683866137464,0.029207292764827357,0.03419896288096076,0.039238683866137464
ID_4E33DR,0.09868024301286729,0.15264254604960806,0.12765507227592,0.09868024301286729,0.15264254604960806,0.12765507227592
ID_NHY4V0,0.14733061882763845,0.2092041337521539,0.16171114160606026,0.14733061882763845,0.2092041337521539,0.16171114160606026
ID_NNBK1Y,0.05069939805145566,0.08907399347530655,0.10478912708931468,0.05069939805145566,0.08907399347530655,0.10478912708931468
ID_CV1BRR,0.13330351189708275,0.13870333102807364,0.20733828165664894,0.13330351189708275,0.13870333102807364,0.20733828165664894
ID_X70RUE,0.002859162584690032,0.0025672665528528402,0.001888298294460864,0.002859162584690032,0.0025672665528528402,0.001888298294460864
ID_ZYKJPD,0.11116227475719352,0.17016950232953856,0.17041852330229515,0.11116227475719352,0.17016950232953856,0.17041852330229515
ID_RFKV4T,0.158972594542626,0.22206978026026408,0.18854999256897043,0.158972594542626,0.22206978026026408,0.18854999256897043
ID_46V35V,0.13710220429408362,0.20208122336825513,0.15099058469309695,0.13710220429408362,0.20208122336825513,0.15099058469309695
ID_HXFJXO,0.06812942474479587,0.09489400122536978,0.13226285982959848,0.06812942474479587,0.09489400122536978,0.13226285982959848
ID_766C2X,0.035679572121205934,0.02520071210766509,0.02971988434367647,0.035679572121205934,0.02520071210766509,0.02971988434367647
ID_B522KP,0.18632873813608056,0.1447670892224249,0.11583893881079972,0.18632873813608056,0.1447670892224249,0.11583893881079972
ID_NNZRQ5,0.00040758578892641196,0.001171104176816604,0.000656271285941792,0.00040758578892641196,0.001171104176816604,0.000656271285941792
ID_6REZPV,1e-07,0.00032270772424845996,8.5309045558336e-05,1e-07,0.00032270772424845996,8.5309045558336e-05
ID_0B522U,0.016112003985983264,0.014638409124788795,0.01623744520913276,0.016112003985983264,0.014638409124788795,0.01623744520913276
ID_YDE5FQ,0.0031152204526617277,0.001097320475629016,0.001249308525109844,0.0031152204526617277,0.001097320475629016,0.001249308525109844
ID_QPQC3A,1e-07,0.00019030639007070399,8.5309045558336e-05,1e-07,0.00019030639007070399,8.5309045558336e-05
ID_QFC5OG,0.000184139695337008,0.000885002645760116,0.001418164128417284,0.000184139695337008,0.000885002645760116,0.001418164128417284
ID_RDR60H,0.02991944377699947,0.039027707716912795,0.038527543089827754,0.02991944377699947,0.039027707716912795,0.038527543089827754
ID_MIR1LK,0.000173467264926268,0.00037416041615003203,0.000268902088773992,0.000173467264926268,0.00037416041615003203,0.000268902088773992
ID_I3HT44,0.000173467264926268,0.000885888235324808,0.000268902088773992,0.000173467264926268,0.000885888235324808,0.000268902088773992
ID_OUCMMB,0.06553516610696802,0.06804863962239763,0.10478970235099168,0.06553516610696802,0.06804863962239763,0.10478970235099168
ID_K1OC1B,0.000184139695337008,0.000885002645760116,0.001418164128417284,0.000184139695337008,0.000885002645760116,0.001418164128417284
ID_KZ62H4,0.000511583429794724,0.002688156562652404,0.003415615114218504,0.000511583429794724,0.002688156562652404,0.003415615114218504
ID_UMT74G,0.015335880907227073,0.012403907854790747,0.015224339958238912,0.015335880907227073,0.012403907854790747,0.015224339958238912
ID_N8VDI6,1e-07,0.000305629735435792,8.5309045558336e-05,1e-07,0.000305629735435792,8.5309045558336e-05
ID_E2CZGL,0.000173467264926268,0.000395885476748476,0.000268902088773992,0.000173467264926268,0.000395885476748476,0.000268902088773992
ID_WFD1TM,0.000173467264926268,0.00037416041615003203,0.000268902088773992,0.000173467264926268,0.00037416041615003203,0.000268902088773992
ID_RNAW7W,0.000184139695337008,0.000617323082674828,0.000394018721463988,0.000184139695337008,0.000617323082674828,0.000394018721463988
ID_BD754O,0.000173467264926268,0.000885888235324808,0.000268902088773992,0.000173467264926268,0.000885888235324808,0.000268902088773992
ID_HAG65N,1e-07,0.000127156253557072,8.5309045558336e-05,1e-07,0.000127156253557072,8.5309045558336e-05
ID_92CEAO,0.01797519447791247,0.018000604071469598,0.032015241554915655,0.01797519447791247,0.018000604071469598,0.032015241554915655
ID_MO5XSX,0.000173467264926268,0.0006344010714875799,0.000268902088773992,0.000173467264926268,0.0006344010714875799,0.000268902088773992
ID_WDQMGW,0.000173467264926268,0.0006344010714875799,0.000268902088773992,0.000173467264926268,0.0006344010714875799,0.000268902088773992
ID_NCVJVG,0.000173467264926268,0.000564314384852152,0.000268902088773992,0.000173467264926268,0.000564314384852152,0.000268902088773992
ID_SE5AT9,0.3596197974307619,0.3489715187088606,0.42024150824535617,0.3596197974307619,0.3489715187088606,0.42024150824535617
ID_452A1U,1e-07,0.00019030639007070399,8.5309045558336e-05,1e-07,0.00019030639007070399,8.5309045558336e-05
ID_WY389E,0.016281906688445195,0.02284705914894521,0.024960396874140027,0.016281906688445195,0.02284705914894521,0.024960396874140027
ID_Z5G2VW,0.00477571996681736,0.00537675362783634,0.010263466297593619,0.00477571996681736,0.00537675362783634,0.010263466297593619
ID_8QW09D,0.09346632277562868,0.12796902363973128,0.14550286476290206,0.09346632277562868,0.12796902363973128,0.14550286476290206
ID_9W65RB,0.00040758578892641196,0.001110175083709792,0.001233240401198648,0.00040758578892641196,0.001110175083709792,0.001233240401198648
ID_IAR1TC,0.06967972615002598,0.05568390447380489,0.05224163755714592,0.06967972615002598,0.05568390447380489,0.05224163755714592
ID_2PVFDX,0.000184139695337008,0.0006344010714875799,8.5309045558336e-05,0.000184139695337008,0.0006344010714875799,8.5309045558336e-05
ID_T5TMGO,0.36199577506991176,0.36411835387640695,0.5040890900599801,0.36199577506991176,0.36411835387640695,0.5040890900599801
ID_IIJINI,0.014333541652831572,0.007751731549565949,0.013361116041863401,0.014333541652831572,0.007751731549565949,0.013361116041863401
ID_JYRV1A,0.0768436461047326,0.0763411259953347,0.18734383403084295,0.0768436461047326,0.0763411259953347,0.18734383403084295
ID_BRIWDT,0.028190386767918955,0.027341475636139048,0.02226089083475196,0.028190386767918955,0.027341475636139048,0.02226089083475196
ID_KVYYM5,1e-07,0.000127156253557072,8.5309045558336e-05,1e-07,0.000127156253557072,8.5309045558336e-05
ID_FMLX4W,0.004646519360596468,0.0016416300673634,0.0023864383532064557,0.004646519360596468,0.0016416300673634,0.0023864383532064557
ID_UX47K8,0.000173467264926268,0.000564314384852152,0.000268902088773992,0.000173467264926268,0.000564314384852152,0.000268902088773992
ID_QRS3Q0,1e-07,0.00048492174849707197,0.000394018721463988,1e-07,0.00048492174849707197,0.000394018721463988
ID_UU46AR,0.000173467264926268,0.000564314384852152,0.000268902088773992,0.000173467264926268,0.000564314384852152,0.000268902088773992
ID_FVZ6BG,0.000173467264926268,0.000564314384852152,0.000268902088773992,0.000173467264926268,0.000564314384852152,0.000268902088773992
ID_APXA0T,1e-07,0.00032270772424845996,8.5309045558336e-05,1e-07,0.00032270772424845996,8.5309045558336e-05
ID_JAUDVH,0.000184139695337008,0.000633515481922888,0.001225206704597272,0.000184139695337008,0.000633515481922888,0.001225206704597272
ID_78D5FE,0.016112003985983264,0.014638409124788795,0.01623744520913276,0.016112003985983264,0.014638409124788795,0.01623744520913276
ID_ZEPE89,0.000184139695337008,0.000633515481922888,0.001225206704597272,0.000184139695337008,0.000633515481922888,0.001225206704597272
ID_EGC3FR,0.028190386767918955,0.027341475636139048,0.02226089083475196,0.028190386767918955,0.027341475636139048,0.02226089083475196
ID_5VF785,0.013481724578895071,0.008483304732823233,0.019260968615063313,0.013481724578895071,0.008483304732823233,0.019260968615063313
ID_AFNCWF,1e-07,0.000305629735435792,8.5309045558336e-05,1e-07,0.000305629735435792,8.5309045558336e-05
ID_NO738V,1e-07,0.000305629735435792,8.5309045558336e-05,1e-07,0.000305629735435792,8.5309045558336e-05
ID_T24610,0.000173467264926268,0.0006344010714875799,0.000268902088773992,0.000173467264926268,0.0006344010714875799,0.000268902088773992
ID_B6UXCI,0.19572810103941934,0.1800833566663815,0.13817367821778523,0.19572810103941934,0.1800833566663815,0.13817367821778523
ID_G17P84,0.052950914121157225,0.09407774258275985,0.041873745271195216,0.052950914121157225,0.09407774258275985,0.041873745271195216
ID_I8PCQM,0.04231248456891894,0.05524217550127817,0.06781346683349145,0.04231248456891894,0.05524217550127817,0.06781346683349145
ID_LK2JX0,0.000173467264926268,0.0006344010714875799,0.000268902088773992,0.000173467264926268,0.0006344010714875799,0.000268902088773992
ID_A2QCM8,0.01736974524566639,0.024467628320006235,0.030115531068961317,0.01736974524566639,0.024467628320006235,0.030115531068961317
ID_B7QGQV,0.015335880907227073,0.010758123999738883,0.015450885158586303,0.015335880907227073,0.010758123999738883,0.015450885158586303
ID_NX6J76,1e-07,0.000127156253557072,8.5309045558336e-05,1e-07,0.000127156253557072,8.5309045558336e-05
ID_2L8F6L,0.11675641829063378,0.1766574065245749,0.3872965641615627,0.11675641829063378,0.1766574065245749,0.3872965641615627
ID_RNO3VS,1e-07,0.00019030639007070399,8.5309045558336e-05,1e-07,0.00019030639007070399,8.5309045558336e-05
ID_WNRVPK,0.000184139695337008,0.00019030639007070399,8.5309045558336e-05,0.000184139695337008,0.00019030639007070399,8.5309045558336e-05
ID_R6NB1B,0.01736974524566639,0.024467628320006235,0.030115531068961317,0.01736974524566639,0.024467628320006235,0.030115531068961317
ID_64SW9F,1e-07,0.000127156253557072,8.5309045558336e-05,1e-07,0.000127156253557072,8.5309045558336e-05
ID_4GDTVN,1e-07,0.000127156253557072,8.5309045558336e-05,1e-07,0.000127156253557072,8.5309045558336e-05
ID_TDEU9C,0.08953790650476012,0.0889640212185164,0.12539794770749482,0.08953790650476012,0.0889640212185164,0.12539794770749482
ID_SJVVC9,0.000184139695337008,0.000885002645760116,0.001418164128417284,0.000184139695337008,0.000885002645760116,0.001418164128417284
ID_25Z5FR,1e-07,0.000127156253557072,8.5309045558336e-05,1e-07,0.000127156253557072,8.5309045558336e-05
ID_L34AJW,0.000184139695337008,0.000305629735435792,8.5309045558336e-05,0.000184139695337008,0.000305629735435792,8.5309045558336e-05
ID_ZOSYAP,0.015335880907227073,0.010758123999738883,0.015450885158586303,0.015335880907227073,0.010758123999738883,0.015450885158586303
ID_CI0346,0.000173467264926268,0.000564314384852152,0.000268902088773992,0.000173467264926268,0.000564314384852152,0.000268902088773992
ID_VGEYOE,1e-07,0.00032270772424845996,8.5309045558336e-05,1e-07,0.00032270772424845996,8.5309045558336e-05
ID_O9X1LL,0.000173467264926268,0.00037416041615003203,0.000268902088773992,0.000173467264926268,0.00037416041615003203,0.000268902088773992
ID_M5NPEN,0.017105789261484445,0.009018876553428791,0.012373320190080748,0.017105789261484445,0.009018876553428791,0.012373320190080748
ID_YD2GMW,1e-07,0.000206498789318764,8.5309045558336e-05,1e-07,0.000206498789318764,8.5309045558336e-05
ID_ETCHDH,1e-07,0.000127156253557072,8.5309045558336e-05,1e-07,0.000127156253557072,8.5309045558336e-05
ID_J78U93,0.000173467264926268,0.000564314384852152,0.000268902088773992,0.000173467264926268,0.000564314384852152,0.000268902088773992
ID_5A0ZN0,0.00040758578892641196,0.001110175083709792,0.001233240401198648,0.00040758578892641196,0.001110175083709792,0.001233240401198648
ID_CY607Z,0.000184139695337008,0.000885002645760116,0.001418164128417284,0.000184139695337008,0.000885002645760116,0.001418164128417284
ID_KXY99G,0.00040758578892641196,0.000885002645760116,0.001233240401198648,0.00040758578892641196,0.000885002645760116,0.001233240401198648
ID_TJMU1U,0.000184139695337008,0.0006344010714875799,8.5309045558336e-05,0.000184139695337008,0.0006344010714875799,8.5309045558336e-05
ID_987N4I,0.000184139695337008,0.0006344010714875799,8.5309045558336e-05,0.000184139695337008,0.0006344010714875799,8.5309045558336e-05
ID_MV3Y4E,0.05412234720118904,0.07820974472985176,0.06967986396126795,0.05412234720118904,0.07820974472985176,0.06967986396126795
ID_G4C6ER,0.04652184579246031,0.07924433214155854,0.18813903364270987,0.04652184579246031,0.07924433214155854,0.18813903364270987
ID_QJEGY8,0.04227050104977039,0.06402206813912448,0.1523397106767321,0.04227050104977039,0.06402206813912448,0.1523397106767321
ID_F3SZAG,0.3273078385018238,0.49700366792791406,0.7918798736719334,0.3273078385018238,0.49700366792791406,0.7918798736719334
ID_SDLCZW,0.02910079003146524,0.04694888108726968,0.07422233994457075,0.02910079003146524,0.04694888108726968,0.07422233994457075
ID_8AQIX3,0.02022798932035418,0.023699563630503136,0.049905587120123496,0.02022798932035418,0.023699563630503136,0.049905587120123496
ID_CZ9O4I,0.051404229399996997,0.0712500856796605,0.0719076557336364,0.051404229399996997,0.0712500856796605,0.0719076557336364
ID_3J4A5T,1e-07,0.001714515300289772,0.000656271285941792,1e-07,0.001714515300289772,0.000656271285941792
ID_4PIPGN,0.034070329124949825,0.06419141964896401,0.16714001971874096,0.034070329124949825,0.06419141964896401,0.16714001971874096
ID_SVI077,0.030469327238241143,0.06501674987428946,0.18999811510561382,0.030469327238241143,0.06501674987428946,0.18999811510561382
ID_PCP2DX,0.022881042228401618,0.0185872532480935,0.02284941047800383,0.022881042228401618,0.0185872532480935,0.02284941047800383
ID_NHGKW9,0.03288224801287284,0.04643183816575346,0.10149583955991924,0.03288224801287284,0.04643183816575346,0.10149583955991924
ID_PJLFLZ,0.11952218120473342,0.17974148233063575,0.37029859479865224,0.11952218120473342,0.17974148233063575,0.37029859479865224
ID_UEI7E1,0.020968128600911847,0.023941931750197498,0.043234002600105265,0.020968128600911847,0.023941931750197498,0.043234002600105265
ID_6Q3C3P,0.06505430322022157,0.16595391524659706,0.3703054817865431,0.06505430322022157,0.16595391524659706,0.3703054817865431
ID_748PIZ,0.00040758578892641196,0.000173228401258036,0.000268902088773992,0.00040758578892641196,0.000173228401258036,0.000268902088773992
ID_05V8OI,0.008349482097452735,0.009533175788548743,0.016300957925421727,0.008349482097452735,0.009533175788548743,0.016300957925421727
ID_PB8UGU,0.004340901802880404,0.0046472596955347886,0.008417508076070992,0.004340901802880404,0.0046472596955347886,0.008417508076070992
ID_18BEK3,0.025481682197028344,0.025538912786461743,0.04588842917903908,0.025481682197028344,0.025538912786461743,0.04588842917903908
ID_AKH3DX,0.010217938643024485,0.010518827835844588,0.02036244215097794,0.010217938643024485,0.010518827835844588,0.02036244215097794
ID_PG1ZJ9,0.000926918466697196,0.0015276721688951601,0.0017555959828349,0.000926918466697196,0.0015276721688951601,0.0017555959828349
ID_U2N5AM,0.016281906688445195,0.03374108796655764,0.055655748687862126,0.016281906688445195,0.03374108796655764,0.055655748687862126
ID_ONDIOU,0.010646952280813669,0.0073905856000238595,0.01232320170549176,0.010646952280813669,0.0073905856000238595,0.01232320170549176
ID_8O0VLW,0.000184139695337008,0.00065059347073564,0.000394018721463988,0.000184139695337008,0.00065059347073564,0.000394018721463988
ID_24IP3N,1e-07,0.000305629735435792,8.5309045558336e-05,1e-07,0.000305629735435792,8.5309045558336e-05
ID_X9HSZT,0.00040758578892641196,0.000998459393354596,0.001233240401198648,0.00040758578892641196,0.000998459393354596,0.001233240401198648
ID_DEHJ7B,0.00040758578892641196,0.000305629735435792,0.000268902088773992,0.00040758578892641196,0.000305629735435792,0.000268902088773992
ID_V9REXI,0.000184139695337008,0.00050199973730974,8.5309045558336e-05,0.000184139695337008,0.00050199973730974,8.5309045558336e-05
ID_Q0JIB7,0.007114999102826435,0.005516199214290887,0.00606494835689654,0.007114999102826435,0.005516199214290887,0.00606494835689654
ID_4Q4645,0.023749211166976883,0.04342196155901955,0.08669318219972164,0.023749211166976883,0.04342196155901955,0.08669318219972164
ID_ZKTVQN,0.00040758578892641196,0.000542589324253724,0.000268902088773992,0.00040758578892641196,0.000542589324253724,0.000268902088773992
ID_HHOTC8,1e-07,0.000305629735435792,8.5309045558336e-05,1e-07,0.000305629735435792,8.5309045558336e-05
ID_2VK1VV,0.00040758578892641196,0.00037416041615003203,0.000268902088773992,0.00040758578892641196,0.00037416041615003203,0.000268902088773992
ID_1LR1PB,0.000184139695337008,0.00065059347073564,0.000394018721463988,0.000184139695337008,0.00065059347073564,0.000394018721463988
ID_UFG3WK,0.000184139695337008,0.000305629735435792,8.5309045558336e-05,0.000184139695337008,0.000305629735435792,8.5309045558336e-05
ID_30POCS,0.000173467264926268,0.000542589324253724,0.000268902088773992,0.000173467264926268,0.000542589324253724,0.000268902088773992
ID_O1JBTD,0.000173467264926268,0.000982266994106536,0.000656271285941792,0.000173467264926268,0.000982266994106536,0.000656271285941792
ID_L28R04,0.005900003219624212,0.005906722648180976,0.009147451211061176,0.005900003219624212,0.005906722648180976,0.009147451211061176
ID_4XQIY8,0.00681554814007008,0.0085086626231775,0.01232320170549176,0.00681554814007008,0.0085086626231775,0.01232320170549176
ID_6YKZ60,1e-07,0.00019030639007070399,8.5309045558336e-05,1e-07,0.00019030639007070399,8.5309045558336e-05
ID_SR4OPG,1e-07,0.000868810246512056,0.001233240401198648,1e-07,0.000868810246512056,0.001233240401198648
ID_7Y58VC,0.000184139695337008,0.00065059347073564,0.000394018721463988,0.000184139695337008,0.00065059347073564,0.000394018721463988
ID_MIGRJM,0.000184139695337008,0.000305629735435792,8.5309045558336e-05,0.000184139695337008,0.000305629735435792,8.5309045558336e-05
ID_MBHYWK,0.010646952280813669,0.007525119299707172,0.01232320170549176,0.010646952280813669,0.007525119299707172,0.01232320170549176
ID_R1RKC8,0.000184139695337008,0.00065059347073564,0.000394018721463988,0.000184139695337008,0.00065059347073564,0.000394018721463988
ID_042DMN,0.000173467264926268,0.001267024546004492,0.001233240401198648,0.000173467264926268,0.001267024546004492,0.001233240401198648
ID_76QVHP,0.00681554814007008,0.008374128923494189,0.01232320170549176,0.00681554814007008,0.008374128923494189,0.01232320170549176
ID_M7ZQB5,0.05357007060362724,0.04841599471118417,0.0635667336762477,0.05357007060362724,0.04841599471118417,0.0635667336762477
ID_EVURSU,0.01039215194145768,0.0073905856000238595,0.009147451211061176,0.01039215194145768,0.0073905856000238595,0.009147451211061176
ID_BR285V,0.05798791948309805,0.12112739408533454,0.23480245771813615,0.05798791948309805,0.12112739408533454,0.23480245771813615
ID_24TLS4,0.0750213337447895,0.131322928080524,0.40460710716166365,0.0750213337447895,0.131322928080524,0.40460710716166365
ID_J10FQO,0.005900003219624212,0.005791155040191384,0.005821986446644892,0.005900003219624212,0.005791155040191384,0.005821986446644892
ID_UPIF9C,0.000184139695337008,0.000305629735435792,8.5309045558336e-05,0.000184139695337008,0.000305629735435792,8.5309045558336e-05
ID_J2UW6P,0.000173467264926268,0.0012337541579437639,0.000268902088773992,0.000173467264926268,0.0012337541579437639,0.000268902088773992
ID_FECS1U,0.0073022647332417,0.010493217302493788,0.016300957925421727,0.0073022647332417,0.010493217302493788,0.016300957925421727
ID_ZLJNIO,0.01039215194145768,0.0073905856000238595,0.009864784330390688,0.01039215194145768,0.0073905856000238595,0.009864784330390688
ID_HM6F95,0.00040758578892641196,0.000542589324253724,0.000268902088773992,0.00040758578892641196,0.000542589324253724,0.000268902088773992
ID_S17LP1,0.007426063277636484,0.005906722648180976,0.00825089005768526,0.007426063277636484,0.005906722648180976,0.00825089005768526
ID_01FXDQ,0.000173467264926268,0.000922060810704644,0.000268902088773992,0.000173467264926268,0.000922060810704644,0.000268902088773992
ID_3IPYPF,0.016713125950032836,0.016989997317222442,0.01887641794506754,0.016713125950032836,0.016989997317222442,0.01887641794506754
ID_YWE7MS,0.009830676181117977,0.010261357199870064,0.02036244215097794,0.009830676181117977,0.010261357199870064,0.02036244215097794
ID_TCB67J,0.00040758578892641196,0.000542589324253724,0.000268902088773992,0.00040758578892641196,0.000542589324253724,0.000268902088773992
ID_XD9SHW,0.00040758578892641196,0.000542589324253724,0.000268902088773992,0.00040758578892641196,0.000542589324253724,0.000268902088773992
ID_3TL22U,0.005825421918776552,0.005340897248244804,0.00606494835689654,0.005825421918776552,0.005340897248244804,0.00606494835689654
ID_I19UPL,0.021342866473744296,0.024737590734022586,0.04471205717876362,0.021342866473744296,0.024737590734022586,0.04471205717876362
ID_29ISKS,0.000184139695337008,0.00065059347073564,0.000394018721463988,0.000184139695337008,0.00065059347073564,0.000394018721463988
ID_JGCMOM,1e-07,0.000305629735435792,8.5309045558336e-05,1e-07,0.000305629735435792,8.5309045558336e-05
ID_71UMTJ,0.0750213337447895,0.13755175572389097,0.2964000052867247,0.0750213337447895,0.13755175572389097,0.2964000052867247
ID_54K01O,0.007114999102826435,0.005516199214290887,0.00606494835689654,0.007114999102826435,0.005516199214290887,0.00606494835689654
ID_1YO3DO,1e-07,0.00019030639007070399,8.5309045558336e-05,1e-07,0.00019030639007070399,8.5309045558336e-05
ID_27PFIW,0.000173467264926268,0.000305629735435792,0.000268902088773992,0.000173467264926268,0.000305629735435792,0.000268902088773992
ID_BKVJQA,0.00040758578892641196,0.000542589324253724,0.000268902088773992,0.00040758578892641196,0.000542589324253724,0.000268902088773992
ID_PUB0ZI,0.000184139695337008,0.000305629735435792,8.5309045558336e-05,0.000184139695337008,0.000305629735435792,8.5309045558336e-05
ID_V6SMN3,0.00681554814007008,0.0085086626231775,0.01232320170549176,0.00681554814007008,0.0085086626231775,0.01232320170549176
ID_0ZOFHK,0.000173467264926268,0.000542589324253724,0.000268902088773992,0.000173467264926268,0.000542589324253724,0.000268902088773992
ID_M94TW1,1e-07,0.000305629735435792,8.5309045558336e-05,1e-07,0.000305629735435792,8.5309045558336e-05
ID_C823SH,0.000173467264926268,0.000542589324253724,0.000656271285941792,0.000173467264926268,0.000542589324253724,0.000656271285941792
ID_SC50OJ,1e-07,0.000617323082674828,0.000394018721463988,1e-07,0.000617323082674828,0.000394018721463988
ID_YAUV4R,0.000173467264926268,0.000670573646867416,0.000656271285941792,0.000173467264926268,0.000670573646867416,0.000656271285941792
ID_IOMDD3,0.000184139695337008,0.00065059347073564,0.000394018721463988,0.000184139695337008,0.00065059347073564,0.000394018721463988
ID_HE3Y73,0.0266044885826619,0.04188797022431832,0.18681822465333603,0.0266044885826619,0.04188797022431832,0.18681822465333603
ID_CAWMEQ,0.00681554814007008,0.0085086626231775,0.01232320170549176,0.00681554814007008,0.0085086626231775,0.01232320170549176
ID_81IJ38,1e-07,0.000703935071349676,0.001124807232997556,1e-07,0.000703935071349676,0.001124807232997556
ID_QFUX50,1e-07,0.0002598403899328,8.5309045558336e-05,1e-07,0.0002598403899328,8.5309045558336e-05
ID_U13QTT,0.00040758578892641196,0.000703935071349676,0.000523675605377852,0.00040758578892641196,0.000703935071349676,0.000523675605377852
ID_UEDSUL,0.00040758578892641196,0.0010850713820294438,0.0014874592690749921,0.00040758578892641196,0.0010850713820294438,0.0014874592690749921
ID_0TWM69,1e-07,0.000587726136419896,8.5309045558336e-05,1e-07,0.000587726136419896,8.5309045558336e-05
ID_CTIYZN,0.000173467264926268,0.000196690253419252,0.000268902088773992,0.000173467264926268,0.000196690253419252,0.000268902088773992
ID_5CERRE,0.000173467264926268,0.00048434029289958,0.000523675605377852,0.000173467264926268,0.00048434029289958,0.000523675605377852
ID_KC1ZNC,0.000173467264926268,0.000196690253419252,0.000268902088773992,0.000173467264926268,0.000196690253419252,0.000268902088773992
ID_8Q3LRH,0.000173467264926268,0.0009554222351869041,0.000268902088773992,0.000173467264926268,0.0009554222351869041,0.000268902088773992
ID_9CDLA5,0.025945889378750316,0.036561788674650646,0.048319376844773027,0.025945889378750316,0.036561788674650646,0.048319376844773027
ID_7HDOB8,1e-07,0.0002598403899328,0.000594295229168632,1e-07,0.0002598403899328,0.000594295229168632
ID_6B1SIE,0.000173467264926268,0.00048434029289958,0.000268902088773992,0.000173467264926268,0.00048434029289958,0.000268902088773992
ID_DVVRGO,1e-07,0.0002598403899328,8.5309045558336e-05,1e-07,0.0002598403899328,8.5309045558336e-05
ID_2QTOY9,0.000173467264926268,0.000643728887947868,0.000268902088773992,0.000173467264926268,0.000643728887947868,0.000268902088773992
ID_41UVG1,1e-07,0.0002598403899328,0.000268902088773992,1e-07,0.0002598403899328,0.000268902088773992
ID_8XSPVV,0.000173467264926268,0.000643728887947868,0.000268902088773992,0.000173467264926268,0.000643728887947868,0.000268902088773992
ID_8DRNO4,1e-07,0.000196690253419252,8.5309045558336e-05,1e-07,0.000196690253419252,8.5309045558336e-05
ID_IHC0B4,0.0024723788425525363,0.00189169426313264,0.002980455740729372,0.0024723788425525363,0.00189169426313264,0.002980455740729372
ID_UPSVCG,0.00040758578892641196,0.003146192926064664,0.004397469948965444,0.00040758578892641196,0.003146192926064664,0.004397469948965444
ID_V1EWHV,1e-07,0.000587726136419896,8.5309045558336e-05,1e-07,0.000587726136419896,8.5309045558336e-05
ID_EDRP5J,0.000511583429794724,0.001522242806537168,0.001738910306009012,0.000511583429794724,0.001522242806537168,0.001738910306009012
ID_6ZT49S,0.00040758578892641196,0.0010850713820294438,0.0014874592690749921,0.00040758578892641196,0.0010850713820294438,0.0014874592690749921
ID_688DSZ,1e-07,0.000703935071349676,0.000594295229168632,1e-07,0.000703935071349676,0.000594295229168632
ID_KTRS8U,0.000173467264926268,0.000643728887947868,0.000268902088773992,0.000173467264926268,0.000643728887947868,0.000268902088773992
ID_HAVFMX,1e-07,0.0002598403899328,0.000523675605377852,1e-07,0.0002598403899328,0.000523675605377852
ID_4OHSTT,1e-07,0.0012691328697329919,0.0017755940634642802,1e-07,0.0012691328697329919,0.0017755940634642802
ID_D14DB2,0.000173467264926268,0.00048434029289958,0.000523675605377852,0.000173467264926268,0.00048434029289958,0.000523675605377852
ID_DMKQ4R,0.00040758578892641196,0.0008230209010090641,0.000523675605377852,0.00040758578892641196,0.0008230209010090641,0.000523675605377852
ID_9EU6JS,0.000173467264926268,0.000196690253419252,0.000523675605377852,0.000173467264926268,0.000196690253419252,0.000523675605377852
ID_UPM0YG,0.000173467264926268,0.000571533737171836,0.000523675605377852,0.000173467264926268,0.000571533737171836,0.000523675605377852
ID_V86OOM,0.000173467264926268,0.00040400644577007997,0.000523675605377852,0.000173467264926268,0.00040400644577007997,0.000523675605377852
ID_FQ80WS,0.00040758578892641196,0.0002598403899328,0.000268902088773992,0.00040758578892641196,0.0002598403899328,0.000268902088773992
ID_RDEBO6,0.000173467264926268,0.000196690253419252,0.000268902088773992,0.000173467264926268,0.000196690253419252,0.000268902088773992
ID_NC8O5T,0.004521864916927352,0.006297341888256661,0.017243735156692638,0.004521864916927352,0.006297341888256661,0.017243735156692638
ID_HDPRVI,0.000173467264926268,0.00039224172411064,0.000523675605377852,0.000173467264926268,0.00039224172411064,0.000523675605377852
ID_N9EYVU,0.000173467264926268,0.00040400644577007997,0.000268902088773992,0.000173467264926268,0.00040400644577007997,0.000268902088773992
ID_JI8Q5T,0.000173467264926268,0.000196690253419252,0.000268902088773992,0.000173467264926268,0.000196690253419252,0.000268902088773992
ID_34Y9DR,0.00084516631050668,0.001506050407289108,0.00168773577677972,0.00084516631050668,0.001506050407289108,0.00168773577677972
ID_E8WY7K,0.001202938925162644,0.000703935071349676,0.001484691438132668,0.001202938925162644,0.000703935071349676,0.001484691438132668
ID_RW510L,0.000173467264926268,0.0002598403899328,0.000268902088773992,0.000173467264926268,0.0002598403899328,0.000268902088773992
ID_1H0I48,0.00040758578892641196,0.0013203661466186121,0.00193918681371374,0.00040758578892641196,0.0013203661466186121,0.00193918681371374
ID_EGA5JQ,1e-07,0.0002598403899328,0.000594295229168632,1e-07,0.0002598403899328,0.000594295229168632
ID_OTN1F3,1e-07,0.0002598403899328,8.5309045558336e-05,1e-07,0.0002598403899328,8.5309045558336e-05
ID_QDACDO,1e-07,0.0002598403899328,0.000268902088773992,1e-07,0.0002598403899328,0.000268902088773992
ID_ZEMQI5,1e-07,0.0007201274705977359,8.5309045558336e-05,1e-07,0.0007201274705977359,8.5309045558336e-05
ID_63M4X7,1e-07,0.0002598403899328,8.5309045558336e-05,1e-07,0.0002598403899328,8.5309045558336e-05
ID_KR841V,0.00040758578892641196,0.0010850713820294438,0.0014874592690749921,0.00040758578892641196,0.0010850713820294438,0.0014874592690749921
ID_WR0XZG,0.0077866548441334876,0.012689844378494564,0.018255170726999323,0.0077866548441334876,0.012689844378494564,0.018255170726999323
ID_Z70N5M,1e-07,0.0002598403899328,8.5309045558336e-05,1e-07,0.0002598403899328,8.5309045558336e-05
ID_PVJLRL,1e-07,0.000571533737171836,8.5309045558336e-05,1e-07,0.000571533737171836,8.5309045558336e-05
ID_7EDQMR,1e-07,0.0002598403899328,0.000594295229168632,1e-07,0.0002598403899328,0.000594295229168632
ID_BU5Z0R,1e-07,0.0002598403899328,0.000594295229168632,1e-07,0.0002598403899328,0.000594295229168632
ID_8MRLEX,1e-07,0.0002598403899328,8.5309045558336e-05,1e-07,0.0002598403899328,8.5309045558336e-05
ID_8JEWLP,1e-07,0.000587726136419896,8.5309045558336e-05,1e-07,0.000587726136419896,8.5309045558336e-05
ID_CSVCR9,0.000173467264926268,0.00048434029289958,0.000523675605377852,0.000173467264926268,0.00048434029289958,0.000523675605377852
ID_J8IE72,0.00084516631050668,0.001506050407289108,0.00168773577677972,0.00084516631050668,0.001506050407289108,0.00168773577677972
ID_U9P7FY,1e-07,0.0002598403899328,0.000268902088773992,1e-07,0.0002598403899328,0.000268902088773992
ID_WSV31O,0.000173467264926268,0.0013203661466186121,0.001738910306009012,0.000173467264926268,0.0013203661466186121,0.001738910306009012
ID_BBFEO3,1e-07,0.0002598403899328,0.000268902088773992,1e-07,0.0002598403899328,0.000268902088773992
ID_4LQISD,0.025945889378750316,0.036561788674650646,0.048319376844773027,0.025945889378750316,0.036561788674650646,0.048319376844773027
ID_N7X5SU,1e-07,0.0002598403899328,0.000594295229168632,1e-07,0.0002598403899328,0.000594295229168632
ID_CO0M1V,0.013743086401260124,0.017902162918896854,0.022160192873340583,0.013743086401260124,0.017902162918896854,0.022160192873340583
ID_1TX26Q,0.000173467264926268,0.00039224172411064,0.000523675605377852,0.000173467264926268,0.00039224172411064,0.000523675605377852
ID_YBOUBP,1e-07,0.0002598403899328,8.5309045558336e-05,1e-07,0.0002598403899328,8.5309045558336e-05
ID_TY7PYV,1e-07,0.0002598403899328,0.000594295229168632,1e-07,0.0002598403899328,0.000594295229168632
ID_GFJBOO,1e-07,0.0002598403899328,0.000594295229168632,1e-07,0.0002598403899328,0.000594295229168632
ID_0QIEVZ,1e-07,0.0002598403899328,0.000268902088773992,1e-07,0.0002598403899328,0.000268902088773992
ID_W7HMMW,0.000173467264926268,0.00048434029289958,0.000268902088773992,0.000173467264926268,0.00048434029289958,0.000268902088773992
ID_2KKV8S,0.054618912887327835,0.07500414936118557,0.11045707373187665,0.054618912887327835,0.07500414936118557,0.11045707373187665
ID_XPJCQ1,0.000173467264926268,0.0002598403899328,0.000523675605377852,0.000173467264926268,0.0002598403899328,0.000523675605377852
ID_8VQ82J,0.00040758578892641196,0.0010850713820294438,0.0014874592690749921,0.00040758578892641196,0.0010850713820294438,0.0014874592690749921
ID_7YOW0E,0.0006434767478494719,0.00125456324345188,0.00168773577677972,0.0006434767478494719,0.00125456324345188,0.00168773577677972
ID_LNZ9ED,1e-07,0.00039224172411064,0.000594295229168632,1e-07,0.00039224172411064,0.000594295229168632
ID_7M8G3A,1e-07,0.000196690253419252,8.5309045558336e-05,1e-07,0.000196690253419252,8.5309045558336e-05
ID_REY7Y4,1e-07,0.0002598403899328,0.000268902088773992,1e-07,0.0002598403899328,0.000268902088773992
ID_Y4B4O7,1e-07,0.0002598403899328,0.000594295229168632,1e-07,0.0002598403899328,0.000594295229168632
ID_71E57J,1e-07,0.0002598403899328,8.5309045558336e-05,1e-07,0.0002598403899328,8.5309045558336e-05
ID_YS77QO,0.000173467264926268,0.00048434029289958,0.000523675605377852,0.000173467264926268,0.00048434029289958,0.000523675605377852
ID_VP4TIY,1e-07,0.0002598403899328,8.5309045558336e-05,1e-07,0.0002598403899328,8.5309045558336e-05
ID_0ZSP1X,1e-07,0.0002598403899328,0.000594295229168632,1e-07,0.0002598403899328,0.000594295229168632
ID_EQ3DBB,1e-07,0.0002598403899328,0.000268902088773992,1e-07,0.0002598403899328,0.000268902088773992
ID_H173PI,0.000173467264926268,0.0002598403899328,0.000268902088773992,0.000173467264926268,0.0002598403899328,0.000268902088773992
ID_DP48N0,1e-07,0.0002598403899328,8.5309045558336e-05,1e-07,0.0002598403899328,8.5309045558336e-05
ID_NTGPZG,0.026209845362932176,0.034455911165795425,0.060077125841557506,0.026209845362932176,0.034455911165795425,0.060077125841557506
ID_R4BZEG,1e-07,0.0002598403899328,0.000268902088773992,1e-07,0.0002598403899328,0.000268902088773992
ID_F4C1ZX,1e-07,0.000703935071349676,0.000594295229168632,1e-07,0.000703935071349676,0.000594295229168632
ID_AR4HAO,0.000173467264926268,0.000196690253419252,0.000268902088773992,0.000173467264926268,0.000196690253419252,0.000268902088773992
ID_TJAXJ8,0.00979657660036565,0.013388472256976413,0.019689061510874722,0.00979657660036565,0.013388472256976413,0.019689061510874722
ID_TMKXE2,1e-07,0.0002598403899328,0.000268902088773992,1e-07,0.0002598403899328,0.000268902088773992
ID_XO28FQ,1e-07,0.0002598403899328,0.000268902088773992,1e-07,0.0002598403899328,0.000268902088773992
ID_UG6RWR,1e-07,0.0002598403899328,0.000594295229168632,1e-07,0.0002598403899328,0.000594295229168632
ID_MH9N99,1e-07,0.0002598403899328,0.000268902088773992,1e-07,0.0002598403899328,0.000268902088773992
ID_ZWWJ7W,0.000173467264926268,0.00048434029289958,0.000523675605377852,0.000173467264926268,0.00048434029289958,0.000523675605377852
ID_UVRWGM,0.000173467264926268,0.0009554222351869041,0.000268902088773992,0.000173467264926268,0.0009554222351869041,0.000268902088773992
ID_XKPJF3,0.000173467264926268,0.00040400644577007997,0.000523675605377852,0.000173467264926268,0.00040400644577007997,0.000523675605377852
ID_B66QBT,0.0006434767478494719,0.00125456324345188,0.00168773577677972,0.0006434767478494719,0.00125456324345188,0.00168773577677972
ID_868CQL,0.000173467264926268,0.00048434029289958,0.000268902088773992,0.000173467264926268,0.00048434029289958,0.000268902088773992
ID_PKPLAW,0.000173467264926268,0.00048434029289958,0.000268902088773992,0.000173467264926268,0.00048434029289958,0.000268902088773992
ID_Q3035H,0.00040758578892641196,0.000634819694579544,0.000268902088773992,0.00040758578892641196,0.000634819694579544,0.000268902088773992
ID_Z5AMC6,1e-07,0.0002598403899328,0.000594295229168632,1e-07,0.0002598403899328,0.000594295229168632
ID_W0DZUH,1e-07,0.0002598403899328,0.000594295229168632,1e-07,0.0002598403899328,0.000594295229168632
ID_HY51VX,0.007202213278914536,0.011507613632733126,0.01854446823679785,0.007202213278914536,0.011507613632733126,0.01854446823679785
ID_GOGWE0,0.000173467264926268,0.00048434029289958,0.000523675605377852,0.000173467264926268,0.00048434029289958,0.000523675605377852
ID_56RYGV,0.013945978156046616,0.0119378256811707,0.03451662264398598,0.013945978156046616,0.0119378256811707,0.03451662264398598
ID_S94Q2Y,1e-07,0.000587726136419896,8.5309045558336e-05,1e-07,0.000587726136419896,8.5309045558336e-05
ID_YZ2N8C,1e-07,0.0002598403899328,0.000268902088773992,1e-07,0.0002598403899328,0.000268902088773992
ID_UGRWIB,0.000173467264926268,0.00040400644577007997,0.000268902088773992,0.000173467264926268,0.00040400644577007997,0.000268902088773992
ID_N80HPR,1e-07,0.0002598403899328,0.000268902088773992,1e-07,0.0002598403899328,0.000268902088773992
ID_3CW0MI,1e-07,0.0002598403899328,8.5309045558336e-05,1e-07,0.0002598403899328,8.5309045558336e-05
ID_HDCRX0,0.000173467264926268,0.00048434029289958,0.000523675605377852,0.000173467264926268,0.00048434029289958,0.000523675605377852
ID_044W19,1e-07,0.0002598403899328,8.5309045558336e-05,1e-07,0.0002598403899328,8.5309045558336e-05
ID_R67PHH,0.00040758578892641196,0.00048434029289958,0.000268902088773992,0.00040758578892641196,0.00048434029289958,0.000268902088773992
ID_TIOYYB,0.00040758578892641196,0.0009554222351869041,0.000268902088773992,0.00040758578892641196,0.0009554222351869041,0.000268902088773992
ID_6AVKC3,1e-07,0.000196690253419252,8.5309045558336e-05,1e-07,0.000196690253419252,8.5309045558336e-05
ID_BEGWIW,1e-07,0.000196690253419252,8.5309045558336e-05,1e-07,0.000196690253419252,8.5309045558336e-05
ID_9NJBM8,0.00040758578892641196,0.0011997564661777919,0.000268902088773992,0.00040758578892641196,0.0011997564661777919,0.000268902088773992
ID_4C1Q9A,0.0016343093980099401,0.0009554222351869041,0.001484691438132668,0.0016343093980099401,0.0009554222351869041,0.001484691438132668
ID_8VXM2R,0.000173467264926268,0.00040400644577007997,0.000268902088773992,0.000173467264926268,0.00040400644577007997,0.000268902088773992
ID_Q617Y8,1e-07,0.000703935071349676,0.000594295229168632,1e-07,0.000703935071349676,0.000594295229168632
ID_DT00FS,0.03685929380715493,0.07851203611052723,0.08484445497653213,0.03685929380715493,0.07851203611052723,0.08484445497653213
ID_A9SOTW,0.000173467264926268,0.00040400644577007997,0.000268902088773992,0.000173467264926268,0.00040400644577007997,0.000268902088773992
ID_DYWKN3,0.000184139695337008,0.000703935071349676,0.000594295229168632,0.000184139695337008,0.000703935071349676,0.000594295229168632
ID_T5W7V2,0.00979657660036565,0.013388472256976413,0.019689061510874722,0.00979657660036565,0.013388472256976413,0.019689061510874722
ID_OYJ407,0.009656512421065685,0.012904910888809048,0.01799323181951343,0.009656512421065685,0.012904910888809048,0.01799323181951343
ID_4APUQG,0.000461987174572588,0.0009554222351869041,0.000656271285941792,0.000461987174572588,0.0009554222351869041,0.000656271285941792
ID_8X42H1,1e-07,0.001068878982781384,0.000970987836720844,1e-07,0.001068878982781384,0.000970987836720844
ID_QQLIOB,0.000173467264926268,0.0009554222351869041,0.000523675605377852,0.000173467264926268,0.0009554222351869041,0.000523675605377852
ID_49V07R,0.000461987174572588,0.0011997564661777919,0.000268902088773992,0.000461987174572588,0.0011997564661777919,0.000268902088773992
ID_LW7SED,0.000969683192312108,0.0009554222351869041,0.001233240401198648,0.000969683192312108,0.0009554222351869041,0.001233240401198648
ID_8ZC0YJ,1e-07,0.0002598403899328,0.000285585553262896,1e-07,0.0002598403899328,0.000285585553262896
ID_BLJHKO,0.019794840585067593,0.022225348264000463,0.03248681504741679,0.019794840585067593,0.022225348264000463,0.03248681504741679
ID_4YQQ0B,1e-07,0.0002598403899328,8.5309045558336e-05,1e-07,0.0002598403899328,8.5309045558336e-05
ID_YUWGLN,0.000173467264926268,0.0002598403899328,0.000268902088773992,0.000173467264926268,0.0002598403899328,0.000268902088773992
ID_D31ZVW,0.024202137292893035,0.04044207379970055,0.05351147685947687,0.024202137292893035,0.04044207379970055,0.05351147685947687
ID_P1YZ4X,1e-07,0.0002598403899328,0.000268902088773992,1e-07,0.0002598403899328,0.000268902088773992
ID_23SIGG,0.11930553657056617,0.2613823345105008,0.3916988893112155,0.11930553657056617,0.2613823345105008,0.3916988893112155
ID_AIAL8Y,0.01904873373295957,0.021277304031609153,0.0316168876632819,0.01904873373295957,0.021277304031609153,0.0316168876632819
ID_TA7IDX,0.000173467264926268,0.00048434029289958,0.000268902088773992,0.000173467264926268,0.00048434029289958,0.000268902088773992
ID_K4V6T1,0.000173467264926268,0.00048434029289958,0.000268902088773992,0.000173467264926268,0.00048434029289958,0.000268902088773992
ID_SFRXLD,1e-07,0.0002598403899328,0.000594295229168632,1e-07,0.0002598403899328,0.000594295229168632
ID_GI1C93,1e-07,0.0002598403899328,0.000268902088773992,1e-07,0.0002598403899328,0.000268902088773992
ID_WMD60I,1e-07,0.0002598403899328,0.000594295229168632,1e-07,0.0002598403899328,0.000594295229168632
ID_HADVCG,0.000173467264926268,0.00040400644577007997,0.000268902088773992,0.000173467264926268,0.00040400644577007997,0.000268902088773992
ID_IB0RDU,1e-07,0.0002598403899328,0.000268902088773992,1e-07,0.0002598403899328,0.000268902088773992
ID_QVH6R4,1e-07,0.0002598403899328,0.000594295229168632,1e-07,0.0002598403899328,0.000594295229168632
ID_C7RAXJ,1e-07,0.0002598403899328,8.5309045558336e-05,1e-07,0.0002598403899328,8.5309045558336e-05
ID_P2MHXW,0.000461987174572588,0.0009554222351869041,0.000656271285941792,0.000461987174572588,0.0009554222351869041,0.000656271285941792
ID_YT67RP,0.000173467264926268,0.00040400644577007997,0.000268902088773992,0.000173467264926268,0.00040400644577007997,0.000268902088773992
ID_G0I7ZK,0.0016343093980099401,0.0009554222351869041,0.001484691438132668,0.0016343093980099401,0.0009554222351869041,0.001484691438132668
ID_A43PS9,0.03230845376728174,0.06015689071070494,0.06996127964558822,0.03230845376728174,0.06015689071070494,0.06996127964558822
ID_04V1AG,0.034348332501163245,0.07829652164014848,0.07349645939502875,0.034348332501163245,0.07829652164014848,0.07349645939502875
ID_6KEAHS,0.000173467264926268,0.0008230209010090641,0.000268902088773992,0.000173467264926268,0.0008230209010090641,0.000268902088773992
ID_HTMQPW,0.000461987174572588,0.0009554222351869041,0.000268902088773992,0.000461987174572588,0.0009554222351869041,0.000268902088773992
ID_XF0297,0.000173467264926268,0.0008230209010090641,0.000523675605377852,0.000173467264926268,0.0008230209010090641,0.000523675605377852
ID_D9F7JY,0.000173467264926268,0.000196690253419252,0.000268902088773992,0.000173467264926268,0.000196690253419252,0.000268902088773992
ID_7M63MY,0.000173467264926268,0.000571533737171836,0.000523675605377852,0.000173467264926268,0.000571533737171836,0.000523675605377852
ID_ASOI1C,1e-07,0.001068878982781384,0.00111076666152278,1e-07,0.001068878982781384,0.00111076666152278
ID_QWK1QC,0.013743086401260124,0.017902162918896854,0.022160192873340583,0.013743086401260124,0.017902162918896854,0.022160192873340583
ID_K9FTZZ,0.00040758578892641196,0.0013203661466186121,0.001484691438132668,0.00040758578892641196,0.0013203661466186121,0.001484691438132668
ID_H8TZYV,1e-07,0.0002598403899328,0.000523675605377852,1e-07,0.0002598403899328,0.000523675605377852
ID_EMRQ4T,0.000173467264926268,0.00048434029289958,0.000268902088773992,0.000173467264926268,0.00048434029289958,0.000268902088773992
ID_HFVMM8,1e-07,0.0002598403899328,8.5309045558336e-05,1e-07,0.0002598403899328,8.5309045558336e-05
ID_3240TG,0.01904873373295957,0.021277304031609153,0.0316168876632819,0.01904873373295957,0.021277304031609153,0.0316168876632819
ID_YC9T6R,0.000173467264926268,0.0008230209010090641,0.000523675605377852,0.000173467264926268,0.0008230209010090641,0.000523675605377852
ID_QMXHOW,0.000173467264926268,0.00040400644577007997,0.000268902088773992,0.000173467264926268,0.00040400644577007997,0.000268902088773992
ID_49CDQ6,1e-07,0.0002598403899328,0.000268902088773992,1e-07,0.0002598403899328,0.000268902088773992
ID_5GE0S1,1e-07,0.0002598403899328,0.000268902088773992,1e-07,0.0002598403899328,0.000268902088773992
ID_OMU4UR,0.0014863806440103679,0.001553946539303552,0.00193918681371374,0.0014863806440103679,0.001553946539303552,0.00193918681371374
ID_G44DHO,1e-07,0.0002598403899328,0.000268902088773992,1e-07,0.0002598403899328,0.000268902088773992
ID_JU8JNI,0.000173467264926268,0.0009554222351869041,0.000268902088773992,0.000173467264926268,0.0009554222351869041,0.000268902088773992
ID_1C4G5E,0.000173467264926268,0.0002598403899328,0.000268902088773992,0.000173467264926268,0.0002598403899328,0.000268902088773992
ID_IWBKMP,0.000173467264926268,0.000643728887947868,0.000523675605377852,0.000173467264926268,0.000643728887947868,0.000523675605377852
ID_VKBJCE,1e-07,0.0002598403899328,0.000268902088773992,1e-07,0.0002598403899328,0.000268902088773992
ID_3H40OX,0.0014863806440103679,0.001553946539303552,0.00193918681371374,0.0014863806440103679,0.001553946539303552,0.00193918681371374
ID_8F3PFC,0.000461987174572588,0.0009554222351869041,0.000268902088773992,0.000461987174572588,0.0009554222351869041,0.000268902088773992
ID_F4HS1L,0.00040758578892641196,0.0010850713820294438,0.0014874592690749921,0.00040758578892641196,0.0010850713820294438,0.0014874592690749921
ID_BZWK10,1e-07,0.0002598403899328,8.5309045558336e-05,1e-07,0.0002598403899328,8.5309045558336e-05
ID_EEW8DG,0.00040758578892641196,0.00048434029289958,0.000268902088773992,0.00040758578892641196,0.00048434029289958,0.000268902088773992
ID_HTIWJ2,0.0016343093980099401,0.0009554222351869041,0.001484691438132668,0.0016343093980099401,0.0009554222351869041,0.001484691438132668
ID_ZCM6MI,0.000173467264926268,0.0002598403899328,0.000523675605377852,0.000173467264926268,0.0002598403899328,0.000523675605377852
ID_RMH9OL,0.00040758578892641196,0.00048434029289958,0.000268902088773992,0.00040758578892641196,0.00048434029289958,0.000268902088773992
ID_2TX4D4,1e-07,0.000587726136419896,8.5309045558336e-05,1e-07,0.000587726136419896,8.5309045558336e-05
ID_7D7P9D,0.000173467264926268,0.000571533737171836,0.000268902088773992,0.000173467264926268,0.000571533737171836,0.000268902088773992
ID_C43FWU,1e-07,0.0002598403899328,8.5309045558336e-05,1e-07,0.0002598403899328,8.5309045558336e-05
ID_42P9TZ,0.000173467264926268,0.001068878982781384,0.001484691438132668,0.000173467264926268,0.001068878982781384,0.001484691438132668
ID_NCE574,1e-07,0.0002598403899328,0.000268902088773992,1e-07,0.0002598403899328,0.000268902088773992
ID_ZJBV7B,0.000173467264926268,0.00040400644577007997,0.000268902088773992,0.000173467264926268,0.00040400644577007997,0.000268902088773992
ID_2IW233,1e-07,0.000703935071349676,0.000594295229168632,1e-07,0.000703935071349676,0.000594295229168632
ID_GQWO42,0.000173467264926268,0.00040400644577007997,0.000523675605377852,0.000173467264926268,0.00040400644577007997,0.000523675605377852
ID_R6M083,1e-07,0.0002598403899328,0.000594295229168632,1e-07,0.0002598403899328,0.000594295229168632
ID_TLY302,1e-07,0.000587726136419896,8.5309045558336e-05,1e-07,0.000587726136419896,8.5309045558336e-05
ID_LT6OU6,0.00040758578892641196,0.001384454677881116,0.00193918681371374,0.00040758578892641196,0.001384454677881116,0.00193918681371374
ID_0F7RHU,0.12103003112866875,0.16546323534778695,0.4318732171067762,0.12103003112866875,0.16546323534778695,0.4318732171067762
ID_EDMKFB,0.002160916086000512,0.008626798997156432,0.019141323953367692,0.002160916086000512,0.008626798997156432,0.019141323953367692
ID_25FHZZ,0.008449626286352308,0.01666833859943832,0.04548555880434613,0.008449626286352308,0.01666833859943832,0.04548555880434613
ID_1VP0UC,0.00306039577837162,0.004032076450081232,0.004518212829703304,0.00306039577837162,0.004032076450081232,0.004518212829703304
ID_MQ3635,0.001592637710064164,0.003019751686321296,0.003625866121009232,0.001592637710064164,0.003019751686321296,0.003625866121009232
ID_RHFPED,0.007830469803882288,0.007974127053916535,0.011074950876099355,0.007830469803882288,0.007974127053916535,0.011074950876099355
ID_RHJPOV,0.018226627796475874,0.01780843972320767,0.022890969140620072,0.018226627796475874,0.01780843972320767,0.022890969140620072
ID_8F379N,1e-07,0.001516389553367264,0.0017555959828349,1e-07,0.001516389553367264,0.0017555959828349
ID_LVX4OV,0.012621059067340927,0.0391579393436925,0.09239015804974098,0.012621059067340927,0.0391579393436925,0.09239015804974098
ID_H5M15A,0.3280397244450125,0.310116844246695,0.6650829491857082,0.3280397244450125,0.310116844246695,0.6650829491857082
ID_LEWKQY,1e-07,0.001220180833617604,0.0017555959828349,1e-07,0.001220180833617604,0.0017555959828349
ID_DY6IPH,0.022468631337686604,0.04169162181608621,0.11154242847411291,0.022468631337686604,0.04169162181608621,0.11154242847411291
ID_E4DAHN,0.013283680061850083,0.01356030168206996,0.02038621030139294,0.013283680061850083,0.01356030168206996,0.02038621030139294
ID_Z2FP8D,0.005590463698507112,0.004112724126273824,0.007590126386994999,0.005590463698507112,0.004112724126273824,0.007590126386994999
ID_3MQ2M6,0.004267784088569696,0.006197452272785148,0.010765876881425584,0.004267784088569696,0.006197452272785148,0.010765876881425584
ID_44QD5W,0.005315561654405344,0.01221939099916548,0.035102704800416766,0.005315561654405344,0.01221939099916548,0.035102704800416766
ID_41T2UA,0.013945978156046616,0.013013372557695971,0.02115268268498346,0.013945978156046616,0.013013372557695971,0.02115268268498346
ID_WKIX11,0.005590463698507112,0.004112724126273824,0.007590126386994999,0.005590463698507112,0.004112724126273824,0.007590126386994999
ID_LM76KQ,0.013965749858886349,0.01356030168206996,0.02038621030139294,0.013965749858886349,0.01356030168206996,0.02038621030139294
ID_0YXFYC,0.048490162625786745,0.042363195062200175,0.05263306353084753,0.048490162625786745,0.042363195062200175,0.05263306353084753
ID_WYY6XC,0.020493418434542082,0.013824866551924542,0.02036441632510358,0.020493418434542082,0.013824866551924542,0.02036441632510358
ID_1QBGM5,0.011002631655810976,0.015249198487674035,0.018920403971270285,0.011002631655810976,0.015249198487674035,0.018920403971270285
ID_L8X1MO,0.04351432746993022,0.04623589323661561,0.11364782553016067,0.04351432746993022,0.04623589323661561,0.11364782553016067
ID_Z8OE4O,0.005315561654405344,0.01221939099916548,0.035102704800416766,0.005315561654405344,0.01221939099916548,0.035102704800416766
ID_PFTRFZ,0.005402282222330788,0.005116582546374408,0.010765876881425584,0.005402282222330788,0.005116582546374408,0.010765876881425584
ID_WFLX1D,0.018908697593512058,0.02026506027619468,0.02498707795239955,0.018908697593512058,0.02026506027619468,0.02498707795239955
ID_3M1E7H,0.000184139695337008,0.0017442370612992801,0.001843454269519544,0.000184139695337008,0.0017442370612992801,0.001843454269519544
ID_QBGS5I,0.011002631655810976,0.015249198487674035,0.018920403971270285,0.011002631655810976,0.015249198487674035,0.018920403971270285
ID_YQA4VN,0.001510885553873564,0.002419267279103312,0.003715374247062084,0.001510885553873564,0.002419267279103312,0.003715374247062084
ID_F0GA7T,0.004210256353148791,0.0052511162460578045,0.007590126386994999,0.004210256353148791,0.0052511162460578045,0.007590126386994999
ID_HZO9J4,0.005590463698507112,0.004112724126273824,0.007590126386994999,0.005590463698507112,0.004112724126273824,0.007590126386994999
ID_ARK4JP,0.001592637710064164,0.002911743894980428,0.003715374247062084,0.001592637710064164,0.002911743894980428,0.003715374247062084
ID_A8N019,0.007169785695298792,0.010907828632023012,0.01718557080809169,0.007169785695298792,0.010907828632023012,0.01718557080809169
ID_62960A,0.018644741609330193,0.016007749905789417,0.025225039259057773,0.018644741609330193,0.016007749905789417,0.025225039259057773
ID_B8VYG3,0.005402282222330788,0.005116582546374408,0.010765876881425584,0.005402282222330788,0.005116582546374408,0.010765876881425584
ID_DUQWFQ,0.000184139695337008,0.001495924473564148,0.001843454269519544,0.000184139695337008,0.001495924473564148,0.001843454269519544
ID_S27JQO,0.010667966857577172,0.013985010784958672,0.019722127529750492,0.010667966857577172,0.013985010784958672,0.019722127529750492
ID_473RDP,1e-07,0.00170207381403776,0.0017555959828349,1e-07,0.00170207381403776,0.0017555959828349
ID_Z1D6V7,0.01224242789420004,0.02551390150105279,0.027191034880390014,0.01224242789420004,0.02551390150105279,0.027191034880390014
ID_YXCK0F,0.002368452154646196,0.003444718447076148,0.006693565233619084,0.002368452154646196,0.003444718447076148,0.006693565233619084
ID_KJ3TCA,0.014842066329729956,0.011553902908551407,0.024647681807175678,0.014842066329729956,0.011553902908551407,0.024647681807175678
ID_7Q07MF,0.0021986564340791,0.003932396781581376,0.006693565233619084,0.0021986564340791,0.003932396781581376,0.006693565233619084
ID_WO830L,0.005402282222330788,0.005116582546374408,0.010765876881425584,0.005402282222330788,0.005116582546374408,0.010765876881425584
ID_JD38LC,0.04351432746993022,0.04623589323661561,0.11364782553016067,0.04351432746993022,0.04623589323661561,0.11364782553016067
ID_4A6IYY,0.001024168960701944,0.002041775851878128,0.002209008306626516,0.001024168960701944,0.002041775851878128,0.002209008306626516
ID_75SAQ1,0.001592637710064164,0.002086047172410104,0.003625866121009232,0.001592637710064164,0.002086047172410104,0.003625866121009232
ID_5OFBIB,0.005402282222330788,0.005116582546374408,0.010765876881425584,0.005402282222330788,0.005116582546374408,0.010765876881425584
ID_ALY7ZZ,0.005402282222330788,0.005116582546374408,0.010765876881425584,0.005402282222330788,0.005116582546374408,0.010765876881425584
ID_00SYAM,0.0021986564340791,0.003932396781581376,0.006693565233619084,0.0021986564340791,0.003932396781581376,0.006693565233619084
ID_RNR77F,0.05844331947653015,0.05380104376181135,0.06332600083754246,0.05844331947653015,0.05380104376181135,0.06332600083754246
ID_ANWPH8,0.016572486278741676,0.010798318498524468,0.025225039259057773,0.016572486278741676,0.010798318498524468,0.025225039259057773
ID_U2WF21,1e-07,0.00145230102210476,0.000656271285941792,1e-07,0.00145230102210476,0.000656271285941792
ID_IC7OWJ,1e-07,0.001453761226302628,0.001825957985667896,1e-07,0.001453761226302628,0.001825957985667896
ID_5AS1RL,0.11163383434324466,0.09500925160523785,0.18255793932612027,0.11163383434324466,0.09500925160523785,0.18255793932612027
ID_2T7D9G,0.000184139695337008,0.0017442370612992801,0.001843454269519544,0.000184139695337008,0.0017442370612992801,0.001843454269519544
ID_HJ5KUJ,0.011599271010418404,0.015817860962896963,0.02038621030139294,0.011599271010418404,0.015817860962896963,0.02038621030139294
ID_3GOFCW,0.005590463698507112,0.004112724126273824,0.007590126386994999,0.005590463698507112,0.004112724126273824,0.007590126386994999
ID_7O1I32,1e-07,0.001220180833617604,0.0017555959828349,1e-07,0.001220180833617604,0.0017555959828349
ID_WYA35N,0.01736974524566639,0.03627926584407953,0.06828177982381131,0.01736974524566639,0.03627926584407953,0.06828177982381131
ID_W5DHJ2,0.005402282222330788,0.005116582546374408,0.010765876881425584,0.005402282222330788,0.005116582546374408,0.010765876881425584
ID_T05X66,0.013945978156046616,0.0131106989606363,0.01709119845942717,0.013945978156046616,0.0131106989606363,0.01709119845942717
ID_CRM4RV,0.012621059067340927,0.0391579393436925,0.09239015804974098,0.012621059067340927,0.0391579393436925,0.09239015804974098
ID_ITNBRH,0.005315561654405344,0.01221939099916548,0.035102704800416766,0.005315561654405344,0.01221939099916548,0.035102704800416766
ID_UYPZ03,0.005315561654405344,0.01221939099916548,0.035102704800416766,0.005315561654405344,0.01221939099916548,0.035102704800416766
ID_PNZ4JF,0.001635402435679076,0.002565207836377796,0.002279370309459512,0.001635402435679076,0.002565207836377796,0.002279370309459512
ID_F91RCT,0.011002631655810976,0.015249198487674035,0.018920403971270285,0.011002631655810976,0.015249198487674035,0.018920403971270285
ID_3XSANB,0.005402282222330788,0.005116582546374408,0.010765876881425584,0.005402282222330788,0.005116582546374408,0.010765876881425584
ID_6J7QV5,0.005590463698507112,0.004112724126273824,0.007590126386994999,0.005590463698507112,0.004112724126273824,0.007590126386994999
ID_P30MQ0,0.003540724864168828,0.005324585004040904,0.007590126386994999,0.003540724864168828,0.005324585004040904,0.007590126386994999
ID_JST03I,0.006507865518066868,0.013037291788244244,0.019354109609122445,0.006507865518066868,0.013037291788244244,0.019354109609122445
ID_Z94PSF,0.005402282222330788,0.005116582546374408,0.010765876881425584,0.005402282222330788,0.005116582546374408,0.010765876881425584
ID_OJ2LYR,0.07836289768524882,0.06984581489271549,0.1444087954247655,0.07836289768524882,0.06984581489271549,0.1444087954247655
ID_GZ2CK3,0.002733386905522584,0.004029723184521788,0.004597779232004636,0.002733386905522584,0.004029723184521788,0.004597779232004636
ID_KNUO6I,1e-07,0.000173228401258036,8.5309045558336e-05,1e-07,0.000173228401258036,8.5309045558336e-05
ID_DOW1PY,1e-07,0.000189420800506096,8.5309045558336e-05,1e-07,0.000189420800506096,8.5309045558336e-05
ID_HWML2X,0.000184139695337008,0.0006756787291844079,0.001058846123405572,0.000184139695337008,0.0006756787291844079,0.001058846123405572
ID_EVIF8F,0.000184139695337008,0.000633515481922888,0.001058846123405572,0.000184139695337008,0.000633515481922888,0.001058846123405572
ID_ENM2XK,1e-07,0.000173228401258036,8.5309045558336e-05,1e-07,0.000173228401258036,8.5309045558336e-05
ID_48WC8Z,0.000173467264926268,0.000868810246512056,0.000268902088773992,0.000173467264926268,0.000868810246512056,0.000268902088773992
ID_D326DS,0.000184139695337008,0.0006756787291844079,0.001058846123405572,0.000184139695337008,0.0006756787291844079,0.001058846123405572
ID_USYVL3,0.000265891851527608,0.00065059347073564,8.5309045558336e-05,0.000265891851527608,0.00065059347073564,8.5309045558336e-05
ID_5TKD3W,1e-07,0.000173228401258036,8.5309045558336e-05,1e-07,0.000173228401258036,8.5309045558336e-05
ID_0JC6LT,1e-07,0.00065059347073564,0.000744129572626352,1e-07,0.00065059347073564,0.000744129572626352
ID_INW8YA,0.00040758578892641196,0.0006344010714875799,0.000268902088773992,0.00040758578892641196,0.0006344010714875799,0.000268902088773992
ID_ICQGA8,0.000265891851527608,0.000698489602750084,0.001225206704597272,0.000265891851527608,0.000698489602750084,0.001225206704597272
ID_IWB0AZ,0.00040758578892641196,0.000999344982919204,0.000656271285941792,0.00040758578892641196,0.000999344982919204,0.000656271285941792
ID_GS6GIY,0.00040758578892641196,0.001483526949876848,0.001501377114958556,0.00040758578892641196,0.001483526949876848,0.001501377114958556
ID_YYMTTZ,0.000265891851527608,0.000698489602750084,0.001225206704597272,0.000265891851527608,0.000698489602750084,0.001225206704597272
ID_WNL2AW,0.000184139695337008,0.000617323082674828,8.5309045558336e-05,0.000184139695337008,0.000617323082674828,8.5309045558336e-05
ID_WIPE3M,1e-07,0.000173228401258036,8.5309045558336e-05,1e-07,0.000173228401258036,8.5309045558336e-05
ID_475RRJ,0.000184139695337008,0.000633515481922888,0.0004818770081486319,0.000184139695337008,0.000633515481922888,0.0004818770081486319
ID_78W3J6,0.000173467264926268,0.000999344982919204,0.000268902088773992,0.000173467264926268,0.000999344982919204,0.000268902088773992
ID_7I6AN6,0.002677613537698772,0.008626798997156432,0.02502172523186954,0.002677613537698772,0.008626798997156432,0.02502172523186954
ID_M32EDR,0.00040758578892641196,0.001495968436128776,0.001233240401198648,0.00040758578892641196,0.001495968436128776,0.001233240401198648
ID_9AIPRL,0.000173467264926268,0.000868810246512056,0.000268902088773992,0.000173467264926268,0.000868810246512056,0.000268902088773992
ID_LZ4OU6,1e-07,0.000868810246512056,0.000656271285941792,1e-07,0.000868810246512056,0.000656271285941792
ID_PR92PR,1e-07,0.000305629735435792,8.5309045558336e-05,1e-07,0.000305629735435792,8.5309045558336e-05
ID_6E3A6Z,1e-07,0.00037416041615003203,0.000268902088773992,1e-07,0.00037416041615003203,0.000268902088773992
ID_X41NOX,1e-07,0.0006344010714875799,8.5309045558336e-05,1e-07,0.0006344010714875799,8.5309045558336e-05
ID_FI825B,0.000184139695337008,0.0006344010714875799,8.5309045558336e-05,0.000184139695337008,0.0006344010714875799,8.5309045558336e-05
ID_89CEYW,1e-07,0.000542589324253724,8.5309045558336e-05,1e-07,0.000542589324253724,8.5309045558336e-05
ID_7BTHXK,0.000184139695337008,0.0006756787291844079,0.001058846123405572,0.000184139695337008,0.0006756787291844079,0.001058846123405572
ID_QZP05P,0.000969683192312108,0.0012816502899582081,0.000907722322875812,0.000969683192312108,0.0012816502899582081,0.000907722322875812
ID_PDTOSK,0.000184139695337008,0.000305629735435792,0.000268902088773992,0.000184139695337008,0.000305629735435792,0.000268902088773992
ID_JSWVHL,1e-07,0.000189420800506096,8.5309045558336e-05,1e-07,0.000189420800506096,8.5309045558336e-05
ID_0PDI5J,1e-07,0.0006344010714875799,8.5309045558336e-05,1e-07,0.0006344010714875799,8.5309045558336e-05
ID_B8EFZT,0.000184139695337008,0.000692756717997076,0.0004818770081486319,0.000184139695337008,0.000692756717997076,0.0004818770081486319
ID_2WABYN,0.000173467264926268,0.000305629735435792,0.000268902088773992,0.000173467264926268,0.000305629735435792,0.000268902088773992
ID_JG81AP,1e-07,0.00037416041615003203,0.000268902088773992,1e-07,0.00037416041615003203,0.000268902088773992
ID_HWS14O,1e-07,0.000305629735435792,8.5309045558336e-05,1e-07,0.000305629735435792,8.5309045558336e-05
ID_O4F4HX,0.00040758578892641196,0.000542589324253724,0.000268902088773992,0.00040758578892641196,0.000542589324253724,0.000268902088773992
ID_19G3H2,1e-07,0.000305629735435792,8.5309045558336e-05,1e-07,0.000305629735435792,8.5309045558336e-05
ID_DVT2Y2,1e-07,0.00019030639007070399,8.5309045558336e-05,1e-07,0.00019030639007070399,8.5309045558336e-05
ID_6R6JX6,1e-07,0.0006344010714875799,8.5309045558336e-05,1e-07,0.0006344010714875799,8.5309045558336e-05
ID_OWEKY6,1e-07,0.000173228401258036,8.5309045558336e-05,1e-07,0.000173228401258036,8.5309045558336e-05
ID_5CKDQ8,0.000184139695337008,0.000633515481922888,0.001058846123405572,0.000184139695337008,0.000633515481922888,0.001058846123405572
ID_OJSWXZ,1e-07,0.00037416041615003203,0.000268902088773992,1e-07,0.00037416041615003203,0.000268902088773992
ID_WH760F,1e-07,0.000305629735435792,8.5309045558336e-05,1e-07,0.000305629735435792,8.5309045558336e-05
ID_I2QI8W,1e-07,0.00019030639007070399,8.5309045558336e-05,1e-07,0.00019030639007070399,8.5309045558336e-05
ID_ZUZ5IB,1e-07,0.000173228401258036,8.5309045558336e-05,1e-07,0.000173228401258036,8.5309045558336e-05
ID_S21QRP,1e-07,0.000305629735435792,8.5309045558336e-05,1e-07,0.000305629735435792,8.5309045558336e-05
ID_NC0DIX,1e-07,0.000305629735435792,8.5309045558336e-05,1e-07,0.000305629735435792,8.5309045558336e-05
ID_R76V65,0.000184139695337008,0.00065059347073564,0.000394018721463988,0.000184139695337008,0.00065059347073564,0.000394018721463988
ID_HKYOVX,0.00040758578892641196,0.000665219214689272,0.000268902088773992,0.00040758578892641196,0.000665219214689272,0.000268902088773992
ID_EZT9L4,1e-07,0.000885002645760116,0.001233240401198648,1e-07,0.000885002645760116,0.001233240401198648
ID_I8C23T,0.000184139695337008,0.000617323082674828,8.5309045558336e-05,0.000184139695337008,0.000617323082674828,8.5309045558336e-05
ID_UCBT8P,0.000184139695337008,0.000617323082674828,8.5309045558336e-05,0.000184139695337008,0.000617323082674828,8.5309045558336e-05
ID_4EFHFH,0.000184139695337008,0.000542589324253724,0.000268902088773992,0.000184139695337008,0.000542589324253724,0.000268902088773992
ID_WJZODY,1e-07,0.000321822134683852,8.5309045558336e-05,1e-07,0.000321822134683852,8.5309045558336e-05
ID_5O4DK2,0.000184139695337008,0.000633515481922888,0.001058846123405572,0.000184139695337008,0.000633515481922888,0.001058846123405572
ID_1QQANC,0.000184139695337008,0.000617323082674828,8.5309045558336e-05,0.000184139695337008,0.000617323082674828,8.5309045558336e-05
ID_GW57CP,1e-07,0.000563187818535272,0.000656271285941792,1e-07,0.000563187818535272,0.000656271285941792
ID_V5IB8S,1e-07,0.000173228401258036,8.5309045558336e-05,1e-07,0.000173228401258036,8.5309045558336e-05
ID_6RK6HI,0.002677613537698772,0.008626798997156432,0.02502172523186954,0.002677613537698772,0.008626798997156432,0.02502172523186954
ID_WR3P0Q,0.00040758578892641196,0.000885888235324808,0.000268902088773992,0.00040758578892641196,0.000885888235324808,0.000268902088773992
ID_DHHPAZ,1e-07,0.0006344010714875799,8.5309045558336e-05,1e-07,0.0006344010714875799,8.5309045558336e-05
ID_0919CJ,1e-07,0.000305629735435792,8.5309045558336e-05,1e-07,0.000305629735435792,8.5309045558336e-05
ID_J841FF,0.000184139695337008,0.000617323082674828,8.5309045558336e-05,0.000184139695337008,0.000617323082674828,8.5309045558336e-05
ID_KL7CZ1,0.000184139695337008,0.000617323082674828,8.5309045558336e-05,0.000184139695337008,0.000617323082674828,8.5309045558336e-05
ID_N8STMV,1e-07,0.000542589324253724,8.5309045558336e-05,1e-07,0.000542589324253724,8.5309045558336e-05
ID_C1JCO4,1e-07,0.000633515481922888,8.5309045558336e-05,1e-07,0.000633515481922888,8.5309045558336e-05
ID_4KNGLU,1e-07,0.000321822134683852,0.000394018721463988,1e-07,0.000321822134683852,0.000394018721463988
ID_LJ63XA,1e-07,0.000173228401258036,8.5309045558336e-05,1e-07,0.000173228401258036,8.5309045558336e-05
ID_KI0M9B,0.000173467264926268,0.000617323082674828,0.000268902088773992,0.000173467264926268,0.000617323082674828,0.000268902088773992
ID_BMD6D9,0.000173467264926268,0.000885888235324808,0.000268902088773992,0.000173467264926268,0.000885888235324808,0.000268902088773992
ID_QSILOT,1e-07,0.000173228401258036,8.5309045558336e-05,1e-07,0.000173228401258036,8.5309045558336e-05
ID_K0TAT7,1e-07,0.00065059347073564,0.0004818770081486319,1e-07,0.00065059347073564,0.0004818770081486319
ID_ZM6SCU,1e-07,0.000173228401258036,8.5309045558336e-05,1e-07,0.000173228401258036,8.5309045558336e-05
ID_2EUTBC,1e-07,0.00019030639007070399,8.5309045558336e-05,1e-07,0.00019030639007070399,8.5309045558336e-05
ID_H4EEPQ,1e-07,0.000321822134683852,0.000394018721463988,1e-07,0.000321822134683852,0.000394018721463988
ID_GPGXMS,1e-07,0.000189420800506096,8.5309045558336e-05,1e-07,0.000189420800506096,8.5309045558336e-05
ID_OWB724,1e-07,0.000692756717997076,0.00017316733224289601,1e-07,0.000692756717997076,0.00017316733224289601
ID_8XK367,1e-07,0.0006344010714875799,8.5309045558336e-05,1e-07,0.0006344010714875799,8.5309045558336e-05
ID_11KV3S,1e-07,0.000305629735435792,8.5309045558336e-05,1e-07,0.000305629735435792,8.5309045558336e-05
ID_QWOZQ4,0.000184139695337008,0.000617323082674828,8.5309045558336e-05,0.000184139695337008,0.000617323082674828,8.5309045558336e-05
ID_F6BTEU,0.00040758578892641196,0.001483526949876848,0.001501377114958556,0.00040758578892641196,0.001483526949876848,0.001501377114958556
ID_WUQWL2,1e-07,0.000305629735435792,8.5309045558336e-05,1e-07,0.000305629735435792,8.5309045558336e-05
ID_2LDNB9,1e-07,0.00065059347073564,0.000744129572626352,1e-07,0.00065059347073564,0.000744129572626352
ID_CKGVN9,1e-07,0.000305629735435792,8.5309045558336e-05,1e-07,0.000305629735435792,8.5309045558336e-05
ID_BBB09D,0.000184139695337008,0.000617323082674828,8.5309045558336e-05,0.000184139695337008,0.000617323082674828,8.5309045558336e-05
ID_KF1S3W,0.007105831799348684,0.025110855505620765,0.05543267025711124,0.007105831799348684,0.025110855505620765,0.05543267025711124
ID_O79B2I,0.000184139695337008,0.000617323082674828,8.5309045558336e-05,0.000184139695337008,0.000617323082674828,8.5309045558336e-05
ID_VV9U6R,0.000184139695337008,0.000617323082674828,8.5309045558336e-05,0.000184139695337008,0.000617323082674828,8.5309045558336e-05
ID_YJYMCF,0.000184139695337008,0.0006344010714875799,8.5309045558336e-05,0.000184139695337008,0.0006344010714875799,8.5309045558336e-05
ID_JR89XU,1e-07,0.000321822134683852,8.5309045558336e-05,1e-07,0.000321822134683852,8.5309045558336e-05
ID_BKQMY3,1e-07,0.000173228401258036,8.5309045558336e-05,1e-07,0.000173228401258036,8.5309045558336e-05
ID_WGZT3N,1e-07,0.00019030639007070399,8.5309045558336e-05,1e-07,0.00019030639007070399,8.5309045558336e-05
ID_O53XSO,0.000511583429794724,0.001500604938689516,0.001575317555759636,0.000511583429794724,0.001500604938689516,0.001575317555759636
ID_4B4BTZ,1e-07,0.00011007826474440401,8.5309045558336e-05,1e-07,0.00011007826474440401,8.5309045558336e-05
ID_1UBHGG,1e-07,0.000321822134683852,8.5309045558336e-05,1e-07,0.000321822134683852,8.5309045558336e-05
ID_9TPR5H,1e-07,0.000321822134683852,8.5309045558336e-05,1e-07,0.000321822134683852,8.5309045558336e-05
ID_PHORWR,1e-07,0.00065059347073564,0.000744129572626352,1e-07,0.00065059347073564,0.000744129572626352
ID_8LZPFU,0.000184139695337008,0.0006756787291844079,0.001310297160339592,0.000184139695337008,0.0006756787291844079,0.001310297160339592
ID_EELQZS,1e-07,0.000633515481922888,8.5309045558336e-05,1e-07,0.000633515481922888,8.5309045558336e-05
ID_R92G3Q,0.000461987174572588,0.000665219214689272,0.000268902088773992,0.000461987174572588,0.000665219214689272,0.000268902088773992
ID_KT51IW,0.002677613537698772,0.00838077711821948,0.02502172523186954,0.002677613537698772,0.00838077711821948,0.02502172523186954
ID_Y5D83X,1e-07,0.000173228401258036,0.000268902088773992,1e-07,0.000173228401258036,0.000268902088773992
ID_NNYC99,0.000184139695337008,0.000633515481922888,8.5309045558336e-05,0.000184139695337008,0.000633515481922888,8.5309045558336e-05
ID_H7MJ3S,0.000184139695337008,0.0006756787291844079,0.001058846123405572,0.000184139695337008,0.0006756787291844079,0.001058846123405572
ID_CIHIWL,1e-07,0.000173228401258036,0.000268902088773992,1e-07,0.000173228401258036,0.000268902088773992
ID_ZYM82A,1e-07,0.000321822134683852,0.000394018721463988,1e-07,0.000321822134683852,0.000394018721463988
ID_HCCTFN,0.000184139695337008,0.00065059347073564,0.0004818770081486319,0.000184139695337008,0.00065059347073564,0.0004818770081486319
ID_71RVRZ,1e-07,0.000173228401258036,8.5309045558336e-05,1e-07,0.000173228401258036,8.5309045558336e-05
ID_PZHU8F,0.004246525223523416,0.008841879994873592,0.017416953607731853,0.004246525223523416,0.008841879994873592,0.017416953607731853
ID_1DWT84,0.002785148778826856,0.003583882755018848,0.027111425596480172,0.002785148778826856,0.003583882755018848,0.027111425596480172
ID_5I0I2K,1e-07,0.000173228401258036,8.5309045558336e-05,1e-07,0.000173228401258036,8.5309045558336e-05
ID_ZY3YB7,0.00040758578892641196,0.000665219214689272,0.000268902088773992,0.00040758578892641196,0.000665219214689272,0.000268902088773992
ID_OZV41J,1e-07,0.000173228401258036,8.5309045558336e-05,1e-07,0.000173228401258036,8.5309045558336e-05
ID_Q0SPQ2,1e-07,0.000173228401258036,8.5309045558336e-05,1e-07,0.000173228401258036,8.5309045558336e-05
ID_X5CALQ,1e-07,0.000868810246512056,0.000656271285941792,1e-07,0.000868810246512056,0.000656271285941792
ID_ZLSF1Q,1e-07,0.000542589324253724,8.5309045558336e-05,1e-07,0.000542589324253724,8.5309045558336e-05
ID_X0QGMF,0.000173467264926268,0.001110175083709792,0.001484691438132668,0.000173467264926268,0.001110175083709792,0.001484691438132668
ID_P3URU3,1e-07,0.000173228401258036,8.5309045558336e-05,1e-07,0.000173228401258036,8.5309045558336e-05
ID_WD7CSJ,1e-07,0.0006344010714875799,8.5309045558336e-05,1e-07,0.0006344010714875799,8.5309045558336e-05
ID_OP2YUN,1e-07,0.0006344010714875799,8.5309045558336e-05,1e-07,0.0006344010714875799,8.5309045558336e-05
ID_TS28A2,0.000184139695337008,0.0006756787291844079,0.001058846123405572,0.000184139695337008,0.0006756787291844079,0.001058846123405572
ID_EUSUFK,0.000184139695337008,0.000633515481922888,8.5309045558336e-05,0.000184139695337008,0.000633515481922888,8.5309045558336e-05
ID_VTZ497,0.014597497637013516,0.03698302598192057,0.08685233651419787,0.014597497637013516,0.03698302598192057,0.08685233651419787
ID_KJVX1G,0.000173467264926268,0.000999344982919204,0.000268902088773992,0.000173467264926268,0.000999344982919204,0.000268902088773992
ID_25E701,0.000265891851527608,0.000698489602750084,0.001225206704597272,0.000265891851527608,0.000698489602750084,0.001225206704597272
ID_U9FC9H,1e-07,0.00011007826474440401,8.5309045558336e-05,1e-07,0.00011007826474440401,8.5309045558336e-05
ID_0KWKO6,1e-07,0.00065059347073564,0.000744129572626352,1e-07,0.00065059347073564,0.000744129572626352
ID_NA80NQ,1e-07,0.00019030639007070399,8.5309045558336e-05,1e-07,0.00019030639007070399,8.5309045558336e-05
ID_SEZMK4,0.000184139695337008,0.000617323082674828,8.5309045558336e-05,0.000184139695337008,0.000617323082674828,8.5309045558336e-05
ID_EUISRV,0.0016343093980099401,0.0021492936733056842,0.003049076294145056,0.0016343093980099401,0.0021492936733056842,0.003049076294145056
ID_5XO6JY,1e-07,0.000542589324253724,0.000268902088773992,1e-07,0.000542589324253724,0.000268902088773992
ID_EK7ZWC,1e-07,0.000868810246512056,0.000268902088773992,1e-07,0.000868810246512056,0.000268902088773992
ID_V796K5,0.000184139695337008,0.000305629735435792,8.5309045558336e-05,0.000184139695337008,0.000305629735435792,8.5309045558336e-05
ID_Y827KG,1e-07,0.000173228401258036,8.5309045558336e-05,1e-07,0.000173228401258036,8.5309045558336e-05
ID_2HM4QW,1e-07,0.000173228401258036,8.5309045558336e-05,1e-07,0.000173228401258036,8.5309045558336e-05
ID_SCXJL3,1e-07,0.000173228401258036,8.5309045558336e-05,1e-07,0.000173228401258036,8.5309045558336e-05
ID_JZPTYE,0.000184139695337008,0.000617323082674828,0.0006622781608151081,0.000184139695337008,0.000617323082674828,0.0006622781608151081
ID_Q2IGYG,1e-07,0.000173228401258036,8.5309045558336e-05,1e-07,0.000173228401258036,8.5309045558336e-05
ID_M4NSBL,0.000184139695337008,0.000617323082674828,8.5309045558336e-05,0.000184139695337008,0.000617323082674828,8.5309045558336e-05
ID_ZEY77T,1e-07,0.000173228401258036,8.5309045558336e-05,1e-07,0.000173228401258036,8.5309045558336e-05
ID_0GZHJB,0.000184139695337008,0.000617323082674828,0.0006622781608151081,0.000184139695337008,0.000617323082674828,0.0006622781608151081
ID_O98AFI,1e-07,0.000173228401258036,8.5309045558336e-05,1e-07,0.000173228401258036,8.5309045558336e-05
ID_GTVZ8B,1e-07,0.000173228401258036,8.5309045558336e-05,1e-07,0.000173228401258036,8.5309045558336e-05
ID_TUWRO6,0.000184139695337008,0.00019030639007070399,8.5309045558336e-05,0.000184139695337008,0.00019030639007070399,8.5309045558336e-05
ID_53NI04,1e-07,0.000173228401258036,8.5309045558336e-05,1e-07,0.000173228401258036,8.5309045558336e-05
ID_G8ISGB,1e-07,0.000305629735435792,8.5309045558336e-05,1e-07,0.000305629735435792,8.5309045558336e-05
ID_NO0C5D,1e-07,0.000173228401258036,8.5309045558336e-05,1e-07,0.000173228401258036,8.5309045558336e-05
ID_HPAY1U,1e-07,0.000173228401258036,8.5309045558336e-05,1e-07,0.000173228401258036,8.5309045558336e-05
ID_VYY1I9,1e-07,0.000173228401258036,8.5309045558336e-05,1e-07,0.000173228401258036,8.5309045558336e-05
ID_05VYW1,1e-07,0.000617323082674828,8.5309045558336e-05,1e-07,0.000617323082674828,8.5309045558336e-05
ID_QMN5FR,0.000184139695337008,0.000617323082674828,0.0006622781608151081,0.000184139695337008,0.000617323082674828,0.0006622781608151081
ID_DTD1QY,0.000265891851527608,0.00065059347073564,8.5309045558336e-05,0.000265891851527608,0.00065059347073564,8.5309045558336e-05
ID_3HTURM,1e-07,0.000173228401258036,8.5309045558336e-05,1e-07,0.000173228401258036,8.5309045558336e-05
ID_58WL51,1e-07,0.000305629735435792,8.5309045558336e-05,1e-07,0.000305629735435792,8.5309045558336e-05
ID_EWS3VY,1e-07,0.000305629735435792,8.5309045558336e-05,1e-07,0.000305629735435792,8.5309045558336e-05
ID_WIZJEA,1e-07,0.000173228401258036,8.5309045558336e-05,1e-07,0.000173228401258036,8.5309045558336e-05
ID_3TOQ4O,1e-07,0.000173228401258036,8.5309045558336e-05,1e-07,0.000173228401258036,8.5309045558336e-05
ID_065SOK,0.42018405179149254,0.5242410835505515,0.7297063215156943,0.42018405179149254,0.5242410835505515,0.7297063215156943
ID_U016SO,0.3005799565580512,0.32423931467258615,0.5428551630520331,0.3005799565580512,0.32423931467258615,0.5428551630520331
ID_CNKSHK,0.4997044407102122,0.44661155620220977,0.5605288642251031,0.4997044407102122,0.44661155620220977,0.5605288642251031
ID_Z84N1L,0.4548686193400272,0.6260868388743075,0.8556039179710699,0.4548686193400272,0.6260868388743075,0.8556039179710699
ID_R0KEPU,0.3701825600655671,0.412482640692424,0.5837098048025271,0.3701825600655671,0.412482640692424,0.5837098048025271
ID_Y7BC44,0.4995464195525677,0.33958016366110405,0.4760367846254971,0.4995464195525677,0.33958016366110405,0.4760367846254971
ID_8TH4YE,0.19307778768628475,0.35605663151281736,0.6374362828517862,0.19307778768628475,0.35605663151281736,0.6374362828517862
ID_HRAQSM,0.000926918466697196,0.001630476556818068,0.001738910306009012,0.000926918466697196,0.001630476556818068,0.001738910306009012
ID_UZLDLE,0.000561724591658956,0.0007201274705977359,0.000779765718788864,0.000561724591658956,0.0007201274705977359,0.000779765718788864
ID_6IHIP0,0.000969683192312108,0.001297842689206268,0.001843454269519544,0.000969683192312108,0.001297842689206268,0.001843454269519544
ID_J0QHSL,0.00040758578892641196,0.001217636513371916,0.001738910306009012,0.00040758578892641196,0.001217636513371916,0.001738910306009012
ID_HBC5QX,0.000184139695337008,0.0007680236026121799,0.001484691438132668,0.000184139695337008,0.0007680236026121799,0.001484691438132668
ID_J3EJ0R,0.000511583429794724,0.001630476556818068,0.001738910306009012,0.000511583429794724,0.001630476556818068,0.001738910306009012
ID_HO7OER,0.0014863806440103679,0.002134797375115064,0.0019138162723525399,0.0014863806440103679,0.002134797375115064,0.0019138162723525399
ID_ZM023T,0.0006434767478494719,0.000633515481922888,0.001161941190752156,0.0006434767478494719,0.000633515481922888,0.001161941190752156
ID_1ANEBT,0.0078223677773273,0.0032303742493133597,0.004989647638928564,0.0078223677773273,0.0032303742493133597,0.004989647638928564
ID_OGR2VR,0.000184139695337008,0.000617323082674828,0.000268902088773992,0.000184139695337008,0.000617323082674828,0.000268902088773992
ID_9B87OV,0.052186221554645265,0.10032185091735524,0.11702518761525628,0.052186221554645265,0.10032185091735524,0.11702518761525628
ID_HJT0CJ,0.007558505053632463,0.003154512473026112,0.004989647638928564,0.007558505053632463,0.003154512473026112,0.004989647638928564
ID_775Y66,0.006025719511746235,0.01931334224494526,0.039869579422386836,0.006025719511746235,0.01931334224494526,0.039869579422386836
ID_Q04AX8,0.017211778895080264,0.008139114429459256,0.026667701474461358,0.017211778895080264,0.008139114429459256,0.026667701474461358
ID_VXCY4G,0.00040758578892641196,0.00108957658942816,0.000268902088773992,0.00040758578892641196,0.00108957658942816,0.000268902088773992
ID_SSO9SH,0.000969683192312108,0.00154386456814322,0.001843454269519544,0.000969683192312108,0.00154386456814322,0.001843454269519544
ID_RIZUYK,0.000184139695337008,0.0007201274705977359,8.5309045558336e-05,0.000184139695337008,0.0007201274705977359,8.5309045558336e-05
ID_S6WJDK,0.000184139695337008,0.0007201274705977359,0.000268902088773992,0.000184139695337008,0.0007201274705977359,0.000268902088773992
ID_K59VOO,0.000926918466697196,0.001630476556818068,0.001738910306009012,0.000926918466697196,0.001630476556818068,0.001738910306009012
ID_DHVX41,0.0006434767478494719,0.001175130761305408,0.0016515637078747358,0.0006434767478494719,0.001175130761305408,0.0016515637078747358
ID_GBOV5S,0.000561724591658956,0.000633515481922888,0.0008996886262743521,0.000561724591658956,0.000633515481922888,0.0008996886262743521
ID_06KAJU,0.008559971228851047,0.029177812314788616,0.06679669073305841,0.008559971228851047,0.029177812314788616,0.06679669073305841
ID_04DJLK,0.000969683192312108,0.001297842689206268,0.001843454269519544,0.000969683192312108,0.001297842689206268,0.001843454269519544
ID_I85AHY,0.000926918466697196,0.001630476556818068,0.001738910306009012,0.000926918466697196,0.001630476556818068,0.001738910306009012
ID_W5OFQ8,0.0014863806440103679,0.002135734170312716,0.001843454269519544,0.0014863806440103679,0.002135734170312716,0.001843454269519544
ID_ROZN49,0.00084516631050668,0.001110175083709792,0.001161941190752156,0.00084516631050668,0.001110175083709792,0.001161941190752156
ID_O99TDC,0.000926918466697196,0.0009137457211703961,0.001738910306009012,0.000926918466697196,0.0009137457211703961,0.001738910306009012
ID_9VAPA3,0.00040758578892641196,0.001110175083709792,0.001826768592693656,0.00040758578892641196,0.001110175083709792,0.001826768592693656
ID_9Q3QYV,0.000184139695337008,0.0007201274705977359,0.000645469758398008,0.000184139695337008,0.0007201274705977359,0.000645469758398008
ID_VCDH1M,0.000184139695337008,0.000633515481922888,8.5309045558336e-05,0.000184139695337008,0.000633515481922888,8.5309045558336e-05
ID_1UREW6,0.000926918466697196,0.001297842689206268,0.001161941190752156,0.000926918466697196,0.001297842689206268,0.001161941190752156
ID_NHXVVR,0.000184139695337008,0.000617323082674828,0.000268902088773992,0.000184139695337008,0.000617323082674828,0.000268902088773992
ID_HYYD9X,0.13593604539784016,0.08900905192363014,0.10880982197130279,0.13593604539784016,0.08900905192363014,0.10880982197130279
ID_S9EWZ6,0.000926918466697196,0.001483526949876848,0.001843454269519544,0.000926918466697196,0.001483526949876848,0.001843454269519544
ID_3OK7WP,0.000926918466697196,0.001630476556818068,0.001738910306009012,0.000926918466697196,0.001630476556818068,0.001738910306009012
ID_NZU26W,0.008022665370296984,0.0038027949309403643,0.004989647638928564,0.008022665370296984,0.0038027949309403643,0.004989647638928564
ID_QSKDPI,0.000184139695337008,0.000617323082674828,8.5309045558336e-05,0.000184139695337008,0.000617323082674828,8.5309045558336e-05
ID_AUEQB1,0.04350746930531378,0.0338688627965055,0.05275855331137898,0.04350746930531378,0.0338688627965055,0.05275855331137898
ID_1KJ6HF,0.00040758578892641196,0.00108957658942816,0.0014874592690749921,0.00040758578892641196,0.00108957658942816,0.0014874592690749921
ID_9T9YY4,0.0006434767478494719,0.0010463555253690398,0.001476657741531292,0.0006434767478494719,0.0010463555253690398,0.001476657741531292
ID_DCQ2HB,0.000184139695337008,0.000617323082674828,0.000268902088773992,0.000184139695337008,0.000617323082674828,0.000268902088773992
ID_ZNSKYP,0.00040758578892641196,0.000885002645760116,0.000268902088773992,0.00040758578892641196,0.000885002645760116,0.000268902088773992
ID_B97PWM,0.0014863806440103679,0.002134797375115064,0.0019138162723525399,0.0014863806440103679,0.002134797375115064,0.0019138162723525399
ID_SSTMBL,0.000184139695337008,0.000617323082674828,8.5309045558336e-05,0.000184139695337008,0.000617323082674828,8.5309045558336e-05
ID_UC68W2,0.000926918466697196,0.0018475490441143278,0.001843454269519544,0.000926918466697196,0.0018475490441143278,0.001843454269519544
ID_ABA2EL,0.000184139695337008,0.000617323082674828,0.000268902088773992,0.000184139695337008,0.000617323082674828,0.000268902088773992
ID_C2EX4C,0.00040758578892641196,0.000868810246512056,0.000268902088773992,0.00040758578892641196,0.000868810246512056,0.000268902088773992
ID_9A0ZFU,0.000184139695337008,0.0007201274705977359,8.5309045558336e-05,0.000184139695337008,0.0007201274705977359,8.5309045558336e-05
ID_1SUIYY,0.0014863806440103679,0.0018928868674778598,0.001843454269519544,0.0014863806440103679,0.0018928868674778598,0.001843454269519544
ID_OYD76O,0.0006434767478494719,0.000633515481922888,0.001161941190752156,0.0006434767478494719,0.000633515481922888,0.001161941190752156
ID_KB433X,0.0006434767478494719,0.001175130761305408,0.001581201705041824,0.0006434767478494719,0.001175130761305408,0.001581201705041824
ID_ZQLRCB,0.006364163536288732,0.022429044124717835,0.04512188603028718,0.006364163536288732,0.022429044124717835,0.04512188603028718
ID_B52MTK,0.000184139695337008,0.000617323082674828,0.000268902088773992,0.000184139695337008,0.000617323082674828,0.000268902088773992
ID_TH3FZH,0.000184139695337008,0.000617323082674828,0.000268902088773992,0.000184139695337008,0.000617323082674828,0.000268902088773992
ID_F6UFCA,0.000184139695337008,0.0007201274705977359,8.5309045558336e-05,0.000184139695337008,0.0007201274705977359,8.5309045558336e-05
ID_M460YA,0.000184139695337008,0.000885002645760116,0.0014874592690749921,0.000184139695337008,0.000885002645760116,0.0014874592690749921
ID_RGMKFC,0.000561724591658956,0.000633515481922888,0.0008996886262743521,0.000561724591658956,0.000633515481922888,0.0008996886262743521
ID_HYF240,0.000969683192312108,0.002308637433365764,0.001843454269519544,0.000969683192312108,0.002308637433365764,0.001843454269519544
ID_F4Z9QP,0.007538926058479576,0.003551307767103136,0.00600911217063494,0.007538926058479576,0.003551307767103136,0.00600911217063494
ID_NP3XTP,0.000926918466697196,0.001630476556818068,0.0017555959828349,0.000926918466697196,0.001630476556818068,0.0017555959828349
ID_4RB4RW,0.00040758578892641196,0.000885002645760116,0.000268902088773992,0.00040758578892641196,0.000885002645760116,0.000268902088773992
ID_28Y3QD,0.000184139695337008,0.000617323082674828,0.000268902088773992,0.000184139695337008,0.000617323082674828,0.000268902088773992
ID_8V1UTS,0.000969683192312108,0.002308637433365764,0.001843454269519544,0.000969683192312108,0.002308637433365764,0.001843454269519544
ID_Y3B64A,0.0014863806440103679,0.002138908746414812,0.0019138162723525399,0.0014863806440103679,0.002138908746414812,0.0019138162723525399
ID_U3CTLW,0.000184139695337008,0.000633515481922888,0.000907722322875812,0.000184139695337008,0.000633515481922888,0.000907722322875812
ID_HIYHM9,0.000969683192312108,0.001384454677881116,0.001738910306009012,0.000969683192312108,0.001384454677881116,0.001738910306009012
ID_0LI4KO,0.012105372594704213,0.006740031904893124,0.02660123676682269,0.012105372594704213,0.006740031904893124,0.02660123676682269
ID_WZY98V,0.000561724591658956,0.000633515481922888,0.0008996886262743521,0.000561724591658956,0.000633515481922888,0.0008996886262743521
ID_D3WNMR,0.000184139695337008,0.000617323082674828,0.000268902088773992,0.000184139695337008,0.000617323082674828,0.000268902088773992
ID_C4A9AI,0.000926918466697196,0.001249946557191824,0.001843454269519544,0.000926918466697196,0.001249946557191824,0.001843454269519544
ID_9DMQEB,0.000184139695337008,0.001111301650026688,0.000268902088773992,0.000184139695337008,0.001111301650026688,0.000268902088773992
ID_WYTA25,0.00040758578892641196,0.0006930687259336039,0.000268902088773992,0.00040758578892641196,0.0006930687259336039,0.000268902088773992
ID_ZJP4KO,0.000184139695337008,0.000542589324253724,0.000268902088773992,0.000184139695337008,0.000542589324253724,0.000268902088773992
ID_48E1RE,0.00040758578892641196,0.000542589324253724,0.000268902088773992,0.00040758578892641196,0.000542589324253724,0.000268902088773992
ID_2Q7ZYF,0.000173467264926268,0.0006930687259336039,0.000268902088773992,0.000173467264926268,0.0006930687259336039,0.000268902088773992
ID_M3E6DB,0.00040758578892641196,0.00108957658942816,0.000268902088773992,0.00040758578892641196,0.00108957658942816,0.000268902088773992
ID_RBQL63,1e-07,0.000885888235324808,0.000268902088773992,1e-07,0.000885888235324808,0.000268902088773992
ID_I06XZJ,0.0014436159183955398,0.00156223497162302,0.0017555959828349,0.0014436159183955398,0.00156223497162302,0.0017555959828349
ID_LHAJ16,0.00040758578892641196,0.00046225547712414,0.000268902088773992,0.00040758578892641196,0.00046225547712414,0.000268902088773992
ID_XRH4M1,0.000173467264926268,0.000546364878428356,0.000268902088773992,0.000173467264926268,0.000546364878428356,0.000268902088773992
ID_L6E64E,0.00040758578892641196,0.000542589324253724,0.000268902088773992,0.00040758578892641196,0.000542589324253724,0.000268902088773992
ID_9FOGDZ,0.00040758578892641196,0.00108957658942816,0.000268902088773992,0.00040758578892641196,0.00108957658942816,0.000268902088773992
ID_CQUX2K,0.000173467264926268,0.000395885476748476,0.000268902088773992,0.000173467264926268,0.000395885476748476,0.000268902088773992
ID_4VKQYU,0.000926918466697196,0.000868810246512056,0.001738910306009012,0.000926918466697196,0.000868810246512056,0.001738910306009012
ID_KNBOAS,0.000173467264926268,0.000293826569020448,0.000268902088773992,0.000173467264926268,0.000293826569020448,0.000268902088773992
ID_Y3QY4K,0.0014863806440103679,0.0015276721688951601,0.0017555959828349,0.0014863806440103679,0.0015276721688951601,0.0017555959828349
ID_UHZ22Y,0.000173467264926268,0.000395885476748476,0.000268902088773992,0.000173467264926268,0.000395885476748476,0.000268902088773992
ID_WVHSDA,0.000173467264926268,0.000542589324253724,0.000268902088773992,0.000173467264926268,0.000542589324253724,0.000268902088773992
ID_LDDHLU,0.000184139695337008,0.000868810246512056,0.000910490153818136,0.000184139695337008,0.000868810246512056,0.000910490153818136
ID_AGSGHY,0.00084516631050668,0.000542589324253724,0.000268902088773992,0.00084516631050668,0.000542589324253724,0.000268902088773992
ID_X2SDKG,0.0023177076122574518,0.0019498670334460318,0.00527628821436706,0.0023177076122574518,0.0019498670334460318,0.00527628821436706
ID_S90MML,0.000173467264926268,0.000673258775820668,0.000268902088773992,0.000173467264926268,0.000673258775820668,0.000268902088773992
ID_MG05UN,0.00040758578892641196,0.00046225547712414,0.000268902088773992,0.00040758578892641196,0.00046225547712414,0.000268902088773992
ID_O973KK,0.003612971253787468,0.0019498670334460318,0.006120989851436752,0.003612971253787468,0.0019498670334460318,0.006120989851436752
ID_ZPW7TK,0.00040758578892641196,0.00046225547712414,0.000268902088773992,0.00040758578892641196,0.00046225547712414,0.000268902088773992
ID_PJJ2OK,1e-07,0.000293826569020448,0.000268902088773992,1e-07,0.000293826569020448,0.000268902088773992
ID_KEZP3H,0.00040758578892641196,0.00046225547712414,0.000268902088773992,0.00040758578892641196,0.00046225547712414,0.000268902088773992
ID_82XV8F,1e-07,0.000868810246512056,0.000268902088773992,1e-07,0.000868810246512056,0.000268902088773992
ID_KHQLO9,1e-07,0.0007364089123343,0.000268902088773992,1e-07,0.0007364089123343,0.000268902088773992
ID_BOVGVS,0.00040758578892641196,0.000753486901146968,0.000924530725292912,0.00040758578892641196,0.000753486901146968,0.000924530725292912
ID_1FCLJQ,0.002505889088433676,0.0019498670334460318,0.006031481725383883,0.002505889088433676,0.0019498670334460318,0.006031481725383883
ID_MLL86Y,0.000173467264926268,0.00108957658942816,0.000268902088773992,0.000173467264926268,0.00108957658942816,0.000268902088773992
ID_HCWZN6,0.000969683192312108,0.00108957658942816,0.000854742163477712,0.000969683192312108,0.00108957658942816,0.000854742163477712
ID_607D9L,0.04834281476845973,0.05718013229613913,0.04489162118718024,0.04834281476845973,0.05718013229613913,0.04489162118718024
ID_7L24AW,0.00084516631050668,0.000542589324253724,0.000268902088773992,0.00084516631050668,0.000542589324253724,0.000268902088773992
ID_1I1DP1,0.00040758578892641196,0.000293826569020448,0.000268902088773992,0.00040758578892641196,0.000293826569020448,0.000268902088773992
ID_Q7IOB2,0.000173467264926268,0.000542589324253724,0.000268902088773992,0.000173467264926268,0.000542589324253724,0.000268902088773992
ID_S1PMMH,0.002505889088433676,0.0019498670334460318,0.006031481725383883,0.002505889088433676,0.0019498670334460318,0.006031481725383883
ID_0BCHBA,0.000173467264926268,0.000395885476748476,0.000268902088773992,0.000173467264926268,0.000395885476748476,0.000268902088773992
ID_7YF5AP,0.0038768339774823035,0.004082190620193164,0.0058336190238494,0.0038768339774823035,0.004082190620193164,0.0058336190238494
ID_MQJX8F,1e-07,0.000395885476748476,0.000268902088773992,1e-07,0.000395885476748476,0.000268902088773992
ID_SW0MA1,0.002505889088433676,0.0019498670334460318,0.002293882783128232,0.002505889088433676,0.0019498670334460318,0.002293882783128232
ID_1F0IDO,1e-07,0.000868810246512056,0.000268902088773992,1e-07,0.000868810246512056,0.000268902088773992
ID_ZCWDBM,0.00084516631050668,0.000868810246512056,0.0014874592690749921,0.00084516631050668,0.000868810246512056,0.0014874592690749921
ID_BYW2CL,0.000173467264926268,0.000868810246512056,0.000268902088773992,0.000173467264926268,0.000868810246512056,0.000268902088773992
ID_CGSEQY,0.000926918466697196,0.0012816502899582081,0.001825957985667896,0.000926918466697196,0.0012816502899582081,0.001825957985667896
ID_MM2BWN,0.000969683192312108,0.000868810246512056,0.001738910306009012,0.000969683192312108,0.000868810246512056,0.001738910306009012
ID_PR6GCS,0.000173467264926268,0.000546364878428356,0.000268902088773992,0.000173467264926268,0.000546364878428356,0.000268902088773992
ID_5T6WFW,0.00040758578892641196,0.00108957658942816,0.000268902088773992,0.00040758578892641196,0.00108957658942816,0.000268902088773992
ID_VT7750,0.000173467264926268,0.000677910413863432,0.000462029854672472,0.000173467264926268,0.000677910413863432,0.000462029854672472
ID_URURAN,0.00040758578892641196,0.000868810246512056,0.000268902088773992,0.00040758578892641196,0.000868810246512056,0.000268902088773992
ID_FQKEBR,0.000173467264926268,0.000293826569020448,0.000268902088773992,0.000173467264926268,0.000293826569020448,0.000268902088773992
ID_XC2X41,0.000184139695337008,0.000542589324253724,0.000268902088773992,0.000184139695337008,0.000542589324253724,0.000268902088773992
ID_T8SKEP,0.00084516631050668,0.000868810246512056,0.000268902088773992,0.00084516631050668,0.000868810246512056,0.000268902088773992
ID_ZD760Q,0.0016343093980099401,0.0020379411447511517,0.001650615625308152,0.0016343093980099401,0.0020379411447511517,0.001650615625308152
ID_ZDW4YS,0.00084516631050668,0.000542589324253724,0.000268902088773992,0.00084516631050668,0.000542589324253724,0.000268902088773992
ID_4SE3OH,0.000184139695337008,0.000868810246512056,0.000268902088773992,0.000184139695337008,0.000868810246512056,0.000268902088773992
ID_8ZJKZ8,0.000173467264926268,0.000293826569020448,0.000268902088773992,0.000173467264926268,0.000293826569020448,0.000268902088773992
ID_C0J4MJ,0.00040758578892641196,0.000293826569020448,0.000268902088773992,0.00040758578892641196,0.000293826569020448,0.000268902088773992
ID_OBWYEH,0.04279984047775337,0.04900393179334804,0.05849334132519812,0.04279984047775337,0.04900393179334804,0.05849334132519812
ID_RWRYQ1,0.000173467264926268,0.0006930687259336039,0.000268902088773992,0.000173467264926268,0.0006930687259336039,0.000268902088773992
ID_HIMNTK,0.000173467264926268,0.000395885476748476,0.000268902088773992,0.000173467264926268,0.000395885476748476,0.000268902088773992
ID_VHRU3S,0.000184139695337008,0.000542589324253724,0.000268902088773992,0.000184139695337008,0.000542589324253724,0.000268902088773992
ID_DUKW5I,0.00084516631050668,0.000542589324253724,0.000268902088773992,0.00084516631050668,0.000542589324253724,0.000268902088773992
ID_RGBU2B,0.00040758578892641196,0.000293826569020448,0.000268902088773992,0.00040758578892641196,0.000293826569020448,0.000268902088773992
ID_6OROO2,0.000184139695337008,0.000868810246512056,0.000268902088773992,0.000184139695337008,0.000868810246512056,0.000268902088773992
ID_E01AVW,0.00040758578892641196,0.0006930687259336039,0.000268902088773992,0.00040758578892641196,0.0006930687259336039,0.000268902088773992
ID_0G0M3Z,0.00040758578892641196,0.000769679300395028,0.001233240401198648,0.00040758578892641196,0.000769679300395028,0.001233240401198648
ID_75ZEAY,0.000173467264926268,0.00037416041615003203,0.000268902088773992,0.000173467264926268,0.00037416041615003203,0.000268902088773992
ID_OBGCTB,0.04834281476845973,0.03999988943646849,0.038771169334602645,0.04834281476845973,0.03999988943646849,0.038771169334602645
ID_BSI938,0.0014863806440103679,0.0012816502899582081,0.0017555959828349,0.0014863806440103679,0.0012816502899582081,0.0017555959828349
ID_OD3P35,1e-07,0.000293826569020448,0.000268902088773992,1e-07,0.000293826569020448,0.000268902088773992
ID_LPR3IG,0.000173467264926268,0.000564314384852152,0.000268902088773992,0.000173467264926268,0.000564314384852152,0.000268902088773992
ID_WW98MI,1e-07,0.000633515481922888,8.5309045558336e-05,1e-07,0.000633515481922888,8.5309045558336e-05
ID_LKUGYH,0.00611387608561154,0.002026231825514024,0.001503527392986188,0.00611387608561154,0.002026231825514024,0.001503527392986188
ID_8V3O49,0.000173467264926268,0.00037416041615003203,0.000268902088773992,0.000173467264926268,0.00037416041615003203,0.000268902088773992
ID_NGO91I,1e-07,0.000173228401258036,8.5309045558336e-05,1e-07,0.000173228401258036,8.5309045558336e-05
ID_3STNLD,0.02961084306421126,0.03656882406481145,0.03778369387203711,0.02961084306421126,0.03656882406481145,0.03778369387203711
ID_D2HYNU,1e-07,0.000633515481922888,0.000648237589340332,1e-07,0.000633515481922888,0.000648237589340332
ID_PSEHFM,1e-07,0.000633515481922888,8.5309045558336e-05,1e-07,0.000633515481922888,8.5309045558336e-05
ID_REZOW5,0.000173467264926268,0.000315551629618892,0.000268902088773992,0.000173467264926268,0.000315551629618892,0.000268902088773992
ID_S64QFC,1e-07,0.000673258775820668,0.000268902088773992,1e-07,0.000673258775820668,0.000268902088773992
ID_9O5TIS,0.000173467264926268,0.000293826569020448,0.000268902088773992,0.000173467264926268,0.000293826569020448,0.000268902088773992
ID_KFKH2L,0.000173467264926268,0.000293826569020448,0.000268902088773992,0.000173467264926268,0.000293826569020448,0.000268902088773992
ID_3F0GYV,1e-07,0.000633515481922888,0.001225206704597272,1e-07,0.000633515481922888,0.001225206704597272
ID_EPPMFG,0.10488115652594118,0.18265178219671793,0.179260989566203,0.10488115652594118,0.18265178219671793,0.179260989566203
ID_WPHAGI,1e-07,0.000617323082674828,0.000394018721463988,1e-07,0.000617323082674828,0.000394018721463988
ID_4Y0VT3,0.000173467264926268,0.000293826569020448,0.000268902088773992,0.000173467264926268,0.000293826569020448,0.000268902088773992
ID_WULH1Z,1e-07,0.000633515481922888,8.5309045558336e-05,1e-07,0.000633515481922888,8.5309045558336e-05
ID_E0WVVY,1e-07,0.00019030639007070399,0.000268902088773992,1e-07,0.00019030639007070399,0.000268902088773992
ID_0RYNOK,1e-07,0.000633515481922888,0.001225206704597272,1e-07,0.000633515481922888,0.001225206704597272
ID_WE8RKW,1e-07,0.000189420800506096,8.5309045558336e-05,1e-07,0.000189420800506096,8.5309045558336e-05
ID_XJJHEX,1e-07,0.000633515481922888,0.000648237589340332,1e-07,0.000633515481922888,0.000648237589340332
ID_E44382,0.007874052277254533,0.004753876975470292,0.002815563187426328,0.007874052277254533,0.004753876975470292,0.002815563187426328
ID_D4HUAW,0.000173467264926268,0.000293826569020448,0.000268902088773992,0.000173467264926268,0.000293826569020448,0.000268902088773992
ID_9BLHQS,1e-07,0.000633515481922888,0.001225206704597272,1e-07,0.000633515481922888,0.001225206704597272
ID_0PABFC,1e-07,0.000293826569020448,0.000268902088773992,1e-07,0.000293826569020448,0.000268902088773992
ID_V5A80P,0.0037162943285485475,0.001975161117397484,0.001503527392986188,0.0037162943285485475,0.001975161117397484,0.001503527392986188
ID_WLI35N,1e-07,0.000617323082674828,8.5309045558336e-05,1e-07,0.000617323082674828,8.5309045558336e-05
ID_CAKGEL,0.000173467264926268,0.000315551629618892,0.000268902088773992,0.000173467264926268,0.000315551629618892,0.000268902088773992
ID_L4EYKT,0.005828790342319735,0.002026231825514024,0.001754978429920208,0.005828790342319735,0.002026231825514024,0.001754978429920208
ID_BS8T6P,1e-07,0.00048492174849707197,0.000394018721463988,1e-07,0.00048492174849707197,0.000394018721463988
ID_Z43O7Z,1e-07,0.00037416041615003203,0.000268902088773992,1e-07,0.00037416041615003203,0.000268902088773992
ID_NUI8UC,1e-07,0.000293826569020448,0.000268902088773992,1e-07,0.000293826569020448,0.000268902088773992
ID_IT01YY,1e-07,0.00048492174849707197,8.5309045558336e-05,1e-07,0.00048492174849707197,8.5309045558336e-05
ID_PHKKLQ,0.003634791258561212,0.001723673953560256,0.001503527392986188,0.003634791258561212,0.001723673953560256,0.001503527392986188
ID_R8M8SS,0.549813918418063,0.7203480083541889,0.7780622838348665,0.549813918418063,0.7203480083541889,0.7780622838348665
ID_B6ZZ5P,0.0075730524308834715,0.003510975311312036,0.002815563187426328,0.0075730524308834715,0.003510975311312036,0.002815563187426328
ID_4IYAMD,1e-07,0.000633515481922888,0.001225206704597272,1e-07,0.000633515481922888,0.001225206704597272
ID_T6IF0T,1e-07,0.000173228401258036,8.5309045558336e-05,1e-07,0.000173228401258036,8.5309045558336e-05
ID_FB09FY,1e-07,0.000633515481922888,0.001225206704597272,1e-07,0.000633515481922888,0.001225206704597272
ID_MA8GLI,0.005180403834636783,0.001975161117397484,0.001249308525109844,0.005180403834636783,0.001975161117397484,0.001249308525109844
ID_IFIIGQ,1e-07,0.000617323082674828,0.000268902088773992,1e-07,0.000617323082674828,0.000268902088773992
ID_ZARKQN,1e-07,0.00011007826474440401,8.5309045558336e-05,1e-07,0.00011007826474440401,8.5309045558336e-05
ID_7DYR0J,0.000173467264926268,0.000293826569020448,0.000268902088773992,0.000173467264926268,0.000293826569020448,0.000268902088773992
ID_QVSE4F,0.0037162943285485475,0.001723673953560256,0.001503527392986188,0.0037162943285485475,0.001723673953560256,0.001503527392986188
ID_ZUVHL8,1e-07,0.000189420800506096,8.5309045558336e-05,1e-07,0.000189420800506096,8.5309045558336e-05
ID_6LI3EJ,0.000173467264926268,0.000293826569020448,0.000268902088773992,0.000173467264926268,0.000293826569020448,0.000268902088773992
ID_N8UK21,0.0066305735373098,0.002343385634472752,0.001503527392986188,0.0066305735373098,0.002343385634472752,0.001503527392986188
ID_W3KIQI,1e-07,0.000633515481922888,0.001225206704597272,1e-07,0.000633515481922888,0.001225206704597272
ID_L9IPGA,0.000173467264926268,0.000293826569020448,0.000268902088773992,0.000173467264926268,0.000293826569020448,0.000268902088773992
ID_LRLRQB,0.5246109840631138,0.5974784903148773,0.650765310016982,0.5246109840631138,0.5974784903148773,0.650765310016982
ID_Q5H34E,1e-07,0.000633515481922888,8.5309045558336e-05,1e-07,0.000633515481922888,8.5309045558336e-05
ID_TL6ULM,0.000173467264926268,0.000293826569020448,0.000268902088773992,0.000173467264926268,0.000293826569020448,0.000268902088773992
ID_BAHEHY,1e-07,0.00011007826474440401,8.5309045558336e-05,1e-07,0.00011007826474440401,8.5309045558336e-05
ID_IU4G95,1e-07,0.000189420800506096,8.5309045558336e-05,1e-07,0.000189420800506096,8.5309045558336e-05
ID_ABFR5T,0.010118743690657232,0.007732332856339771,0.004938098306071976,0.010118743690657232,0.007732332856339771,0.004938098306071976
ID_BXIN9D,1e-07,0.000189420800506096,8.5309045558336e-05,1e-07,0.000189420800506096,8.5309045558336e-05
ID_8FWX6I,0.05295315886063542,0.056828890699058936,0.11058940900985913,0.05295315886063542,0.056828890699058936,0.11058940900985913
ID_5UXMEN,0.005463845553484592,0.00197833569349958,0.001249308525109844,0.005463845553484592,0.00197833569349958,0.001249308525109844
ID_6ALABP,1e-07,0.000173228401258036,8.5309045558336e-05,1e-07,0.000173228401258036,8.5309045558336e-05
ID_YMZWV2,1e-07,0.000633515481922888,0.001225206704597272,1e-07,0.000633515481922888,0.001225206704597272
ID_CAXC7H,0.000926918466697196,0.001459295344886608,0.001825957985667896,0.000926918466697196,0.001459295344886608,0.001825957985667896
ID_JBLH5N,0.007508018004254047,0.002420128064795996,0.002728515507767444,0.007508018004254047,0.002420128064795996,0.002728515507767444
ID_F4L75C,0.006913766169954344,0.001726848529662352,0.001812237068891924,0.006913766169954344,0.001726848529662352,0.001812237068891924
ID_TBE38Z,0.000173467264926268,0.000293826569020448,0.000268902088773992,0.000173467264926268,0.000293826569020448,0.000268902088773992
ID_6GRKUL,0.000173467264926268,0.000293826569020448,0.000268902088773992,0.000173467264926268,0.000293826569020448,0.000268902088773992
ID_13GQDW,1e-07,0.00011007826474440401,8.5309045558336e-05,1e-07,0.00011007826474440401,8.5309045558336e-05
ID_KQCZIM,1e-07,0.000633515481922888,0.001225206704597272,1e-07,0.000633515481922888,0.001225206704597272
ID_KACN6Q,1e-07,0.000633515481922888,0.001225206704597272,1e-07,0.000633515481922888,0.001225206704597272
ID_LPBHAQ,1e-07,0.00011007826474440401,8.5309045558336e-05,1e-07,0.00011007826474440401,8.5309045558336e-05
ID_1S1KBW,0.000173467264926268,0.000293826569020448,0.000268902088773992,0.000173467264926268,0.000293826569020448,0.000268902088773992
ID_IUCQZS,1e-07,0.000633515481922888,0.001225206704597272,1e-07,0.000633515481922888,0.001225206704597272
ID_62NNPA,0.000173467264926268,0.000293826569020448,0.000268902088773992,0.000173467264926268,0.000293826569020448,0.000268902088773992
ID_V22VHT,0.005965698245408788,0.0020683950727755436,0.00238920618414878,0.005965698245408788,0.0020683950727755436,0.00238920618414878
ID_HG2OAS,1e-07,0.00048492174849707197,8.5309045558336e-05,1e-07,0.00048492174849707197,8.5309045558336e-05
ID_XEC1UB,0.000184139695337008,0.002010039426265964,0.0017555959828349,0.000184139695337008,0.002010039426265964,0.0017555959828349
ID_OYIYH6,1e-07,0.00048492174849707197,8.5309045558336e-05,1e-07,0.00048492174849707197,8.5309045558336e-05
ID_B87F80,1e-07,0.001529527494425324,0.001955872490539544,1e-07,0.001529527494425324,0.001955872490539544
ID_0GT5MY,1e-07,0.001463724591258592,0.002026234493372624,1e-07,0.001463724591258592,0.002026234493372624
ID_3542I1,0.16133020866522702,0.21659021687329044,0.29571515137472143,0.16133020866522702,0.21659021687329044,0.29571515137472143
ID_XIPX8S,0.000173467264926268,0.001727653241347832,0.001955872490539544,0.000173467264926268,0.001727653241347832,0.001955872490539544
ID_60GIV7,0.000173467264926268,0.001775549373362276,0.001955872490539544,0.000173467264926268,0.001775549373362276,0.001955872490539544
ID_K5QXSD,0.01080840108667254,0.011347146417121909,0.018441925546528758,0.01080840108667254,0.011347146417121909,0.018441925546528758
ID_IMWQJR,1e-07,0.002092703182321004,0.002026234493372624,1e-07,0.002092703182321004,0.002026234493372624
ID_YKDMVB,0.006163865943319048,0.005019494883202104,0.005663579363257976,0.006163865943319048,0.005019494883202104,0.005663579363257976
ID_DJLRHI,1e-07,0.00148163136241088,0.001955872490539544,1e-07,0.00148163136241088,0.001955872490539544
ID_AA0TBB,0.01693921091116011,0.025527953586633373,0.038175035077169864,0.01693921091116011,0.025527953586633373,0.038175035077169864
ID_QQILOV,1e-07,0.001278040330588096,0.002026234493372624,1e-07,0.001278040330588096,0.002026234493372624
ID_GU8TDA,1e-07,0.0017244786652457359,0.001124684507406344,1e-07,0.0017244786652457359,0.001124684507406344
ID_GYA6QV,0.01317578614785857,0.016339465440360527,0.010549704725291091,0.01317578614785857,0.016339465440360527,0.010549704725291091
ID_SR9UQ2,0.033292690973809894,0.06743939457361879,0.08660979978234803,0.033292690973809894,0.06743939457361879,0.08660979978234803
ID_MG1GRK,1e-07,0.00171521175509582,0.002026234493372624,1e-07,0.00171521175509582,0.002026234493372624
ID_E8MNFZ,1e-07,0.001529527494425324,0.001955872490539544,1e-07,0.001529527494425324,0.001955872490539544
ID_90ES1C,1e-07,0.0016710559158340718,0.002026234493372624,1e-07,0.0016710559158340718,0.002026234493372624
ID_SBTN25,1e-07,0.001775549373362276,0.0013789033752826879,1e-07,0.001775549373362276,0.0013789033752826879
ID_2IT3ZQ,0.11430027411132199,0.17061815486059534,0.27619354557331577,0.11430027411132199,0.17061815486059534,0.27619354557331577
ID_POM94C,0.1958406948127352,0.27590263172514795,0.37900689590089703,0.1958406948127352,0.27590263172514795,0.37900689590089703
ID_8WSJY9,0.11430027411132199,0.1704590957853019,0.27661563216812207,0.11430027411132199,0.1704590957853019,0.27661563216812207
ID_PISRX6,1e-07,0.001529527494425324,0.001955872490539544,1e-07,0.001529527494425324,0.001955872490539544
ID_Z548DO,0.000173467264926268,0.001727653241347832,0.001955872490539544,0.000173467264926268,0.001727653241347832,0.001955872490539544
ID_HN86UX,1e-07,0.00148163136241088,0.001955872490539544,1e-07,0.00148163136241088,0.001955872490539544
ID_ENZCKW,1e-07,0.001529527494425324,0.002026234493372624,1e-07,0.001529527494425324,0.002026234493372624
ID_NNXHZJ,0.000173467264926268,0.001775549373362276,0.001955872490539544,0.000173467264926268,0.001775549373362276,0.001955872490539544
ID_PWTIJ9,1e-07,0.001278040330588096,0.002026234493372624,1e-07,0.001278040330588096,0.002026234493372624
ID_Q2SMTQ,0.123696470896746,0.2354103151877744,0.2886942646635812,0.123696470896746,0.2354103151877744,0.2886942646635812
ID_3MCOUT,1e-07,0.001529527494425324,0.001955872490539544,1e-07,0.001529527494425324,0.001955872490539544
ID_G7Z1L3,0.20577851692605265,0.2763465714964745,0.37541161740422024,0.20577851692605265,0.2763465714964745,0.37541161740422024
ID_J5L7RD,0.000173467264926268,0.001775549373362276,0.001955872490539544,0.000173467264926268,0.001775549373362276,0.001955872490539544
ID_JXG6HY,0.0019709455797490517,0.003044434710929176,0.006120989851436752,0.0019709455797490517,0.003044434710929176,0.006120989851436752
ID_XLV5BF,0.000926918466697196,0.0009554222351869041,0.000656271285941792,0.000926918466697196,0.0009554222351869041,0.000656271285941792
ID_GBKQ4A,0.0034907932065312676,0.0021331835530924398,0.001812237068891924,0.0034907932065312676,0.0021331835530924398,0.001812237068891924
ID_0RNKFD,0.005193781477878596,0.0022312692280234037,0.004294004819642577,0.005193781477878596,0.0022312692280234037,0.004294004819642577
ID_RNZHE5,0.000754055332325776,0.0011997564661777919,0.000268902088773992,0.000754055332325776,0.0011997564661777919,0.000268902088773992
ID_O2NKGF,0.000173467264926268,0.0008230209010090641,0.000268902088773992,0.000173467264926268,0.0008230209010090641,0.000268902088773992
ID_RPS26Y,1e-07,0.000643728887947868,0.000268902088773992,1e-07,0.000643728887947868,0.000268902088773992
ID_K1CKSA,0.000173467264926268,0.000643728887947868,0.000268902088773992,0.000173467264926268,0.000643728887947868,0.000268902088773992
ID_K0MGYR,0.000173467264926268,0.000397073701299484,0.000268902088773992,0.000173467264926268,0.000397073701299484,0.000268902088773992
ID_U0SR28,0.000173467264926268,0.0008230209010090641,0.001233240401198648,0.000173467264926268,0.0008230209010090641,0.001233240401198648
ID_YDH96X,1e-07,0.000635335130359228,8.5309045558336e-05,1e-07,0.000635335130359228,8.5309045558336e-05
ID_YHP6IW,1e-07,0.0002598403899328,8.5309045558336e-05,1e-07,0.0002598403899328,8.5309045558336e-05
ID_IG1LYN,1e-07,0.000651527529607288,0.000970987836720844,1e-07,0.000651527529607288,0.000970987836720844
ID_T4NKV6,0.00040758578892641196,0.000643728887947868,0.000268902088773992,0.00040758578892641196,0.000643728887947868,0.000268902088773992
ID_6711DS,0.000173467264926268,0.0011997564661777919,0.000268902088773992,0.000173467264926268,0.0011997564661777919,0.000268902088773992
ID_FUJOIH,1e-07,0.00039224172411064,8.5309045558336e-05,1e-07,0.00039224172411064,8.5309045558336e-05
ID_Q1AOTZ,0.000787565578206916,0.0013313020016128682,0.000268902088773992,0.000787565578206916,0.0013313020016128682,0.000268902088773992
ID_ZM9CVR,0.000184139695337008,0.000635335130359228,0.000268902088773992,0.000184139695337008,0.000635335130359228,0.000268902088773992
ID_8AYBAW,1e-07,0.00048434029289958,0.000268902088773992,1e-07,0.00048434029289958,0.000268902088773992
ID_B1G5TP,0.0034650424997878957,0.00301069681977238,0.003138584420197924,0.0034650424997878957,0.00301069681977238,0.003138584420197924
ID_568IE8,1e-07,0.000635335130359228,8.5309045558336e-05,1e-07,0.000635335130359228,8.5309045558336e-05
ID_JOWST8,1e-07,0.00048434029289958,0.000268902088773992,1e-07,0.00048434029289958,0.000268902088773992
ID_FVI9F8,0.000184139695337008,0.0009554222351869041,0.000268902088773992,0.000184139695337008,0.0009554222351869041,0.000268902088773992
ID_74OIAW,0.000754055332325776,0.0011997564661777919,0.000268902088773992,0.000754055332325776,0.0011997564661777919,0.000268902088773992
ID_XMWVMP,1e-07,0.000323641783120108,0.000268902088773992,1e-07,0.000323641783120108,0.000268902088773992
ID_6TS54L,0.000754055332325776,0.0013313020016128682,0.000268902088773992,0.000754055332325776,0.0013313020016128682,0.000268902088773992
ID_8AII57,0.000173467264926268,0.0005655026094031599,0.000268902088773992,0.000173467264926268,0.0005655026094031599,0.000268902088773992
ID_RJS1VA,1e-07,0.00039224172411064,8.5309045558336e-05,1e-07,0.00039224172411064,8.5309045558336e-05
ID_DM8ZXW,0.000173467264926268,0.0009554222351869041,0.001233240401198648,0.000173467264926268,0.0009554222351869041,0.001233240401198648
ID_5CJYZP,0.016112003985983264,0.033021802442280104,0.05250176164772359,0.016112003985983264,0.033021802442280104,0.05250176164772359
ID_JBXMIO,0.000173467264926268,0.00048434029289958,0.000268902088773992,0.000173467264926268,0.00048434029289958,0.000268902088773992
ID_4TGOWM,1e-07,0.00039224172411064,8.5309045558336e-05,1e-07,0.00039224172411064,8.5309045558336e-05
ID_0RHXLP,0.00040758578892641196,0.0011997564661777919,0.001233240401198648,0.00040758578892641196,0.0011997564661777919,0.001233240401198648
ID_NA6WHB,1e-07,0.0002598403899328,8.5309045558336e-05,1e-07,0.0002598403899328,8.5309045558336e-05
ID_KKQ9JS,1e-07,0.0002598403899328,8.5309045558336e-05,1e-07,0.0002598403899328,8.5309045558336e-05
ID_KCZDMC,0.000173467264926268,0.001068878982781384,0.000268902088773992,0.000173467264926268,0.001068878982781384,0.000268902088773992
ID_JHKAO1,0.000173467264926268,0.00048434029289958,0.000268902088773992,0.000173467264926268,0.00048434029289958,0.000268902088773992
ID_EWRTK0,0.000173467264926268,0.000643728887947868,0.000268902088773992,0.000173467264926268,0.000643728887947868,0.000268902088773992
ID_D0XOZS,0.000754055332325776,0.0011997564661777919,0.000268902088773992,0.000754055332325776,0.0011997564661777919,0.000268902088773992
ID_I4CLRD,1e-07,0.00039224172411064,8.5309045558336e-05,1e-07,0.00039224172411064,8.5309045558336e-05
ID_5OGH64,1e-07,0.0002598403899328,8.5309045558336e-05,1e-07,0.0002598403899328,8.5309045558336e-05
ID_KA4RGT,0.000173467264926268,0.0010313275580741,0.000268902088773992,0.000173467264926268,0.0010313275580741,0.000268902088773992
ID_HK8NQI,0.000173467264926268,0.0010313275580741,0.000656271285941792,0.000173467264926268,0.0010313275580741,0.000656271285941792
ID_CZC128,0.000173467264926268,0.000643728887947868,0.000268902088773992,0.000173467264926268,0.000643728887947868,0.000268902088773992
ID_CFEXKG,0.023749211166976883,0.03909350240806817,0.049564705141894,0.023749211166976883,0.03909350240806817,0.049564705141894
ID_3UF9YW,1e-07,0.0002598403899328,8.5309045558336e-05,1e-07,0.0002598403899328,8.5309045558336e-05
ID_4T4T5J,0.000173467264926268,0.0011997564661777919,0.001484691438132668,0.000173467264926268,0.0011997564661777919,0.001484691438132668
ID_UZSIPN,0.000926918466697196,0.0015663880255555641,0.001233240401198648,0.000926918466697196,0.0015663880255555641,0.001233240401198648
ID_ZCSVH8,1e-07,0.00048434029289958,0.000268902088773992,1e-07,0.00048434029289958,0.000268902088773992
ID_BKIDXK,0.000173467264926268,0.0009554222351869041,0.000268902088773992,0.000173467264926268,0.0009554222351869041,0.000268902088773992
ID_5BWCPJ,0.014073223364983616,0.004270159981568504,0.002815563187426328,0.014073223364983616,0.004270159981568504,0.002815563187426328
ID_R372RI,1e-07,0.000323641783120108,8.5309045558336e-05,1e-07,0.000323641783120108,8.5309045558336e-05
ID_MWPK2X,0.000184139695337008,0.000323641783120108,0.000268902088773992,0.000184139695337008,0.000323641783120108,0.000268902088773992
ID_TZP781,0.000173467264926268,0.000397073701299484,0.000268902088773992,0.000173467264926268,0.000397073701299484,0.000268902088773992
ID_Q6P63K,1e-07,0.0002598403899328,8.5309045558336e-05,1e-07,0.0002598403899328,8.5309045558336e-05
ID_PFF9X5,1e-07,0.000323641783120108,0.000268902088773992,1e-07,0.000323641783120108,0.000268902088773992
ID_L4WIOX,0.000173467264926268,0.00048434029289958,0.000268902088773992,0.000173467264926268,0.00048434029289958,0.000268902088773992
ID_S9103X,1e-07,0.000643728887947868,0.000268902088773992,1e-07,0.000643728887947868,0.000268902088773992
ID_RI0O6J,0.000173467264926268,0.0008230209010090641,0.000656271285941792,0.000173467264926268,0.0008230209010090641,0.000656271285941792
ID_VLCS86,0.000173467264926268,0.0013203661466186121,0.000268902088773992,0.000173467264926268,0.0013203661466186121,0.000268902088773992
ID_ED3ISP,0.000173467264926268,0.000643728887947868,0.000268902088773992,0.000173467264926268,0.000643728887947868,0.000268902088773992
ID_KCI4WE,1e-07,0.00048434029289958,0.000268902088773992,1e-07,0.00048434029289958,0.000268902088773992
ID_M5X6WA,1e-07,0.000643728887947868,0.000268902088773992,1e-07,0.000643728887947868,0.000268902088773992
ID_22VI0T,0.000173467264926268,0.0008230209010090641,0.000268902088773992,0.000173467264926268,0.0008230209010090641,0.000268902088773992
ID_EJYLK4,0.000754055332325776,0.0011997564661777919,0.000268902088773992,0.000754055332325776,0.0011997564661777919,0.000268902088773992
ID_ILTCSC,0.0033368997986279,0.002778215427417488,0.00576115275495782,0.0033368997986279,0.002778215427417488,0.00576115275495782
ID_QOIH7K,0.02882019962615516,0.02185163111812147,0.044464908667504514,0.02882019962615516,0.02185163111812147,0.044464908667504514
ID_QOTY6K,0.000173467264926268,0.0010313275580741,0.000656271285941792,0.000173467264926268,0.0010313275580741,0.000656271285941792
ID_EJW3LT,0.000173467264926268,0.00048434029289958,0.000268902088773992,0.000173467264926268,0.00048434029289958,0.000268902088773992
ID_M8HQVC,1e-07,0.000635335130359228,8.5309045558336e-05,1e-07,0.000635335130359228,8.5309045558336e-05
ID_LU4HLB,0.000173467264926268,0.0008868222941964559,0.000268902088773992,0.000173467264926268,0.0008868222941964559,0.000268902088773992
ID_E88WHP,0.014073223364983616,0.004270159981568504,0.002815563187426328,0.014073223364983616,0.004270159981568504,0.002815563187426328
ID_P1L1VI,0.000173467264926268,0.00048434029289958,0.000268902088773992,0.000173467264926268,0.00048434029289958,0.000268902088773992
ID_LF7K1G,0.000173467264926268,0.00048434029289958,0.001233240401198648,0.000173467264926268,0.00048434029289958,0.001233240401198648
ID_HUF4P7,0.000173467264926268,0.00048434029289958,0.000268902088773992,0.000173467264926268,0.00048434029289958,0.000268902088773992
ID_64W76C,0.000173467264926268,0.0002598403899328,0.000268902088773992,0.000173467264926268,0.0002598403899328,0.000268902088773992
ID_6QJT3U,0.041567496528104445,0.038330408397938026,0.08349837939659031,0.041567496528104445,0.038330408397938026,0.08349837939659031
ID_OCC1JG,0.000173467264926268,0.00048434029289958,0.000268902088773992,0.000173467264926268,0.00048434029289958,0.000268902088773992
ID_XQBSGS,0.000173467264926268,0.000643728887947868,0.000268902088773992,0.000173467264926268,0.000643728887947868,0.000268902088773992
ID_RIH2IY,0.0016060108288726638,0.0013313020016128682,0.001970488713108572,0.0016060108288726638,0.0013313020016128682,0.001970488713108572
ID_K7P1AA,0.00040758578892641196,0.000643728887947868,0.000268902088773992,0.00040758578892641196,0.000643728887947868,0.000268902088773992
ID_3KN8NF,0.004794448114595956,0.000862025711039932,0.001295765636537776,0.004794448114595956,0.000862025711039932,0.001295765636537776
ID_ANX289,0.000173467264926268,0.00048434029289958,0.000268902088773992,0.000173467264926268,0.00048434029289958,0.000268902088773992
ID_I8VO8O,1e-07,0.000651527529607288,8.5309045558336e-05,1e-07,0.000651527529607288,8.5309045558336e-05
ID_V9S8P2,0.000173467264926268,0.000643728887947868,0.000268902088773992,0.000173467264926268,0.000643728887947868,0.000268902088773992
ID_OTNE3W,0.000173467264926268,0.000643728887947868,0.000268902088773992,0.000173467264926268,0.000643728887947868,0.000268902088773992
ID_0YXO2D,0.000754055332325776,0.0011997564661777919,0.000268902088773992,0.000754055332325776,0.0011997564661777919,0.000268902088773992
ID_87V10L,0.000173467264926268,0.000643728887947868,0.000268902088773992,0.000173467264926268,0.000643728887947868,0.000268902088773992
ID_CV5P86,0.00040758578892641196,0.0013203661466186121,0.000268902088773992,0.00040758578892641196,0.0013203661466186121,0.000268902088773992
ID_C8HFHN,0.000926918466697196,0.001068878982781384,0.000268902088773992,0.000926918466697196,0.001068878982781384,0.000268902088773992
ID_V7WQM1,1e-07,0.000643728887947868,0.000268902088773992,1e-07,0.000643728887947868,0.000268902088773992
ID_ULO27X,0.007091054666001136,0.00165782246661146,0.002657342897908688,0.007091054666001136,0.00165782246661146,0.002657342897908688
ID_NQ0HE6,0.016948598753581928,0.018013745666381812,0.04257976697395825,0.016948598753581928,0.018013745666381812,0.04257976697395825
ID_4EDUOF,0.0025161333550063275,0.002352652544622752,0.002727704900741684,0.0025161333550063275,0.002352652544622752,0.002727704900741684
ID_46O9EK,0.00040758578892641196,0.0008868222941964559,0.000268902088773992,0.00040758578892641196,0.0008868222941964559,0.000268902088773992
ID_2JRV0O,0.000787565578206916,0.0013313020016128682,0.000268902088773992,0.000787565578206916,0.0013313020016128682,0.000268902088773992
ID_4TY6TR,0.00040758578892641196,0.0015663880255555641,0.000656271285941792,0.00040758578892641196,0.0015663880255555641,0.000656271285941792
ID_XMQ25Y,0.006025719511746235,0.00583646588420054,0.014238155827726341,0.006025719511746235,0.00583646588420054,0.014238155827726341
ID_GBNTZ0,0.000173467264926268,0.0008230209010090641,0.000268902088773992,0.000173467264926268,0.0008230209010090641,0.000268902088773992
ID_Y99CP1,1e-07,0.00039224172411064,8.5309045558336e-05,1e-07,0.00039224172411064,8.5309045558336e-05
ID_ORVW1B,1e-07,0.00019124044894235198,8.5309045558336e-05,1e-07,0.00019124044894235198,8.5309045558336e-05
ID_WMO3QN,1e-07,0.000635335130359228,8.5309045558336e-05,1e-07,0.000635335130359228,8.5309045558336e-05
ID_28T7NF,0.000173467264926268,0.0013203661466186121,0.000268902088773992,0.000173467264926268,0.0013203661466186121,0.000268902088773992
ID_PXDYR8,0.000173467264926268,0.0013203661466186121,0.000268902088773992,0.000173467264926268,0.0013203661466186121,0.000268902088773992
ID_8RJBND,0.000265891851527608,0.000683231262373672,0.000645469758398008,0.000265891851527608,0.000683231262373672,0.000645469758398008
ID_DJU36N,1e-07,0.00048434029289958,0.000268902088773992,1e-07,0.00048434029289958,0.000268902088773992
ID_EVO7GL,0.000754055332325776,0.0011997564661777919,0.000268902088773992,0.000754055332325776,0.0011997564661777919,0.000268902088773992
ID_V1PMY3,1e-07,0.0002598403899328,8.5309045558336e-05,1e-07,0.0002598403899328,8.5309045558336e-05
ID_IK4PH0,0.000173467264926268,0.0011997564661777919,0.001484691438132668,0.000173467264926268,0.0011997564661777919,0.001484691438132668
ID_P86HSN,0.00084516631050668,0.0011997564661777919,0.001233240401198648,0.00084516631050668,0.0011997564661777919,0.001233240401198648
ID_6DDVP2,0.000173467264926268,0.000703935071349676,0.000268902088773992,0.000173467264926268,0.000703935071349676,0.000268902088773992
ID_9V09AE,0.000173467264926268,0.0008230209010090641,0.000656271285941792,0.000173467264926268,0.0008230209010090641,0.000656271285941792
ID_EL2RHW,0.000173467264926268,0.001068878982781384,0.000268902088773992,0.000173467264926268,0.001068878982781384,0.000268902088773992
ID_TDIL0H,0.000173467264926268,0.0003167398541699,0.000268902088773992,0.000173467264926268,0.0003167398541699,0.000268902088773992
ID_UEPV67,0.0007825893032257839,0.002428977953237428,0.0017555959828349,0.0007825893032257839,0.002428977953237428,0.0017555959828349
ID_MLFWEC,0.0014436159183955398,0.001614284157570008,0.0017555959828349,0.0014436159183955398,0.001614284157570008,0.0017555959828349
ID_Q8OTC2,0.000754055332325776,0.0013313020016128682,0.000268902088773992,0.000754055332325776,0.0013313020016128682,0.000268902088773992
ID_Q31MDT,0.000173467264926268,0.0009554222351869041,0.000268902088773992,0.000173467264926268,0.0009554222351869041,0.000268902088773992
ID_10D3G1,0.04944404529137142,0.04585414779317515,0.07084069283230836,0.04944404529137142,0.04585414779317515,0.07084069283230836
ID_RE7SCV,1e-07,0.0002598403899328,8.5309045558336e-05,1e-07,0.0002598403899328,8.5309045558336e-05
ID_K4Q8V0,0.017545828745530213,0.0057732721179710195,0.002815563187426328,0.017545828745530213,0.0057732721179710195,0.002815563187426328
ID_KCL7CV,0.000754055332325776,0.0011997564661777919,0.000268902088773992,0.000754055332325776,0.0011997564661777919,0.000268902088773992
ID_J05HUM,1e-07,0.0002598403899328,8.5309045558336e-05,1e-07,0.0002598403899328,8.5309045558336e-05
ID_LQCAHB,0.005128747051249172,0.0014784567863087,0.0018094692379495999,0.005128747051249172,0.0014784567863087,0.0018094692379495999
ID_CL4OVC,0.000173467264926268,0.0011997564661777919,0.001484691438132668,0.000173467264926268,0.0011997564661777919,0.001484691438132668
ID_8KA0CX,0.000173467264926268,0.000703935071349676,0.000268902088773992,0.000173467264926268,0.000703935071349676,0.000268902088773992
ID_3SOK7O,0.000173467264926268,0.0010313275580741,0.000656271285941792,0.000173467264926268,0.0010313275580741,0.000656271285941792
ID_2V1U3K,0.000173467264926268,0.0009554222351869041,0.001233240401198648,0.000173467264926268,0.0009554222351869041,0.001233240401198648
ID_GZEIYE,0.00040758578892641196,0.0009554222351869041,0.000268902088773992,0.00040758578892641196,0.0009554222351869041,0.000268902088773992
ID_WSG62Z,1e-07,0.0002598403899328,8.5309045558336e-05,1e-07,0.0002598403899328,8.5309045558336e-05
ID_AQLJD9,0.000173467264926268,0.0010313275580741,0.000268902088773992,0.000173467264926268,0.0010313275580741,0.000268902088773992
ID_2JBYR0,0.00040758578892641196,0.0013203661466186121,0.000268902088773992,0.00040758578892641196,0.0013203661466186121,0.000268902088773992
ID_HQG7S5,0.000173467264926268,0.00048434029289958,0.000268902088773992,0.000173467264926268,0.00048434029289958,0.000268902088773992
ID_J9X62N,1e-07,0.000998459393354596,0.001493343418357096,1e-07,0.000998459393354596,0.001493343418357096
ID_J30HVX,1e-07,0.000173228401258036,8.5309045558336e-05,1e-07,0.000173228401258036,8.5309045558336e-05
ID_8HCCLB,0.00040758578892641196,0.000857286707686628,0.000268902088773992,0.00040758578892641196,0.000857286707686628,0.000268902088773992
ID_K7TUMS,0.003760252264649456,0.006026170291417859,0.009078478243208805,0.003760252264649456,0.006026170291417859,0.009078478243208805
ID_2U0TW8,1e-07,0.000206498789318764,0.00017316733224289601,1e-07,0.000206498789318764,0.00017316733224289601
ID_5KMQFT,1e-07,0.00033890012349652003,8.5309045558336e-05,1e-07,0.00033890012349652003,8.5309045558336e-05
ID_QK8WP2,1e-07,0.000633515481922888,0.000970987836720844,1e-07,0.000633515481922888,0.000970987836720844
ID_O2QO7X,0.000511583429794724,0.0009276555274020559,0.000268902088773992,0.000511583429794724,0.0009276555274020559,0.000268902088773992
ID_ZQ48WV,1e-07,0.00037416041615003203,0.000268902088773992,1e-07,0.00037416041615003203,0.000268902088773992
ID_8HU32W,0.000173467264926268,0.00111351287487716,0.000268902088773992,0.000173467264926268,0.00111351287487716,0.000268902088773992
ID_4UJ6I0,0.00040758578892641196,0.0014867015259788599,0.0017555959828349,0.00040758578892641196,0.0014867015259788599,0.0017555959828349
ID_C45TQX,1e-07,0.000189420800506096,0.000268902088773992,1e-07,0.000189420800506096,0.000268902088773992
ID_6CNKK3,1e-07,0.000173228401258036,8.5309045558336e-05,1e-07,0.000173228401258036,8.5309045558336e-05
ID_3D6P1W,1e-07,0.00033890012349652003,8.5309045558336e-05,1e-07,0.00033890012349652003,8.5309045558336e-05
ID_W4LB98,1e-07,0.000206498789318764,0.00017316733224289601,1e-07,0.000206498789318764,0.00017316733224289601
ID_7S0G4C,0.00040758578892641196,0.00074152470577496,0.000268902088773992,0.00040758578892641196,0.00074152470577496,0.000268902088773992
ID_OOZHOC,1e-07,0.000173228401258036,8.5309045558336e-05,1e-07,0.000173228401258036,8.5309045558336e-05
ID_ANAD68,0.000173467264926268,0.00098738278754728,0.000268902088773992,0.000173467264926268,0.00098738278754728,0.000268902088773992
ID_ZYBEDD,0.000184139695337008,0.000998459393354596,0.001222438873654864,0.000184139695337008,0.000998459393354596,0.001222438873654864
ID_AZ8323,0.000173467264926268,0.0012388699513845081,0.000268902088773992,0.000173467264926268,0.0012388699513845081,0.000268902088773992
ID_PDZB8M,0.004340901802880404,0.005367262765685205,0.012297147478853819,0.004340901802880404,0.005367262765685205,0.012297147478853819
ID_N90VSA,1e-07,0.00037416041615003203,0.000268902088773992,1e-07,0.00037416041615003203,0.000268902088773992
ID_4IHET8,0.0033374877580105242,0.003159781945382244,0.007951130924841596,0.0033374877580105242,0.003159781945382244,0.007951130924841596
ID_2DZRF6,1e-07,0.000998459393354596,0.001493343418357096,1e-07,0.000998459393354596,0.001493343418357096
ID_DHD7VN,1e-07,0.0009811115406992358,0.000268902088773992,1e-07,0.0009811115406992358,0.000268902088773992
ID_9KA6N0,1e-07,0.000862025711039932,0.000268902088773992,1e-07,0.000862025711039932,0.000268902088773992
ID_39VHVT,0.000926918466697196,0.00111351287487716,0.000268902088773992,0.000926918466697196,0.00111351287487716,0.000268902088773992
ID_6M3VS9,0.000173467264926268,0.000873479106934688,0.000268902088773992,0.000173467264926268,0.000873479106934688,0.000268902088773992
ID_8BASDE,0.00040758578892641196,0.0014784567863087,0.000268902088773992,0.00040758578892641196,0.0014784567863087,0.000268902088773992
ID_L11QW6,1e-07,0.000189420800506096,0.000268902088773992,1e-07,0.000189420800506096,0.000268902088773992
ID_ZC52OO,1e-07,0.000189420800506096,0.000268902088773992,1e-07,0.000189420800506096,0.000268902088773992
ID_W4WHIW,1e-07,0.000189420800506096,0.000268902088773992,1e-07,0.000189420800506096,0.000268902088773992
ID_XSQ9IH,1e-07,0.000206498789318764,0.00017316733224289601,1e-07,0.000206498789318764,0.00017316733224289601
ID_1DUVNN,1e-07,0.000189420800506096,8.5309045558336e-05,1e-07,0.000189420800506096,8.5309045558336e-05
ID_1EP7ZJ,0.000173467264926268,0.000542589324253724,0.000268902088773992,0.000173467264926268,0.000542589324253724,0.000268902088773992
ID_EH58J1,1e-07,0.000189420800506096,0.000268902088773992,1e-07,0.000189420800506096,0.000268902088773992
ID_CTI20D,1e-07,0.000189420800506096,0.000268902088773992,1e-07,0.000189420800506096,0.000268902088773992
ID_0IB50G,0.000173467264926268,0.0007406971392983,0.000268902088773992,0.000173467264926268,0.0007406971392983,0.000268902088773992
ID_4NDO8O,1e-07,0.00123203978603962,0.001493343418357096,1e-07,0.00123203978603962,0.001493343418357096
ID_NSH0DU,1e-07,0.000998459393354596,0.001493343418357096,1e-07,0.000998459393354596,0.001493343418357096
ID_XXUVDP,0.000184139695337008,0.000998459393354596,0.001222438873654864,0.000184139695337008,0.000998459393354596,0.001222438873654864
ID_WUM26R,0.006486675316878664,0.008023528867486775,0.012112950698701047,0.006486675316878664,0.008023528867486775,0.012112950698701047
ID_JL9J80,1e-07,0.001226969622471472,0.000268902088773992,1e-07,0.001226969622471472,0.000268902088773992
ID_68D45A,1e-07,0.000305629735435792,8.5309045558336e-05,1e-07,0.000305629735435792,8.5309045558336e-05
ID_VYD2TV,0.000173467264926268,0.000857286707686628,0.000268902088773992,0.000173467264926268,0.000857286707686628,0.000268902088773992
ID_CIW99P,0.000184139695337008,0.00032270772424845996,0.000268902088773992,0.000184139695337008,0.00032270772424845996,0.000268902088773992
ID_D51DUQ,0.000173467264926268,0.0007410777727569319,0.000268902088773992,0.000173467264926268,0.0007410777727569319,0.000268902088773992
ID_3BGZSO,0.000173467264926268,0.000724885373508872,0.000268902088773992,0.000173467264926268,0.000724885373508872,0.000268902088773992
ID_2EPRTP,1e-07,0.00065059347073564,0.0004818770081486319,1e-07,0.00065059347073564,0.0004818770081486319
ID_XD3292,0.000184139695337008,0.00033890012349652003,0.00017316733224289601,0.000184139695337008,0.00033890012349652003,0.00017316733224289601
ID_NIFVOQ,1e-07,0.00033890012349652003,8.5309045558336e-05,1e-07,0.00033890012349652003,8.5309045558336e-05
ID_ZU5SYR,0.000173467264926268,0.000862025711039932,0.000268902088773992,0.000173467264926268,0.000862025711039932,0.000268902088773992
ID_Y4PE30,0.002677613537698772,0.003632776399072508,0.006836551506287575,0.002677613537698772,0.003632776399072508,0.006836551506287575
ID_T2OK2R,1e-07,0.000173228401258036,8.5309045558336e-05,1e-07,0.000173228401258036,8.5309045558336e-05
ID_SP8RIP,1e-07,0.000189420800506096,0.000268902088773992,1e-07,0.000189420800506096,0.000268902088773992
ID_VQ9S5D,0.000173467264926268,0.000114813424726432,0.000268902088773992,0.000173467264926268,0.000114813424726432,0.000268902088773992
ID_0JVF3K,0.006486675316878664,0.009686413187754336,0.013160455848930993,0.006486675316878664,0.009686413187754336,0.013160455848930993
ID_7KU1OB,0.013940878341379965,0.014177010269464925,0.022943428645364573,0.013940878341379965,0.014177010269464925,0.022943428645364573
ID_7UYLNU,0.00311013149778066,0.002894960208114492,0.00520387417490306,0.00311013149778066,0.002894960208114492,0.00520387417490306
ID_7YBJBN,0.000173467264926268,0.000542589324253724,0.000268902088773992,0.000173467264926268,0.000542589324253724,0.000268902088773992
ID_CLJ4A6,1e-07,0.000633515481922888,0.000970987836720844,1e-07,0.000633515481922888,0.000970987836720844
ID_USIVUY,0.00040758578892641196,0.0014784567863087,0.000268902088773992,0.00040758578892641196,0.0014784567863087,0.000268902088773992
ID_SWNDPS,1e-07,0.000173228401258036,8.5309045558336e-05,1e-07,0.000173228401258036,8.5309045558336e-05
ID_781KAZ,0.000184139695337008,0.001015537382167264,0.001310297160339592,0.000184139695337008,0.001015537382167264,0.001310297160339592
ID_QGCAPM,1e-07,0.000998459393354596,0.001222438873654864,1e-07,0.000998459393354596,0.001222438873654864
ID_BK64SS,1e-07,0.000862025711039932,0.000268902088773992,1e-07,0.000862025711039932,0.000268902088773992
ID_0HVBH9,0.00040758578892641196,0.00111351287487716,0.000268902088773992,0.00040758578892641196,0.00111351287487716,0.000268902088773992
ID_BAFM4T,1e-07,0.000998459393354596,0.001564516028215852,1e-07,0.000998459393354596,0.001564516028215852
ID_3R5UNN,1e-07,0.001015537382167264,0.000913729197749128,1e-07,0.001015537382167264,0.000913729197749128
ID_S09JZ1,1e-07,0.00048492174849707197,8.5309045558336e-05,1e-07,0.00048492174849707197,8.5309045558336e-05
ID_2Z02YG,0.000173467264926268,0.000542589324253724,0.000268902088773992,0.000173467264926268,0.000542589324253724,0.000268902088773992
ID_9NSFQV,1e-07,0.000173228401258036,8.5309045558336e-05,1e-07,0.000173228401258036,8.5309045558336e-05
ID_MP6MPH,0.002677613537698772,0.003632776399072508,0.006836551506287575,0.002677613537698772,0.003632776399072508,0.006836551506287575
ID_88VJLH,0.002677613537698772,0.003632776399072508,0.006836551506287575,0.002677613537698772,0.003632776399072508,0.006836551506287575
ID_I3EOVL,0.006429147581457676,0.009838504649155552,0.01995339611469737,0.006429147581457676,0.009838504649155552,0.01995339611469737
ID_TJIJM7,1e-07,0.001366683910429864,0.001581201705041824,1e-07,0.001366683910429864,0.001581201705041824
ID_3OB2PY,1e-07,0.000862025711039932,0.000268902088773992,1e-07,0.000862025711039932,0.000268902088773992
ID_IWPNJZ,1e-07,0.000998459393354596,0.001222438873654864,1e-07,0.000998459393354596,0.001222438873654864
ID_8NFKCL,1e-07,0.000305629735435792,8.5309045558336e-05,1e-07,0.000305629735435792,8.5309045558336e-05
ID_THH1UR,0.005315561654405344,0.005475547672854396,0.011833810667678347,0.005315561654405344,0.005475547672854396,0.011833810667678347
ID_DIGB5C,1e-07,0.000305629735435792,8.5309045558336e-05,1e-07,0.000305629735435792,8.5309045558336e-05
ID_RI8Y4C,0.000173467264926268,0.0014784567863087,0.000268902088773992,0.000173467264926268,0.0014784567863087,0.000268902088773992
ID_GGVJTH,0.003799398617236428,0.004471562216275752,0.00873933750273598,0.003799398617236428,0.004471562216275752,0.00873933750273598
ID_LOIPDR,1e-07,0.00085498145336944,0.000268902088773992,1e-07,0.00085498145336944,0.000268902088773992
ID_M9K91E,0.009756267383696128,0.012976140106569996,0.020701183426397908,0.009756267383696128,0.012976140106569996,0.020701183426397908
ID_2TZLAV,0.002677613537698772,0.003632776399072508,0.006836551506287575,0.002677613537698772,0.003632776399072508,0.006836551506287575
ID_1HUSLA,1e-07,0.00037416041615003203,0.000268902088773992,1e-07,0.00037416041615003203,0.000268902088773992
ID_I7R7TF,1e-07,0.000729624376862008,8.5309045558336e-05,1e-07,0.000729624376862008,8.5309045558336e-05
ID_V586YJ,0.000184139695337008,0.001442545686717112,0.001581201705041824,0.000184139695337008,0.001442545686717112,0.001581201705041824
ID_MXWQQ6,1e-07,0.000173228401258036,8.5309045558336e-05,1e-07,0.000173228401258036,8.5309045558336e-05
ID_VFMFNH,0.000511583429794724,0.000857286707686628,0.000268902088773992,0.000511583429794724,0.000857286707686628,0.000268902088773992
ID_745OT8,0.000173467264926268,0.0007410777727569319,0.000268902088773992,0.000173467264926268,0.0007410777727569319,0.000268902088773992
ID_N1RPR3,0.009141578977065905,0.005102940419967872,0.006120989851436752,0.009141578977065905,0.005102940419967872,0.006120989851436752
ID_34D3MN,1e-07,0.000998459393354596,0.001493343418357096,1e-07,0.000998459393354596,0.001493343418357096
ID_MSZ3TQ,1e-07,0.000305629735435792,8.5309045558336e-05,1e-07,0.000305629735435792,8.5309045558336e-05
ID_SB3Z4O,0.000184139695337008,0.0006344010714875799,8.5309045558336e-05,0.000184139695337008,0.0006344010714875799,8.5309045558336e-05
ID_4JJJZB,1e-07,0.000729624376862008,8.5309045558336e-05,1e-07,0.000729624376862008,8.5309045558336e-05
ID_IVHQHJ,0.0033374877580105242,0.003159781945382244,0.005586346914409568,0.0033374877580105242,0.003159781945382244,0.005586346914409568
ID_3XTXFX,0.000184139695337008,0.0006224388761155719,0.000268902088773992,0.000184139695337008,0.0006224388761155719,0.000268902088773992
ID_1DVLLY,0.0072301486005244275,0.008214852598405452,0.012112950698701047,0.0072301486005244275,0.008214852598405452,0.012112950698701047
ID_G7CMRV,0.004896001215371707,0.004451218959636464,0.0068903611684453196,0.004896001215371707,0.004451218959636464,0.0068903611684453196
ID_PBV8NL,0.003203221083834584,0.0034564894685415798,0.0019138162723525399,0.003203221083834584,0.0034564894685415798,0.0019138162723525399
ID_DO3ZD4,1e-07,0.000617323082674828,8.5309045558336e-05,1e-07,0.000617323082674828,8.5309045558336e-05
ID_BXFZX7,1e-07,0.000305629735435792,8.5309045558336e-05,1e-07,0.000305629735435792,8.5309045558336e-05
ID_K5JUQC,0.000173467264926268,0.000542589324253724,0.000268902088773992,0.000173467264926268,0.000542589324253724,0.000268902088773992
ID_JQIX21,1e-07,0.001015537382167264,0.000913729197749128,1e-07,0.001015537382167264,0.000913729197749128
ID_2ZX8MJ,1e-07,0.000862025711039932,0.000656271285941792,1e-07,0.000862025711039932,0.000656271285941792
ID_3WIPGV,0.00040758578892641196,0.0014784567863087,0.000268902088773992,0.00040758578892641196,0.0014784567863087,0.000268902088773992
ID_ISHX3X,1e-07,0.000633515481922888,0.000970987836720844,1e-07,0.000633515481922888,0.000970987836720844
ID_FBFZMG,0.000184139695337008,0.00032270772424845996,0.000268902088773992,0.000184139695337008,0.00032270772424845996,0.000268902088773992
ID_RHD6O4,0.00040758578892641196,0.0014784567863087,0.000268902088773992,0.00040758578892641196,0.0014784567863087,0.000268902088773992
ID_P6QK23,0.003203221083834584,0.0033060905998515797,0.0019138162723525399,0.003203221083834584,0.0033060905998515797,0.0019138162723525399
ID_8NS4P8,1e-07,0.000633515481922888,0.000970987836720844,1e-07,0.000633515481922888,0.000970987836720844
ID_YXAL4N,0.000173467264926268,0.0006224388761155719,0.000268902088773992,0.000173467264926268,0.0006224388761155719,0.000268902088773992
ID_FHRLXM,0.000173467264926268,0.000857286707686628,0.000268902088773992,0.000173467264926268,0.000857286707686628,0.000268902088773992
ID_4LDI6N,0.000184139695337008,0.001015537382167264,0.001310297160339592,0.000184139695337008,0.001015537382167264,0.001310297160339592
ID_U30UU9,0.001526270738829404,0.001986905356239476,0.002790045209534652,0.001526270738829404,0.001986905356239476,0.002790045209534652
ID_BIVVQ5,1e-07,0.00019030639007070399,8.5309045558336e-05,1e-07,0.00019030639007070399,8.5309045558336e-05
ID_V3FU4W,0.00040758578892641196,0.0014784567863087,0.000268902088773992,0.00040758578892641196,0.0014784567863087,0.000268902088773992
ID_ZBT2OF,0.003203221083834584,0.0034564894685415798,0.0019138162723525399,0.003203221083834584,0.0034564894685415798,0.0019138162723525399
ID_U2YCJS,1e-07,0.000305629735435792,8.5309045558336e-05,1e-07,0.000305629735435792,8.5309045558336e-05
ID_AR0M29,1e-07,0.000633515481922888,0.000970987836720844,1e-07,0.000633515481922888,0.000970987836720844
ID_KGELXP,0.000173467264926268,0.000857286707686628,0.000268902088773992,0.000173467264926268,0.000857286707686628,0.000268902088773992
ID_ICMGAL,1e-07,0.000206498789318764,0.00017316733224289601,1e-07,0.000206498789318764,0.00017316733224289601
ID_SATA0V,1e-07,0.000189420800506096,8.5309045558336e-05,1e-07,0.000189420800506096,8.5309045558336e-05
ID_KLG612,1e-07,0.00032270772424845996,0.000268902088773992,1e-07,0.00032270772424845996,0.000268902088773992
ID_0K6BDO,0.000173467264926268,0.001096084435505832,0.000268902088773992,0.000173467264926268,0.001096084435505832,0.000268902088773992
ID_3GMYTY,0.000173467264926268,0.0007410777727569319,0.000268902088773992,0.000173467264926268,0.0007410777727569319,0.000268902088773992
ID_75LBON,1e-07,0.000998459393354596,0.001493343418357096,1e-07,0.000998459393354596,0.001493343418357096
ID_2XFJZU,1e-07,0.000173228401258036,8.5309045558336e-05,1e-07,0.000173228401258036,8.5309045558336e-05
ID_DH1QTQ,0.000173467264926268,0.000873479106934688,0.000268902088773992,0.000173467264926268,0.000873479106934688,0.000268902088773992
ID_VCTNE2,0.000173467264926268,0.0014784567863087,0.000268902088773992,0.000173467264926268,0.0014784567863087,0.000268902088773992
ID_TQKOQ0,1e-07,0.00033890012349652003,0.00017316733224289601,1e-07,0.00033890012349652003,0.00017316733224289601
ID_O4VUD4,0.000173467264926268,0.000724885373508872,0.000268902088773992,0.000173467264926268,0.000724885373508872,0.000268902088773992
ID_5PJ9XO,0.016883028652494768,0.015811569978450332,0.021378275341699813,0.016883028652494768,0.015811569978450332,0.021378275341699813
ID_5BHS0I,0.000184139695337008,0.001442545686717112,0.001581201705041824,0.000184139695337008,0.001442545686717112,0.001581201705041824
ID_UED7H0,1e-07,0.000189420800506096,0.000268902088773992,1e-07,0.000189420800506096,0.000268902088773992
ID_7PNRDI,1e-07,0.00033890012349652003,0.00017316733224289601,1e-07,0.00033890012349652003,0.00017316733224289601
ID_XZXOS2,0.000184139695337008,0.00103016312612098,0.001222438873654864,0.000184139695337008,0.00103016312612098,0.001222438873654864
ID_GKDTYW,0.000173467264926268,0.00141943841861426,0.001738910306009012,0.000173467264926268,0.00141943841861426,0.001738910306009012
ID_XGKFJ2,0.00040758578892641196,0.0012816502899582081,0.000268902088773992,0.00040758578892641196,0.0012816502899582081,0.000268902088773992
ID_M0HTKQ,0.000184139695337008,0.001442545686717112,0.001581201705041824,0.000184139695337008,0.001442545686717112,0.001581201705041824
ID_LTDZIO,1e-07,0.000998459393354596,0.001222438873654864,1e-07,0.000998459393354596,0.001222438873654864
ID_GLYI5H,0.000173467264926268,0.000873479106934688,0.000268902088773992,0.000173467264926268,0.000873479106934688,0.000268902088773992
ID_8R5FFI,0.014292576767538156,0.014077701928524127,0.02138397515786972,0.014292576767538156,0.014077701928524127,0.02138397515786972
ID_T8RWY3,1e-07,0.000998459393354596,0.001493343418357096,1e-07,0.000998459393354596,0.001493343418357096
ID_YUMD4O,0.00040758578892641196,0.0014784567863087,0.000268902088773992,0.00040758578892641196,0.0014784567863087,0.000268902088773992
ID_V4CJKG,0.000173467264926268,0.00092708697995734,0.000268902088773992,0.000173467264926268,0.00092708697995734,0.000268902088773992
ID_PD844Y,1e-07,0.00062199194309746,0.000268902088773992,1e-07,0.00062199194309746,0.000268902088773992
ID_1FJE68,0.000184139695337008,0.001015537382167264,0.001310297160339592,0.000184139695337008,0.001015537382167264,0.001310297160339592
ID_RTAF36,0.000184139695337008,0.001442545686717112,0.001581201705041824,0.000184139695337008,0.001442545686717112,0.001581201705041824
ID_0Q0ASG,0.0021205225731289403,0.0023257297748556518,0.004307961822912492,0.0021205225731289403,0.0023257297748556518,0.004307961822912492
ID_WOQ9RN,1e-07,0.0006057995438493999,8.5309045558336e-05,1e-07,0.0006057995438493999,8.5309045558336e-05
ID_40HUN8,0.007669020998023416,0.00887821449355232,0.01770416535290754,0.007669020998023416,0.00887821449355232,0.01770416535290754
ID_KP9MAP,0.00040758578892641196,0.0014867015259788599,0.0017555959828349,0.00040758578892641196,0.0014867015259788599,0.0017555959828349
ID_9TOISM,0.000184139695337008,0.001015537382167264,0.001310297160339592,0.000184139695337008,0.001015537382167264,0.001310297160339592
ID_604ZNT,0.00375916992455272,0.0032209336270564077,0.00520387417490306,0.00375916992455272,0.0032209336270564077,0.00520387417490306
ID_R8L0ZF,1e-07,0.000189420800506096,0.000268902088773992,1e-07,0.000189420800506096,0.000268902088773992
ID_NEWEUH,1e-07,0.000305629735435792,8.5309045558336e-05,1e-07,0.000305629735435792,8.5309045558336e-05
ID_POEBAW,0.000173467264926268,0.0009276555274020559,0.000268902088773992,0.000173467264926268,0.0009276555274020559,0.000268902088773992
ID_M074K8,0.005315561654405344,0.005475547672854396,0.011833810667678347,0.005315561654405344,0.005475547672854396,0.011833810667678347
ID_A0HXDC,0.000173467264926268,0.00111351287487716,0.000268902088773992,0.000173467264926268,0.00111351287487716,0.000268902088773992
ID_SLG2I5,1e-07,0.000542589324253724,0.000268902088773992,1e-07,0.000542589324253724,0.000268902088773992
ID_0ZWEL6,1e-07,0.001226969622471472,0.000268902088773992,1e-07,0.001226969622471472,0.000268902088773992
ID_5W8IQ2,1e-07,0.000173228401258036,8.5309045558336e-05,1e-07,0.000173228401258036,8.5309045558336e-05
ID_X1JF4P,1e-07,0.00032270772424845996,8.5309045558336e-05,1e-07,0.00032270772424845996,8.5309045558336e-05
ID_OKPFDW,1e-07,0.000617323082674828,8.5309045558336e-05,1e-07,0.000617323082674828,8.5309045558336e-05
ID_BG41I8,1e-07,0.000633515481922888,0.000970987836720844,1e-07,0.000633515481922888,0.000970987836720844
ID_WLJAHR,0.0014863806440103679,0.0014705091267308,0.0017555959828349,0.0014863806440103679,0.0014705091267308,0.0017555959828349
ID_CWIW49,0.000173467264926268,0.00037416041615003203,0.000268902088773992,0.000173467264926268,0.00037416041615003203,0.000268902088773992
ID_KPIEP6,1e-07,0.00019030639007070399,8.5309045558336e-05,1e-07,0.00019030639007070399,8.5309045558336e-05
ID_BIPIY7,0.005315561654405344,0.005475547672854396,0.011833810667678347,0.005315561654405344,0.005475547672854396,0.011833810667678347
ID_OV4128,0.00040758578892641196,0.00111351287487716,0.000268902088773992,0.00040758578892641196,0.00111351287487716,0.000268902088773992
ID_KM14WW,1e-07,0.001366683910429864,0.001581201705041824,1e-07,0.001366683910429864,0.001581201705041824
ID_ZR9LL7,0.000184139695337008,0.001442545686717112,0.001581201705041824,0.000184139695337008,0.001442545686717112,0.001581201705041824
ID_MN7JHJ,1e-07,0.001015537382167264,0.000913729197749128,1e-07,0.001015537382167264,0.000913729197749128
ID_1YP6FS,0.00040758578892641196,0.0014784567863087,0.000268902088773992,0.00040758578892641196,0.0014784567863087,0.000268902088773992
ID_LY0FR7,0.00040758578892641196,0.000873479106934688,0.000268902088773992,0.00040758578892641196,0.000873479106934688,0.000268902088773992
ID_VA8YS0,0.007334069670962312,0.011333999025121921,0.020701183426397908,0.007334069670962312,0.011333999025121921,0.020701183426397908
ID_MGX9C4,0.00040758578892641196,0.0014784567863087,0.000268902088773992,0.00040758578892641196,0.0014784567863087,0.000268902088773992
ID_ODWSBV,0.00040758578892641196,0.0014784567863087,0.000268902088773992,0.00040758578892641196,0.0014784567863087,0.000268902088773992
ID_VIB8R6,0.000173467264926268,0.0012388699513845081,0.000268902088773992,0.000173467264926268,0.0012388699513845081,0.000268902088773992
ID_O3271L,0.00311013149778066,0.002894960208114492,0.00520387417490306,0.00311013149778066,0.002894960208114492,0.00520387417490306
ID_IA7XNG,0.000173467264926268,0.0008739260399528001,0.000268902088773992,0.000173467264926268,0.0008739260399528001,0.000268902088773992
ID_G5YFIJ,0.01099049980944934,0.0041692205634088365,0.0019033343995075599,0.01099049980944934,0.0041692205634088365,0.0019033343995075599
ID_8EA5ZH,0.01099049980944934,0.004251695878485004,0.0018171608919759518,0.01099049980944934,0.004251695878485004,0.0018171608919759518
ID_VUB2RU,0.013062755140037859,0.004925296145395792,0.0026482261495178556,0.013062755140037859,0.004925296145395792,0.0026482261495178556
ID_869AS8,0.009815542364954799,0.004378544479984544,0.00155801820101558,0.009815542364954799,0.004378544479984544,0.00155801820101558
ID_TIBN4U,0.012380685343001595,0.00484943436910846,0.0026482261495178556,0.012380685343001595,0.00484943436910846,0.0026482261495178556
ID_WQ3JF5,0.01099049980944934,0.004251695878485004,0.0018171608919759518,0.01099049980944934,0.004251695878485004,0.0018171608919759518
ID_5RBXPX,0.012380685343001595,0.00484943436910846,0.0026482261495178556,0.012380685343001595,0.00484943436910846,0.0026482261495178556
ID_5HD5ZA,0.013062755140037859,0.004925296145395792,0.0026482261495178556,0.013062755140037859,0.004925296145395792,0.0026482261495178556
ID_2S5VX6,0.012380685343001595,0.00484943436910846,0.0026482261495178556,0.012380685343001595,0.00484943436910846,0.0026482261495178556
ID_5A16YM,0.013062755140037859,0.004925296145395792,0.0026482261495178556,0.013062755140037859,0.004925296145395792,0.0026482261495178556
ID_9HWS96,0.01099049980944934,0.004251695878485004,0.0018171608919759518,0.01099049980944934,0.004251695878485004,0.0018171608919759518
ID_XSG0T2,0.012380685343001595,0.004922121569293695,0.0026482261495178556,0.012380685343001595,0.004922121569293695,0.0026482261495178556
ID_GKA6X5,0.013062755140037859,0.0044405547152575955,0.0026482261495178556,0.013062755140037859,0.0044405547152575955,0.0026482261495178556
ID_IADFLZ,0.012380685343001595,0.00484943436910846,0.0026482261495178556,0.012380685343001595,0.00484943436910846,0.0026482261495178556
ID_85I0GR,0.012380685343001595,0.004922121569293695,0.0026482261495178556,0.012380685343001595,0.004922121569293695,0.0026482261495178556
ID_MIJTEW,0.01099049980944934,0.004251695878485004,0.0018171608919759518,0.01099049980944934,0.004251695878485004,0.0018171608919759518
ID_B8BL0O,0.012380685343001595,0.004922121569293695,0.0026482261495178556,0.012380685343001595,0.004922121569293695,0.0026482261495178556
ID_QC1WRZ,0.012380685343001595,0.00484943436910846,0.0026482261495178556,0.012380685343001595,0.00484943436910846,0.0026482261495178556
ID_6UT7IC,0.01099049980944934,0.004251695878485004,0.0018171608919759518,0.01099049980944934,0.004251695878485004,0.0018171608919759518
ID_54JX22,0.01099049980944934,0.004251695878485004,0.0018171608919759518,0.01099049980944934,0.004251695878485004,0.0018171608919759518
ID_6TKU5R,0.01099049980944934,0.004251695878485004,0.0018171608919759518,0.01099049980944934,0.004251695878485004,0.0018171608919759518
ID_1JA2MK,0.009584147161034416,0.004378544479984544,0.001337166811794404,0.009584147161034416,0.004378544479984544,0.001337166811794404
ID_SJWY6D,0.01099049980944934,0.004251695878485004,0.0018171608919759518,0.01099049980944934,0.004251695878485004,0.0018171608919759518
ID_GIYG6G,0.012380685343001595,0.004922121569293695,0.0026482261495178556,0.012380685343001595,0.004922121569293695,0.0026482261495178556
ID_LJS85L,0.01099049980944934,0.004251695878485004,0.0018171608919759518,0.01099049980944934,0.004251695878485004,0.0018171608919759518
ID_TQNBDG,0.012380685343001595,0.00484943436910846,0.0026482261495178556,0.012380685343001595,0.00484943436910846,0.0026482261495178556
ID_XARP7Q,0.012380685343001595,0.00484943436910846,0.0026482261495178556,0.012380685343001595,0.00484943436910846,0.0026482261495178556
ID_BMEQA2,0.012380685343001595,0.00484943436910846,0.0026482261495178556,0.012380685343001595,0.00484943436910846,0.0026482261495178556
ID_O9717W,0.01099049980944934,0.004251695878485004,0.0018171608919759518,0.01099049980944934,0.004251695878485004,0.0018171608919759518
ID_7A9IEF,0.010700326974850283,0.010823797160417788,0.02083167837378911,0.010700326974850283,0.010823797160417788,0.02083167837378911
ID_YGG57K,1e-07,0.000971614634434964,0.0017555959828349,1e-07,0.000971614634434964,0.0017555959828349
ID_QI4XP9,0.012811365586225271,0.013480975565699596,0.016133491831185145,0.012811365586225271,0.013480975565699596,0.016133491831185145
ID_Q18N3W,0.12429605289125092,0.2049143486002244,0.34401627614145963,0.12429605289125092,0.2049143486002244,0.34401627614145963
ID_4VVCQH,0.12634317210510487,0.2174784042699752,0.5061501075990615,0.12634317210510487,0.2174784042699752,0.5061501075990615
ID_XE4IEV,1e-07,0.0012723074458350881,0.002043730777224188,1e-07,0.0012723074458350881,0.002043730777224188
ID_K3MAY0,0.12634317210510487,0.21495793749545739,0.5061501075990615,0.12634317210510487,0.21495793749545739,0.5061501075990615
ID_HW0LWU,0.012655291271210024,0.012343545536864243,0.0131134422394972,0.012655291271210024,0.012343545536864243,0.0131134422394972
ID_UCWQS1,1e-07,0.0017244786652457359,0.001684967945837312,1e-07,0.0017244786652457359,0.001684967945837312
ID_MZ5E9B,0.001202938925162644,0.001864641385604216,0.002008731798921872,0.001202938925162644,0.001864641385604216,0.002008731798921872
ID_C1K50D,0.09039479554946835,0.11885091610065751,0.23454059547781556,0.09039479554946835,0.11885091610065751,0.23454059547781556
ID_MC4KWW,0.49083305978067926,0.4497224930363361,0.5608840627025807,0.49083305978067926,0.4497224930363361,0.5608840627025807
ID_RH99WO,0.0073610288510070595,0.00736125874685714,0.0143231196047208,0.0073610288510070595,0.00736125874685714,0.0143231196047208
ID_744B0S,0.000511583429794724,0.001359534753814112,0.001826768592693656,0.000511583429794724,0.001359534753814112,0.001826768592693656
ID_G76EJJ,0.000926918466697196,0.0025227174944941278,0.0019138162723525399,0.000926918466697196,0.0025227174944941278,0.0019138162723525399
ID_W3FLE5,1e-07,0.001336558545866672,0.001738910306009012,1e-07,0.001336558545866672,0.001738910306009012
ID_EH2GC9,0.013979276307588719,0.014425070055737836,0.02138067065599987,0.013979276307588719,0.014425070055737836,0.02138067065599987
ID_VA32M2,0.0198266334482714,0.05899833043480898,0.09699805052007779,0.0198266334482714,0.05899833043480898,0.09699805052007779
ID_614OQG,0.07084770932677534,0.11233813341693052,0.16567690743333321,0.07084770932677534,0.11233813341693052,0.16567690743333321
ID_3XYEKG,0.013945978156046616,0.01846444032962835,0.029409655306329018,0.013945978156046616,0.01846444032962835,0.029409655306329018
ID_0NEH7M,0.001202938925162644,0.001864641385604216,0.002008731798921872,0.001202938925162644,0.001864641385604216,0.002008731798921872
ID_X56U7A,1e-07,0.001217636513371916,0.001161941190752156,1e-07,0.001217636513371916,0.001161941190752156
ID_LVGS8N,1e-07,0.001217636513371916,0.001161941190752156,1e-07,0.001217636513371916,0.001161941190752156
ID_8OM0HC,1e-07,0.001217636513371916,0.001161941190752156,1e-07,0.001217636513371916,0.001161941190752156
ID_ZF76R9,1e-07,0.0012723074458350881,0.002043730777224188,1e-07,0.0012723074458350881,0.002043730777224188
ID_38Z3AF,0.00040758578892641196,0.001343342354566052,0.001484691438132668,0.00040758578892641196,0.001343342354566052,0.001484691438132668
ID_MI871Y,0.000184139695337008,0.0009041889583013679,0.001572549724817312,0.000184139695337008,0.0009041889583013679,0.001572549724817312
ID_Z2O6G6,0.000184139695337008,0.0009041889583013679,0.001572549724817312,0.000184139695337008,0.0009041889583013679,0.001572549724817312
ID_N4NA0B,0.043121170038500176,0.03369512400642653,0.032949402808562046,0.043121170038500176,0.03369512400642653,0.032949402808562046
ID_CXGCMA,1e-07,0.0012723074458350881,0.002043730777224188,1e-07,0.0012723074458350881,0.002043730777224188
ID_S02NWF,0.012876400012854696,0.014577596838193848,0.016133491831185145,0.012876400012854696,0.014577596838193848,0.016133491831185145
ID_STYUQH,0.028190386767918955,0.02455688345959486,0.028062857762333065,0.028190386767918955,0.02455688345959486,0.028062857762333065
ID_OQ0NNL,0.04319446548332135,0.033375235992172854,0.030713508650230106,0.04319446548332135,0.033375235992172854,0.030713508650230106
ID_LMECJK,0.07084770932677534,0.11233813341693052,0.16567690743333321,0.07084770932677534,0.11233813341693052,0.16567690743333321
ID_D7R1NQ,0.06896670089982472,0.062158423222787966,0.05651580083800125,0.06896670089982472,0.062158423222787966,0.05651580083800125
ID_7XQ792,1e-07,0.0017244786652457359,0.001684967945837312,1e-07,0.0017244786652457359,0.001684967945837312
ID_U8RC44,0.016281906688445195,0.010966444486436171,0.021278986207298255,0.016281906688445195,0.010966444486436171,0.021278986207298255
ID_EBNFRL,0.1293943511910534,0.13773422027235477,0.2596782622876246,0.1293943511910534,0.13773422027235477,0.2596782622876246
ID_GKQ47Z,0.01961636030188882,0.014809255821142342,0.026791751066036505,0.01961636030188882,0.014809255821142342,0.026791751066036505
ID_YE5B6S,0.01242777791361432,0.022223340196180393,0.023823608272240983,0.01242777791361432,0.022223340196180393,0.023823608272240983
ID_W45VF7,0.05552778549510448,0.09695969596321807,0.1499210787674339,0.05552778549510448,0.09695969596321807,0.1499210787674339
ID_1RUKP4,0.3462411314239252,0.46586936106765825,0.571196847216369,0.3462411314239252,0.46586936106765825,0.571196847216369
ID_Q4TH3I,0.001160174199547732,0.001603095348646388,0.002008731798921872,0.001160174199547732,0.001603095348646388,0.002008731798921872
ID_DPVS20,0.011940200391416024,0.014155363959528827,0.015604298926920272,0.011940200391416024,0.014155363959528827,0.015604298926920272
ID_22KHLA,1e-07,0.001797646935118108,0.002054658875652648,1e-07,0.001797646935118108,0.002054658875652648
ID_S9QE4Q,1e-07,0.001318651774714384,0.001825957985667896,1e-07,0.001318651774714384,0.001825957985667896
ID_E7MX6C,0.013776075453584684,0.013169053351125976,0.017438398621268923,0.013776075453584684,0.013169053351125976,0.017438398621268923
ID_U3INRH,1e-07,0.001797646935118108,0.002054658875652648,1e-07,0.001797646935118108,0.002054658875652648
ID_DI7YTA,0.20591060415895387,0.2466690841353531,0.3232984086959397,0.20591060415895387,0.2466690841353531,0.3232984086959397
ID_RCOAWN,0.016948598753581928,0.01684914476245024,0.020991980384843685,0.016948598753581928,0.01684914476245024,0.020991980384843685
ID_Z1LRYM,0.010052854182703427,0.012800690967050192,0.020478400239034106,0.010052854182703427,0.012800690967050192,0.020478400239034106
ID_C2LJ70,0.0077631603596201035,0.011390977347359303,0.013145881551819201,0.0077631603596201035,0.011390977347359303,0.013145881551819201
ID_GIVEZ4,0.03238919732445132,0.03437500819299555,0.02661615615424862,0.03238919732445132,0.03437500819299555,0.02661615615424862
ID_ELDV2E,0.14351200107482218,0.21294458033381275,0.47046452177424297,0.14351200107482218,0.21294458033381275,0.47046452177424297
ID_2BSLWL,0.016281906688445195,0.010966444486436171,0.021278986207298255,0.016281906688445195,0.010966444486436171,0.021278986207298255
ID_SEXM8V,0.3085489635483218,0.2559969710453851,0.5246684416585626,0.3085489635483218,0.2559969710453851,0.5246684416585626
ID_MOIYPK,0.1085548107069712,0.11502921041426722,0.1312441839514363,0.1085548107069712,0.11502921041426722,0.1312441839514363
ID_G5NRPK,0.000265891851527608,0.001599236456379112,0.001825957985667896,0.000265891851527608,0.001599236456379112,0.001825957985667896
ID_JFVGSJ,1e-07,0.0012723074458350881,0.002043730777224188,1e-07,0.0012723074458350881,0.002043730777224188
ID_XWS7HQ,0.06121485919934014,0.04667184658178647,0.05499310239552876,0.06121485919934014,0.04667184658178647,0.05499310239552876
ID_4OYZV6,0.15862020027240362,0.19101760290170455,0.30097088756260526,0.15862020027240362,0.19101760290170455,0.30097088756260526
ID_01RP2A,1e-07,0.0017244786652457359,0.001955872490539544,1e-07,0.0017244786652457359,0.001955872490539544
ID_5PPY2G,0.012277731600021692,0.015007874824359457,0.02138067065599987,0.012277731600021692,0.015007874824359457,0.02138067065599987
ID_CSM246,0.11896460279136546,0.12200887485969504,0.29528587790374905,0.11896460279136546,0.12200887485969504,0.29528587790374905
ID_UJJ1IK,0.01516626098713694,0.015485664018577596,0.014169251571240195,0.01516626098713694,0.015485664018577596,0.014169251571240195
ID_XBI5K6,0.2018297209721014,0.22394504708013185,0.2826831034174728,0.2018297209721014,0.22394504708013185,0.2826831034174728
ID_WJ9PEO,0.012277731600021692,0.011697404666724228,0.02138067065599987,0.012277731600021692,0.011697404666724228,0.02138067065599987
ID_WY9EAI,1e-07,0.000971614634434964,0.0017555959828349,1e-07,0.000971614634434964,0.0017555959828349
ID_UR5OFA,1e-07,0.0012723074458350881,0.002043730777224188,1e-07,0.0012723074458350881,0.002043730777224188
ID_VXVK0E,1e-07,0.0012723074458350881,0.002043730777224188,1e-07,0.0012723074458350881,0.002043730777224188
ID_LKHDH9,0.02810847310209529,0.044114890296083696,0.05151027794128717,0.02810847310209529,0.044114890296083696,0.05151027794128717
ID_FS84JN,0.005736922402847604,0.0069804926752902365,0.013266552380829487,0.005736922402847604,0.0069804926752902365,0.013266552380829487
ID_Q08FAJ,0.0071665210050126755,0.012712749392498206,0.008401244690227808,0.0071665210050126755,0.012712749392498206,0.008401244690227808
ID_SRKWYT,0.010700326974850283,0.010823797160417788,0.01649924632072694,0.010700326974850283,0.010823797160417788,0.01649924632072694
ID_6ZEMZN,0.000926918466697196,0.00111351287487716,0.0017555959828349,0.000926918466697196,0.00111351287487716,0.0017555959828349
ID_0OW07A,1e-07,0.00152062003357022,0.001955872490539544,1e-07,0.00152062003357022,0.001955872490539544
ID_CI8CH1,0.016883028652494768,0.022832140459264908,0.026433823512461693,0.016883028652494768,0.022832140459264908,0.026433823512461693
ID_9FI442,0.01222020386460079,0.014904137711944043,0.016133491831185145,0.01222020386460079,0.014904137711944043,0.016133491831185145
ID_SO0DHO,0.01961636030188882,0.014809255821142342,0.026791751066036505,0.01961636030188882,0.014809255821142342,0.026791751066036505
ID_I3TWPN,0.01632944227111191,0.014672697148684473,0.021772768593991427,0.01632944227111191,0.014672697148684473,0.021772768593991427
ID_PRTLQO,0.0007825893032257839,0.0009041889583013679,0.00147557468974192,0.0007825893032257839,0.0009041889583013679,0.00147557468974192
ID_DLJ036,0.001160174199547732,0.0009041889583013679,0.001843454269519544,0.001160174199547732,0.0009041889583013679,0.001843454269519544
ID_1KRPQG,0.03656895607031909,0.039958697098949704,0.0395305919286894,0.03656895607031909,0.039958697098949704,0.0395305919286894
ID_ER9JGI,0.016281906688445195,0.010966444486436171,0.021278986207298255,0.016281906688445195,0.010966444486436171,0.021278986207298255
ID_URRD8K,0.0104685859409961,0.009939934955666464,0.016339084092589544,0.0104685859409961,0.009939934955666464,0.016339084092589544
ID_LLP2C0,1e-07,0.000971614634434964,0.0017555959828349,1e-07,0.000971614634434964,0.0017555959828349
ID_W15EIN,0.03285240948971096,0.04147551947876439,0.0468838048115212,0.03285240948971096,0.04147551947876439,0.0468838048115212
ID_CZ0VWL,0.0016060108288726638,0.002808404729905452,0.003049076294145056,0.0016060108288726638,0.002808404729905452,0.003049076294145056
ID_OEUEBT,0.13337732801986493,0.15405067691256177,0.4548508943792885,0.13337732801986493,0.15405067691256177,0.4548508943792885
ID_LXTW02,0.00040758578892641196,0.001708286265997676,0.0017555959828349,0.00040758578892641196,0.001708286265997676,0.0017555959828349
ID_N94SDP,0.009587593795963103,0.010562749710239936,0.011865202079793004,0.009587593795963103,0.010562749710239936,0.011865202079793004
ID_N0AWM0,0.16812108789378996,0.19815843799086286,0.562174238412203,0.16812108789378996,0.19815843799086286,0.562174238412203
ID_42NPIG,0.10488115652594118,0.11121801664300954,0.15480238498858045,0.10488115652594118,0.11121801664300954,0.15480238498858045
ID_NSS5HS,0.012477114390059704,0.011718236000596592,0.01709119845942717,0.012477114390059704,0.011718236000596592,0.01709119845942717
ID_ETVXZ7,1e-07,0.001582580424803624,0.001161941190752156,1e-07,0.001582580424803624,0.001161941190752156
ID_VEAIU7,0.000265891851527608,0.0017573750023573398,0.0019138162723525399,0.000265891851527608,0.0017573750023573398,0.0019138162723525399
ID_FJN84X,0.016948598753581928,0.01684914476245024,0.020991980384843685,0.016948598753581928,0.01684914476245024,0.020991980384843685
ID_HD7QTN,0.012811365586225271,0.013480975565699596,0.016133491831185145,0.012811365586225271,0.013480975565699596,0.016133491831185145
ID_NTR8YK,0.000184139695337008,0.0009041889583013679,0.001572549724817312,0.000184139695337008,0.0009041889583013679,0.001572549724817312
ID_9856FP,0.001202938925162644,0.002145226067268944,0.002079093801754868,0.001202938925162644,0.002145226067268944,0.002079093801754868
ID_69NK4X,0.010700326974850283,0.010823797160417788,0.02083167837378911,0.010700326974850283,0.010823797160417788,0.02083167837378911
ID_UVABGX,0.016948598753581928,0.01684914476245024,0.020991980384843685,0.016948598753581928,0.01684914476245024,0.020991980384843685
ID_S5C90U,0.4888429940498864,0.5557496534936623,0.5939642645197025,0.4888429940498864,0.5557496534936623,0.5939642645197025
ID_X0NOSD,0.000265891851527608,0.0009041889583013679,0.001310297160339592,0.000265891851527608,0.0009041889583013679,0.001310297160339592
ID_IJCE63,0.1551595011212951,0.14608589999526042,0.4971700459885776,0.1551595011212951,0.14608589999526042,0.4971700459885776
ID_ME1YJI,0.01039321595497308,0.0073345802623358365,0.019315331280964926,0.01039321595497308,0.0073345802623358365,0.019315331280964926
ID_CZIO8P,1e-07,0.000862025711039932,0.000970987836720844,1e-07,0.000862025711039932,0.000970987836720844
ID_GQKCKG,0.01280070808759968,0.01980810816773442,0.023088799843233632,0.01280070808759968,0.01980810816773442,0.023088799843233632
ID_CDDM41,0.03360156048498973,0.035691940607120956,0.03154508527774151,0.03360156048498973,0.035691940607120956,0.03154508527774151
ID_HOITR8,0.012811365586225271,0.013480975565699596,0.016133491831185145,0.012811365586225271,0.013480975565699596,0.016133491831185145
ID_MWGUUP,0.009608711856857332,0.010037261358606876,0.012483363933629072,0.009608711856857332,0.010037261358606876,0.012483363933629072
ID_TNZJLJ,1e-07,0.0012723074458350881,0.002043730777224188,1e-07,0.0012723074458350881,0.002043730777224188
ID_4RHCTV,1e-07,0.00111351287487716,0.001572549724817312,1e-07,0.00111351287487716,0.001572549724817312
ID_3D546N,1e-07,0.000862025711039932,0.001058846123405572,1e-07,0.000862025711039932,0.001058846123405572
ID_G3G8F2,0.07839570294243706,0.08581360592440816,0.1302174831124256,0.07839570294243706,0.08581360592440816,0.1302174831124256
ID_R3EVVT,0.13150387401285285,0.14782975538102258,0.5012016966191561,0.13150387401285285,0.14782975538102258,0.5012016966191561
ID_QEM6RQ,0.03645785532296262,0.039903328210228954,0.14028098693713187,0.03645785532296262,0.039903328210228954,0.14028098693713187
ID_NTVN8F,0.000184139695337008,0.000617323082674828,0.000656271285941792,0.000184139695337008,0.000617323082674828,0.000656271285941792
ID_AQTW5A,1e-07,0.000617323082674828,0.000394018721463988,1e-07,0.000617323082674828,0.000394018721463988
ID_2BK28V,0.000265891851527608,0.000868810246512056,0.000656271285941792,0.000265891851527608,0.000868810246512056,0.000656271285941792
ID_PXLHVB,0.000184139695337008,0.000542589324253724,0.000656271285941792,0.000184139695337008,0.000542589324253724,0.000656271285941792
ID_BTGNHS,0.000184139695337008,0.000868810246512056,0.000656271285941792,0.000184139695337008,0.000868810246512056,0.000656271285941792
ID_1T7417,0.001202938925162644,0.0013237656309316721,0.001222438873654864,0.001202938925162644,0.0013237656309316721,0.001222438873654864
ID_5IHZMO,0.000184139695337008,0.000681411613937416,0.000645469758398008,0.000184139695337008,0.000681411613937416,0.000645469758398008
ID_B1UDBV,0.000184139695337008,0.000617323082674828,0.000656271285941792,0.000184139695337008,0.000617323082674828,0.000656271285941792
ID_8HARO9,0.000184139695337008,0.000868810246512056,0.000656271285941792,0.000184139695337008,0.000868810246512056,0.000656271285941792
ID_SZOUS9,0.000265891851527608,0.000868810246512056,0.000656271285941792,0.000265891851527608,0.000868810246512056,0.000656271285941792
ID_BB770Y,0.000184139695337008,0.000681411613937416,0.000645469758398008,0.000184139695337008,0.000681411613937416,0.000645469758398008
ID_JUTR7C,0.000184139695337008,0.000868810246512056,0.000656271285941792,0.000184139695337008,0.000868810246512056,0.000656271285941792
ID_O1K46G,0.000173467264926268,0.0014784567863087,0.0017555959828349,0.000173467264926268,0.0014784567863087,0.0017555959828349
ID_IP98ON,1e-07,0.000617323082674828,0.000656271285941792,1e-07,0.000617323082674828,0.000656271285941792
ID_EXAG19,1e-07,0.000617323082674828,0.000394018721463988,1e-07,0.000617323082674828,0.000394018721463988
ID_9BDORD,0.00040758578892641196,0.001526352918323228,0.0017555959828349,0.00040758578892641196,0.001526352918323228,0.0017555959828349
ID_1T2JQX,0.000887931036121592,0.0015133350951772638,0.0017555959828349,0.000887931036121592,0.0015133350951772638,0.0017555959828349
ID_9EYMB0,0.000265891851527608,0.000868810246512056,0.000656271285941792,0.000265891851527608,0.000868810246512056,0.000656271285941792
ID_1HXO1D,0.001202938925162644,0.0013237656309316721,0.001222438873654864,0.001202938925162644,0.0013237656309316721,0.001222438873654864
ID_4TOC5J,0.000184139695337008,0.000617323082674828,0.000656271285941792,0.000184139695337008,0.000617323082674828,0.000656271285941792
ID_8IY1R3,0.000184139695337008,0.000868810246512056,0.000656271285941792,0.000184139695337008,0.000868810246512056,0.000656271285941792
ID_LYOJCT,0.000184139695337008,0.000868810246512056,0.000656271285941792,0.000184139695337008,0.000868810246512056,0.000656271285941792
ID_GN7SOH,0.000265891851527608,0.000868810246512056,0.000656271285941792,0.000265891851527608,0.000868810246512056,0.000656271285941792
ID_CBFIEN,0.000184139695337008,0.002091898470635524,0.001563705421190176,0.000184139695337008,0.002091898470635524,0.001563705421190176
ID_CLLIH7,0.000184139695337008,0.001463724591258592,0.001563705421190176,0.000184139695337008,0.001463724591258592,0.001563705421190176
ID_ZBZ0JX,0.000184139695337008,0.00236930857619824,0.0016515637078747358,0.000184139695337008,0.00236930857619824,0.0016515637078747358
ID_XCTTUN,0.000265891851527608,0.000868810246512056,0.000656271285941792,0.000265891851527608,0.000868810246512056,0.000656271285941792
ID_XPCFD0,0.000265891851527608,0.000868810246512056,0.000656271285941792,0.000265891851527608,0.000868810246512056,0.000656271285941792
ID_XLZ4P7,0.0006434767478494719,0.000868810246512056,0.000656271285941792,0.0006434767478494719,0.000868810246512056,0.000656271285941792
ID_JY1YPW,0.000184139695337008,0.000633515481922888,0.000394018721463988,0.000184139695337008,0.000633515481922888,0.000394018721463988
ID_ZTGLQD,0.000184139695337008,0.000633515481922888,0.000394018721463988,0.000184139695337008,0.000633515481922888,0.000394018721463988
ID_1QRN17,0.000184139695337008,0.000681411613937416,0.000645469758398008,0.000184139695337008,0.000681411613937416,0.000645469758398008
ID_2EA5JN,0.000184139695337008,0.000868810246512056,0.000656271285941792,0.000184139695337008,0.000868810246512056,0.000656271285941792
ID_MSKW1O,0.000184139695337008,0.002091898470635524,0.001563705421190176,0.000184139695337008,0.002091898470635524,0.001563705421190176
ID_2X1SZI,0.000184139695337008,0.000868810246512056,0.000656271285941792,0.000184139695337008,0.000868810246512056,0.000656271285941792
ID_5HSQYT,0.000184139695337008,0.000681411613937416,0.000645469758398008,0.000184139695337008,0.000681411613937416,0.000645469758398008
ID_3VOPJI,0.000969683192312108,0.002419247410760084,0.0019138162723525399,0.000969683192312108,0.002419247410760084,0.0019138162723525399
ID_71ZROQ,0.000265891851527608,0.000868810246512056,0.000656271285941792,0.000265891851527608,0.000868810246512056,0.000656271285941792
ID_IPWW84,0.000184139695337008,0.000868810246512056,0.000656271285941792,0.000184139695337008,0.000868810246512056,0.000656271285941792
ID_1WDZJ3,1e-07,0.000617323082674828,0.000656271285941792,1e-07,0.000617323082674828,0.000656271285941792
ID_X6FV99,0.00040758578892641196,0.000617323082674828,0.000268902088773992,0.00040758578892641196,0.000617323082674828,0.000268902088773992
ID_VM4SKC,1e-07,0.000617323082674828,8.5309045558336e-05,1e-07,0.000617323082674828,8.5309045558336e-05
ID_D785R6,1e-07,0.000617323082674828,8.5309045558336e-05,1e-07,0.000617323082674828,8.5309045558336e-05
ID_UWASJQ,1e-07,0.000617323082674828,0.000394018721463988,1e-07,0.000617323082674828,0.000394018721463988
ID_KOHT88,0.00040758578892641196,0.000868810246512056,0.000268902088773992,0.00040758578892641196,0.000868810246512056,0.000268902088773992
ID_OVJNUH,0.000173467264926268,0.000542589324253724,0.000268902088773992,0.000173467264926268,0.000542589324253724,0.000268902088773992
ID_G6R4XS,1e-07,0.000173228401258036,8.5309045558336e-05,1e-07,0.000173228401258036,8.5309045558336e-05
ID_KXVGAS,0.000184139695337008,0.000542589324253724,0.000268902088773992,0.000184139695337008,0.000542589324253724,0.000268902088773992
ID_RB8D8D,1e-07,0.000173228401258036,8.5309045558336e-05,1e-07,0.000173228401258036,8.5309045558336e-05
ID_X6E89R,1e-07,0.000173228401258036,8.5309045558336e-05,1e-07,0.000173228401258036,8.5309045558336e-05
ID_TA9PM5,0.000173467264926268,0.000542589324253724,0.000268902088773992,0.000173467264926268,0.000542589324253724,0.000268902088773992
ID_SU7MFU,1e-07,0.000173228401258036,8.5309045558336e-05,1e-07,0.000173228401258036,8.5309045558336e-05
ID_DMS7D1,0.000173467264926268,0.000868810246512056,0.000268902088773992,0.000173467264926268,0.000868810246512056,0.000268902088773992
ID_RUC06M,1e-07,0.000305629735435792,8.5309045558336e-05,1e-07,0.000305629735435792,8.5309045558336e-05
ID_11E7A7,1e-07,0.000617323082674828,8.5309045558336e-05,1e-07,0.000617323082674828,8.5309045558336e-05
ID_GJSBDX,0.000173467264926268,0.000542589324253724,0.000268902088773992,0.000173467264926268,0.000542589324253724,0.000268902088773992
ID_OK44US,1e-07,0.000173228401258036,8.5309045558336e-05,1e-07,0.000173228401258036,8.5309045558336e-05
ID_C8ZEBX,0.000265891851527608,0.000617323082674828,0.000394018721463988,0.000265891851527608,0.000617323082674828,0.000394018721463988
ID_J34RHZ,1e-07,0.000173228401258036,8.5309045558336e-05,1e-07,0.000173228401258036,8.5309045558336e-05
ID_A2Q37K,0.001168469164117088,0.0021999531852339316,0.0019138162723525399,0.001168469164117088,0.0021999531852339316,0.0019138162723525399
ID_FE7367,1e-07,0.000617323082674828,0.000394018721463988,1e-07,0.000617323082674828,0.000394018721463988
ID_IKDMI9,0.00040758578892641196,0.000617323082674828,0.000268902088773992,0.00040758578892641196,0.000617323082674828,0.000268902088773992
ID_UG0NCP,0.000184139695337008,0.000617323082674828,0.000394018721463988,0.000184139695337008,0.000617323082674828,0.000394018721463988
ID_Z695T3,0.00040758578892641196,0.000617323082674828,0.000268902088773992,0.00040758578892641196,0.000617323082674828,0.000268902088773992
ID_P3LV6I,0.000184139695337008,0.000617323082674828,0.000394018721463988,0.000184139695337008,0.000617323082674828,0.000394018721463988
ID_NWA63L,0.000184139695337008,0.000617323082674828,0.000394018721463988,0.000184139695337008,0.000617323082674828,0.000394018721463988
ID_V32HHY,0.000173467264926268,0.000868810246512056,0.000268902088773992,0.000173467264926268,0.000868810246512056,0.000268902088773992
ID_J4IIGE,0.001168469164117088,0.0021999531852339316,0.0019138162723525399,0.001168469164117088,0.0021999531852339316,0.0019138162723525399
ID_PMM0MA,1e-07,0.000617323082674828,8.5309045558336e-05,1e-07,0.000617323082674828,8.5309045558336e-05
ID_AQG7O8,0.000173467264926268,0.00037416041615003203,0.000268902088773992,0.000173467264926268,0.00037416041615003203,0.000268902088773992
ID_ZNN0U3,0.001168469164117088,0.0021999531852339316,0.0019138162723525399,0.001168469164117088,0.0021999531852339316,0.0019138162723525399
ID_25V33D,0.0016343093980099401,0.002738820763584236,0.0021140927800571844,0.0016343093980099401,0.002738820763584236,0.0021140927800571844
ID_BIKMDL,0.00040758578892641196,0.0014784567863087,0.001484691438132668,0.00040758578892641196,0.0014784567863087,0.001484691438132668
ID_XU2Y8E,0.00040758578892641196,0.000617323082674828,0.000268902088773992,0.00040758578892641196,0.000617323082674828,0.000268902088773992
ID_STGN0X,0.000173467264926268,0.000542589324253724,0.000268902088773992,0.000173467264926268,0.000542589324253724,0.000268902088773992
ID_JEKWX9,0.000184139695337008,0.000617323082674828,8.5309045558336e-05,0.000184139695337008,0.000617323082674828,8.5309045558336e-05
ID_1DT5V6,0.00040758578892641196,0.000617323082674828,0.000268902088773992,0.00040758578892641196,0.000617323082674828,0.000268902088773992
ID_EA0FL1,1e-07,0.001671936569869984,0.002815563187426328,1e-07,0.001671936569869984,0.002815563187426328
ID_7XDH6X,1e-07,0.0017244786652457359,0.002657342897908688,1e-07,0.0017244786652457359,0.002657342897908688
ID_X7UEWP,1e-07,0.001671936569869984,0.002815563187426328,1e-07,0.001671936569869984,0.002815563187426328
ID_OYG8BU,1e-07,0.001671936569869984,0.002815563187426328,1e-07,0.001671936569869984,0.002815563187426328
ID_ADNSWV,1e-07,0.001671936569869984,0.002815563187426328,1e-07,0.001671936569869984,0.002815563187426328
ID_V8G394,1e-07,0.001671936569869984,0.002815563187426328,1e-07,0.001671936569869984,0.002815563187426328
ID_HYSZML,1e-07,0.001671936569869984,0.002815563187426328,1e-07,0.001671936569869984,0.002815563187426328
ID_ELFXTH,1e-07,0.001671936569869984,0.002815563187426328,1e-07,0.001671936569869984,0.002815563187426328
ID_4L5H4Z,0.03861965713528706,0.07053349017124297,0.06073838175069123,0.03861965713528706,0.07053349017124297,0.06073838175069123
ID_65FJEN,0.01751260312214461,0.03885938127156277,0.03853580537811416,0.01751260312214461,0.03885938127156277,0.03853580537811416
ID_J055PC,0.012331996254663224,0.022563708199402673,0.031031811694428656,0.012331996254663224,0.022563708199402673,0.031031811694428656
ID_0EW874,0.03861965713528706,0.05621991523567319,0.052859194255318646,0.03861965713528706,0.05621991523567319,0.052859194255318646
ID_GWFNDL,0.04507576890663002,0.04950504237296012,0.045761915750132436,0.04507576890663002,0.04950504237296012,0.045761915750132436
ID_FKP6WX,0.019584858452733042,0.051638236033476684,0.052885700939601044,0.019584858452733042,0.051638236033476684,0.052885700939601044
ID_Q3569K,0.012331996254663224,0.025947190823281563,0.033832544366686666,0.012331996254663224,0.025947190823281563,0.033832544366686666
ID_VKIX04,0.03560294866300035,0.046343796021832424,0.045316982903208215,0.03560294866300035,0.046343796021832424,0.045316982903208215
ID_4BV3VQ,0.012030596623692956,0.02851513844604564,0.04061529400142809,0.012030596623692956,0.02851513844604564,0.04061529400142809
ID_D243HP,0.04457173931658279,0.08071000382594543,0.07863175589175186,0.04457173931658279,0.08071000382594543,0.07863175589175186
ID_ENNMFX,0.028809543250388973,0.0442664130200368,0.05718509768126106,0.028809543250388973,0.0442664130200368,0.05718509768126106
ID_56YK11,0.015599836891408932,0.0441732061311072,0.06122215889215747,0.015599836891408932,0.0441732061311072,0.06122215889215747
ID_ZDRSG4,0.013533104268925575,0.041995047123592186,0.04329898507186973,0.013533104268925575,0.041995047123592186,0.04329898507186973
ID_L5M3EC,0.021477468144149452,0.04936378948363451,0.05923557811854751,0.021477468144149452,0.04936378948363451,0.05923557811854751
ID_JF1SSX,0.03560294866300035,0.04844200201325682,0.04677303012941484,0.03560294866300035,0.04844200201325682,0.04677303012941484
ID_MSLQC3,0.01751260312214461,0.03885938127156277,0.03853580537811416,0.01751260312214461,0.03885938127156277,0.03853580537811416
ID_AH9Q0K,0.03741003820916899,0.045876148010142725,0.045650311241827765,0.03741003820916899,0.045876148010142725,0.045650311241827765
ID_FNREC1,0.008109770164678308,0.027012207758260517,0.031163672631746294,0.008109770164678308,0.027012207758260517,0.031163672631746294
ID_NAP7H7,0.03196920089775818,0.0602806892665425,0.08149387291341956,0.03196920089775818,0.0602806892665425,0.08149387291341956
ID_N4FDS5,0.000926918466697196,0.001612302185813132,0.001826768592693656,0.000926918466697196,0.001612302185813132,0.001826768592693656
ID_9JNJ9F,1e-07,0.000587726136419896,0.000394018721463988,1e-07,0.000587726136419896,0.000394018721463988
ID_ZA03TJ,0.49115753599809164,0.8270705328086277,0.8322752694450685,0.49115753599809164,0.8270705328086277,0.8322752694450685
ID_J6VA25,0.000184139695337008,0.009493187806077908,0.002727704900741684,0.000184139695337008,0.009493187806077908,0.002727704900741684
ID_L1ALDL,0.17008423062595926,0.3370596968865863,0.4565326437453125,0.17008423062595926,0.3370596968865863,0.4565326437453125
ID_VUKG4F,0.000511583429794724,0.001582580424803624,0.001572549724817312,0.000511583429794724,0.001582580424803624,0.001572549724817312
ID_5O53M7,0.17623918987580114,0.36871847853410233,0.5116045234103102,0.17623918987580114,0.36871847853410233,0.5116045234103102
ID_I7DW67,0.12419821188394702,0.4434875739555408,0.5654461949857771,0.12419821188394702,0.4434875739555408,0.5654461949857771
ID_XWNBF6,1e-07,0.00027603278918094396,8.5309045558336e-05,1e-07,0.00027603278918094396,8.5309045558336e-05
ID_BC5JMO,0.000969683192312108,0.021356023061547477,0.015547907234889755,0.000969683192312108,0.021356023061547477,0.015547907234889755
ID_FW0L11,0.000184139695337008,0.009973958812272176,0.002279370309459512,0.000184139695337008,0.009973958812272176,0.002279370309459512
ID_EAJN9C,0.000969683192312108,0.024830322435891814,0.013000448921669544,0.000969683192312108,0.024830322435891814,0.013000448921669544
ID_VWWM1B,0.15812163260051626,0.1948329208665971,0.2647541168986868,0.15812163260051626,0.1948329208665971,0.2647541168986868
ID_ACHKGT,0.10717755799031636,0.23408483017443638,0.3581423220044513,0.10717755799031636,0.23408483017443638,0.3581423220044513
ID_IF01BZ,0.03786070261851926,0.06677059847195772,0.14278886435414673,0.03786070261851926,0.06677059847195772,0.14278886435414673
ID_352OA7,0.000173467264926268,0.001217636513371916,0.000268902088773992,0.000173467264926268,0.001217636513371916,0.000268902088773992
ID_OAR02I,0.000173467264926268,0.000634819694579544,0.000268902088773992,0.000173467264926268,0.000634819694579544,0.000268902088773992
ID_QT0C2S,0.000926918466697196,0.012995445556597145,0.011480683713377529,0.000926918466697196,0.012995445556597145,0.011480683713377529
ID_RJI8NC,0.009756267383696128,0.02208993265816426,0.05053374775212703,0.009756267383696128,0.02208993265816426,0.05053374775212703
ID_TYJBEE,0.10629228818337004,0.11502921041426722,0.18197880499420438,0.10629228818337004,0.11502921041426722,0.18197880499420438
ID_X4ZZMV,0.02979751661279498,0.11087795760724789,0.16514875794072809,0.02979751661279498,0.11087795760724789,0.16514875794072809
ID_TOVXGP,1e-07,0.000196690253419252,0.000268902088773992,1e-07,0.000196690253419252,0.000268902088773992
ID_3U6HHR,0.000969683192312108,0.022296049856818018,0.014900560967623568,0.000969683192312108,0.022296049856818018,0.014900560967623568
ID_27AIBY,0.5486839786287488,0.8170881543050399,0.9435680511005683,0.5486839786287488,0.8170881543050399,0.9435680511005683
ID_A7AZEH,0.0014863806440103679,0.028217586456098037,0.0174430286991096,0.0014863806440103679,0.028217586456098037,0.0174430286991096
ID_BPO1ZS,0.000511583429794724,0.001582580424803624,0.001572549724817312,0.000511583429794724,0.001582580424803624,0.001572549724817312
ID_WPRF92,0.000926918466697196,0.01904091462931955,0.00873262657309058,0.000926918466697196,0.01904091462931955,0.00873262657309058
ID_JV6D5V,1e-07,0.00027603278918094396,8.5309045558336e-05,1e-07,0.00027603278918094396,8.5309045558336e-05
ID_H5U4U0,0.009756267383696128,0.02208993265816426,0.05053374775212703,0.009756267383696128,0.02208993265816426,0.05053374775212703
ID_TMYMBX,0.000265891851527608,0.010830364750789375,0.0033451704407128522,0.000265891851527608,0.010830364750789375,0.0033451704407128522
ID_X2SPAZ,0.000265891851527608,0.010830364750789375,0.0033451704407128522,0.000265891851527608,0.010830364750789375,0.0033451704407128522
ID_UHGZ8K,0.000173467264926268,0.001217636513371916,0.000268902088773992,0.000173467264926268,0.001217636513371916,0.000268902088773992
ID_WGGUI2,1e-07,0.000587726136419896,0.000394018721463988,1e-07,0.000587726136419896,0.000394018721463988
ID_3BPFHK,0.01479520896928692,0.045625479214986296,0.09834673432044493,0.01479520896928692,0.045625479214986296,0.09834673432044493
ID_LZH474,0.00040758578892641196,0.01050358869611252,0.004440073798574868,0.00040758578892641196,0.01050358869611252,0.004440073798574868
ID_NQHCHL,0.5234124429471285,0.6673282854652436,0.8217234314042825,0.5234124429471285,0.6673282854652436,0.8217234314042825
ID_UUZS7P,0.04893093074006604,0.054582917582752286,0.07034408805625297,0.04893093074006604,0.054582917582752286,0.07034408805625297
ID_E9X5DZ,0.000184139695337008,0.005608856551159556,0.002279370309459512,0.000184139695337008,0.005608856551159556,0.002279370309459512
ID_TWO5KW,0.000173467264926268,0.001217636513371916,0.000268902088773992,0.000173467264926268,0.001217636513371916,0.000268902088773992
ID_OVMB93,0.000969683192312108,0.024792701264656727,0.0137252739500922,0.000969683192312108,0.024792701264656727,0.0137252739500922
ID_KMRABQ,0.000969683192312108,0.022296049856818018,0.014900560967623568,0.000969683192312108,0.022296049856818018,0.014900560967623568
ID_BH79J9,0.00040758578892641196,0.00973920968501486,0.002727704900741684,0.00040758578892641196,0.00973920968501486,0.002727704900741684
ID_E8TVW6,0.000173467264926268,0.000196690253419252,0.000268902088773992,0.000173467264926268,0.000196690253419252,0.000268902088773992
ID_20E17F,0.000969683192312108,0.019596101951443057,0.014175735939200912,0.000969683192312108,0.019596101951443057,0.014175735939200912
ID_SIQFI1,0.20333298266636196,0.37293767304698416,0.4615898564505214,0.20333298266636196,0.37293767304698416,0.4615898564505214
ID_41NA8W,0.000265891851527608,0.010830364750789375,0.0033451704407128522,0.000265891851527608,0.010830364750789375,0.0033451704407128522
ID_WGVQO0,0.000173467264926268,0.001217636513371916,0.000268902088773992,0.000173467264926268,0.001217636513371916,0.000268902088773992
ID_LGQONB,0.000265891851527608,0.0007201274705977359,8.5309045558336e-05,0.000265891851527608,0.0007201274705977359,8.5309045558336e-05
ID_8LIA1C,0.000173467264926268,0.001217636513371916,0.000656271285941792,0.000173467264926268,0.001217636513371916,0.000656271285941792
ID_CXKAZG,0.009756267383696128,0.02208993265816426,0.05053374775212703,0.009756267383696128,0.02208993265816426,0.05053374775212703
ID_BI2AKY,0.000969683192312108,0.024830322435891814,0.013000448921669544,0.000969683192312108,0.024830322435891814,0.013000448921669544
ID_Z2J1B3,0.000511583429794724,0.01369647213807211,0.00688585701818408,0.000511583429794724,0.01369647213807211,0.00688585701818408
ID_V2UWES,0.000265891851527608,0.010830364750789375,0.0033451704407128522,0.000265891851527608,0.010830364750789375,0.0033451704407128522
ID_AMLGLN,1e-07,0.00027603278918094396,8.5309045558336e-05,1e-07,0.00027603278918094396,8.5309045558336e-05
ID_GSJHB8,0.000265891851527608,0.010830364750789375,0.0033451704407128522,0.000265891851527608,0.010830364750789375,0.0033451704407128522
ID_307KZ4,0.000511583429794724,0.001582580424803624,0.001572549724817312,0.000511583429794724,0.001582580424803624,0.001572549724817312
ID_GVIHSB,0.000511583429794724,0.001582580424803624,0.001572549724817312,0.000511583429794724,0.001582580424803624,0.001572549724817312
ID_YRLG4Z,0.22236563732441175,0.6144092482460585,0.536202995427253,0.22236563732441175,0.6144092482460585,0.536202995427253
ID_IYKBYV,0.052268660115839714,0.07011251879703627,0.046552889881017336,0.052268660115839714,0.07011251879703627,0.046552889881017336
ID_YU27DG,0.16178510124494894,0.24932501566778137,0.398107144696227,0.16178510124494894,0.24932501566778137,0.398107144696227
ID_YYEH5O,0.3109843758464117,0.6200549853980329,0.7471875666929237,0.3109843758464117,0.6200549853980329,0.7471875666929237
ID_HQCYED,0.49115753599809164,0.8270705328086277,0.8322752694450685,0.49115753599809164,0.8270705328086277,0.8322752694450685
ID_5UY94I,0.5159024445437354,0.7601516398653276,0.843501438929791,0.5159024445437354,0.7601516398653276,0.843501438929791
ID_DBNNI7,1e-07,0.000587726136419896,0.000394018721463988,1e-07,0.000587726136419896,0.000394018721463988
ID_3D6XKC,0.000265891851527608,0.0007201274705977359,8.5309045558336e-05,0.000265891851527608,0.0007201274705977359,8.5309045558336e-05
ID_513OKE,0.000265891851527608,0.010830364750789375,0.0033451704407128522,0.000265891851527608,0.010830364750789375,0.0033451704407128522
ID_MISHT0,0.05798791948309805,0.2401235982607049,0.20678690351108378,0.05798791948309805,0.2401235982607049,0.20678690351108378
ID_MUUQ2D,0.000511583429794724,0.01369647213807211,0.00688585701818408,0.000511583429794724,0.01369647213807211,0.00688585701818408
ID_AIEZLX,0.5495761273191313,0.8142175139218614,0.8556039179710699,0.5495761273191313,0.8142175139218614,0.8556039179710699
ID_MZIUA6,0.000184139695337008,0.009493187806077908,0.003104860697224772,0.000184139695337008,0.009493187806077908,0.003104860697224772
ID_ANHYB9,0.05798791948309805,0.1287782460425197,0.1513575166559042,0.05798791948309805,0.1287782460425197,0.1513575166559042
ID_7TC22K,0.000173467264926268,0.000643728887947868,0.000268902088773992,0.000173467264926268,0.000643728887947868,0.000268902088773992
ID_WECC7T,0.0568096039150485,0.08686337285770214,0.11157847111992318,0.0568096039150485,0.08686337285770214,0.11157847111992318
ID_3E044A,0.000926918466697196,0.001151693907086064,0.000462029854672472,0.000926918466697196,0.001151693907086064,0.000462029854672472
ID_AOJ7HM,0.029084155610337024,0.04842213668351832,0.06959748930813074,0.029084155610337024,0.04842213668351832,0.06959748930813074
ID_ITWWC2,0.00040758578892641196,0.0008105852940569599,0.000268902088773992,0.00040758578892641196,0.0008105852940569599,0.000268902088773992
ID_P76XAE,0.014565971681410824,0.01894090325727698,0.018037571232757846,0.014565971681410824,0.01894090325727698,0.018037571232757846
ID_8ALEJI,0.10421955821076771,0.0824942108998578,0.1928239590111806,0.10421955821076771,0.0824942108998578,0.1928239590111806
ID_X1U8KM,0.000173467264926268,0.000397073701299484,0.000268902088773992,0.000173467264926268,0.000397073701299484,0.000268902088773992
ID_INJW15,1e-07,0.000295014793571472,0.000268902088773992,1e-07,0.000295014793571472,0.000268902088773992
ID_DYA9YK,0.00222856123230956,0.0026759825129422637,0.001484691438132668,0.00222856123230956,0.0026759825129422637,0.001484691438132668
ID_6DVPR4,0.000511583429794724,0.001368262278633056,0.000907722322875812,0.000511583429794724,0.001368262278633056,0.000907722322875812
ID_MDBOL8,0.000969683192312108,0.001112489874577696,0.0012497994774368,0.000969683192312108,0.001112489874577696,0.0012497994774368
ID_MLPWMW,0.000511583429794724,0.001526352918323228,0.000268902088773992,0.000511583429794724,0.001526352918323228,0.000268902088773992
ID_MD9VVM,0.009367312868431267,0.009151773052165652,0.01292794461708231,0.009367312868431267,0.009151773052165652,0.01292794461708231
ID_3BAARO,1e-07,0.000295014793571472,0.000268902088773992,1e-07,0.000295014793571472,0.000268902088773992
ID_YFUXFB,0.00040758578892641196,0.001336558545866672,0.001826768592693656,0.00040758578892641196,0.001336558545866672,0.001826768592693656
ID_X6CKBA,1e-07,0.00011101232361605199,8.5309045558336e-05,1e-07,0.00011101232361605199,8.5309045558336e-05
ID_I5WORJ,0.002505889088433676,0.0034857922081982322,0.005134920572007884,0.002505889088433676,0.0034857922081982322,0.005134920572007884
ID_TDDKA4,0.000173467264926268,0.00111351287487716,0.000268902088773992,0.000173467264926268,0.00111351287487716,0.000268902088773992
ID_EE9QVY,0.003203221083834584,0.0032639273525900602,0.0019138162723525399,0.003203221083834584,0.0032639273525900602,0.0019138162723525399
ID_PW51BS,0.00040758578892641196,0.000869744305383704,0.000268902088773992,0.00040758578892641196,0.000869744305383704,0.000268902088773992
ID_EWE6FR,0.000926918466697196,0.002429960634005312,0.001825957985667896,0.000926918466697196,0.002429960634005312,0.001825957985667896
ID_QNIOX3,0.0016343093980099401,0.001528606227766808,0.000854742163477712,0.0016343093980099401,0.001528606227766808,0.000854742163477712
ID_K0L9RN,0.00040758578892641196,0.001283239442521056,0.000656271285941792,0.00040758578892641196,0.001283239442521056,0.000656271285941792
ID_P5OY4C,0.5090952747209381,0.42158571974966563,0.9175009921732912,0.5090952747209381,0.42158571974966563,0.9175009921732912
ID_QN361E,0.001907704311882608,0.004120258459828956,0.0054395137071383,0.001907704311882608,0.004120258459828956,0.0054395137071383
ID_DEH5S2,0.00184859369069508,0.002935443058730552,0.005134920572007884,0.00184859369069508,0.002935443058730552,0.005134920572007884
ID_SPM44L,0.07449381945080503,0.10558841283202648,0.13407894179469398,0.07449381945080503,0.10558841283202648,0.13407894179469398
ID_U7XEK7,1e-07,0.000295014793571472,0.000268902088773992,1e-07,0.000295014793571472,0.000268902088773992
ID_XZPS7Z,0.014849164314055452,0.011680380548464979,0.012268386204352376,0.014849164314055452,0.011680380548464979,0.012268386204352376
ID_ROYJU2,1e-07,0.00011101232361605199,0.000268902088773992,1e-07,0.00011101232361605199,0.000268902088773992
ID_5UY3S5,0.000173467264926268,0.000869744305383704,0.000268902088773992,0.000173467264926268,0.000869744305383704,0.000268902088773992
ID_ABL5U6,0.00040758578892641196,0.0011997564661777919,0.000268902088773992,0.00040758578892641196,0.0011997564661777919,0.000268902088773992
ID_75GT5C,1e-07,0.000174162460129684,0.000268902088773992,1e-07,0.000174162460129684,0.000268902088773992
ID_SJ6E5C,0.000173467264926268,0.000869744305383704,0.000268902088773992,0.000173467264926268,0.000869744305383704,0.000268902088773992
ID_EOCGGW,0.0052680227593590355,0.004612183944510368,0.00676327864678984,0.0052680227593590355,0.004612183944510368,0.00676327864678984
ID_1X408O,0.010468775399663264,0.008729306663937612,0.018148921628001392,0.010468775399663264,0.008729306663937612,0.018148921628001392
ID_85M9K8,0.000173467264926268,0.000295014793571472,0.000268902088773992,0.000173467264926268,0.000295014793571472,0.000268902088773992
ID_U1UDRT,1e-07,0.000174162460129684,0.000268902088773992,1e-07,0.000174162460129684,0.000268902088773992
ID_3CP868,1e-07,0.000323641783120108,8.5309045558336e-05,1e-07,0.000323641783120108,8.5309045558336e-05
ID_T9Y63Y,0.00040758578892641196,0.0009030146934445159,0.001575317555759636,0.00040758578892641196,0.0009030146934445159,0.001575317555759636
ID_UFQUML,0.00040758578892641196,0.0011997564661777919,0.000268902088773992,0.00040758578892641196,0.0011997564661777919,0.000268902088773992
ID_NIBT23,0.007670826427741588,0.013480899099481655,0.02734029463156163,0.007670826427741588,0.013480899099481655,0.02734029463156163
ID_TGLY44,0.011003770550646564,0.020458978769041618,0.03450908511650949,0.011003770550646564,0.020458978769041618,0.03450908511650949
ID_4SFQ8P,0.000173467264926268,0.000295014793571472,0.000268902088773992,0.000173467264926268,0.000295014793571472,0.000268902088773992
ID_0N9HPQ,0.000173467264926268,0.0011556761221385961,0.001195997368638672,0.000173467264926268,0.0011556761221385961,0.001195997368638672
ID_99E1R1,0.000173467264926268,0.000971614634434964,0.000268902088773992,0.000173467264926268,0.000971614634434964,0.000268902088773992
ID_C72Q1W,0.000926918466697196,0.0011997564661777919,0.000656271285941792,0.000926918466697196,0.0011997564661777919,0.000656271285941792
ID_UI7AWA,0.030193024107842827,0.035460252051532665,0.052226762323753444,0.030193024107842827,0.035460252051532665,0.052226762323753444
ID_2AELK0,0.000173467264926268,0.000295014793571472,0.000268902088773992,0.000173467264926268,0.000295014793571472,0.000268902088773992
ID_ER5H2G,0.00040758578892641196,0.000873735430570592,0.000268902088773992,0.00040758578892641196,0.000873735430570592,0.000268902088773992
ID_R4G747,0.003203221083834584,0.0032639273525900602,0.0019138162723525399,0.003203221083834584,0.0032639273525900602,0.0019138162723525399
ID_G7GMXZ,0.00040758578892641196,0.000971614634434964,0.000380667392243464,0.00040758578892641196,0.000971614634434964,0.000380667392243464
ID_F2QJQL,1e-07,0.00011101232361605199,0.000268902088773992,1e-07,0.00011101232361605199,0.000268902088773992
ID_L0L85S,0.00040758578892641196,0.0014784567863087,0.000268902088773992,0.00040758578892641196,0.0014784567863087,0.000268902088773992
ID_9T98SO,0.00084516631050668,0.0011997564661777919,0.001161941190752156,0.00084516631050668,0.0011997564661777919,0.001161941190752156
ID_QH4YLI,1e-07,0.00011101232361605199,8.5309045558336e-05,1e-07,0.00011101232361605199,8.5309045558336e-05
ID_BPRVML,1e-07,0.000174162460129684,8.5309045558336e-05,1e-07,0.000174162460129684,8.5309045558336e-05
ID_6CG8VP,1e-07,0.00011101232361605199,0.000268902088773992,1e-07,0.00011101232361605199,0.000268902088773992
ID_C5D1GT,0.000173467264926268,0.000468520847320944,0.000268902088773992,0.000173467264926268,0.000468520847320944,0.000268902088773992
ID_YLK0WQ,0.00040758578892641196,0.000873735430570592,0.000268902088773992,0.00040758578892641196,0.000873735430570592,0.000268902088773992
ID_OGE0SN,0.0006434767478494719,0.0007201274705977359,0.000736095876024976,0.0006434767478494719,0.0007201274705977359,0.000736095876024976
ID_LNBIPO,0.00040758578892641196,0.0014784567863087,0.000268902088773992,0.00040758578892641196,0.0014784567863087,0.000268902088773992
ID_Y4XYBA,0.00040758578892641196,0.000971614634434964,0.000268902088773992,0.00040758578892641196,0.000971614634434964,0.000268902088773992
ID_B9HQBN,0.003232563236562064,0.004501202378295612,0.005134920572007884,0.003232563236562064,0.004501202378295612,0.005134920572007884
ID_UTLIIA,0.000686241473464384,0.001729083231700396,0.0019138162723525399,0.000686241473464384,0.001729083231700396,0.0019138162723525399
ID_9RMHEL,0.00040758578892641196,0.001336558545866672,0.0009410898015310641,0.00040758578892641196,0.001336558545866672,0.0009410898015310641
ID_55N807,1e-07,0.00030656379430744,0.000268902088773992,1e-07,0.00030656379430744,0.000268902088773992
ID_S6BK0F,0.00040758578892641196,0.000547553102979364,0.000268902088773992,0.00040758578892641196,0.000547553102979364,0.000268902088773992
ID_RC60JC,0.000184139695337008,0.001274865754486,0.001572549724817312,0.000184139695337008,0.001274865754486,0.001572549724817312
ID_IWMYMJ,0.000926918466697196,0.002429960634005312,0.001825957985667896,0.000926918466697196,0.002429960634005312,0.001825957985667896
ID_BNX7SF,0.07449381945080503,0.09226328232707598,0.13501384149252071,0.07449381945080503,0.09226328232707598,0.13501384149252071
ID_GB2USC,0.00222856123230956,0.0026759825129422637,0.001484691438132668,0.00222856123230956,0.0026759825129422637,0.001484691438132668
ID_85E6LK,0.00040758578892641196,0.0008105852940569599,0.000268902088773992,0.00040758578892641196,0.0008105852940569599,0.000268902088773992
ID_N4BPLD,1e-07,0.001274865754486,0.0007333280450826519,1e-07,0.001274865754486,0.0007333280450826519
ID_GZ4MXV,1e-07,0.000622248266733364,0.000268902088773992,1e-07,0.000622248266733364,0.000268902088773992
ID_63SFM4,0.00040758578892641196,0.0014784567863087,0.000268902088773992,0.00040758578892641196,0.0014784567863087,0.000268902088773992
ID_YBCHN4,0.020835205423143054,0.022301295790747515,0.04124655138528721,0.020835205423143054,0.022301295790747515,0.04124655138528721
ID_T0CW21,0.000511583429794724,0.0009554222351869041,0.000268902088773992,0.000511583429794724,0.0009554222351869041,0.000268902088773992
ID_EEA7EO,0.010011067723052117,0.016003632771026004,0.024060734596151146,0.010011067723052117,0.016003632771026004,0.024060734596151146
ID_49IRAX,0.011089200993075317,0.024052735534774064,0.028628948705700444,0.011089200993075317,0.024052735534774064,0.028628948705700444
ID_N90DWX,0.00040758578892641196,0.0009030146934445159,0.001575317555759636,0.00040758578892641196,0.0009030146934445159,0.001575317555759636
ID_VE17EN,0.002025346965395144,0.00203405619974916,0.001970488713108572,0.002025346965395144,0.00203405619974916,0.001970488713108572
ID_LUR5VG,0.011003770550646564,0.020458978769041618,0.03120346579386962,0.011003770550646564,0.020458978769041618,0.03120346579386962
ID_EDUPDW,0.00040758578892641196,0.0015663880255555641,0.000268902088773992,0.00040758578892641196,0.0015663880255555641,0.000268902088773992
ID_IIPHYO,1e-07,0.00019124044894235198,0.000268902088773992,1e-07,0.00019124044894235198,0.000268902088773992
ID_XYU1T2,0.00222856123230956,0.00237187632518252,0.001825957985667896,0.00222856123230956,0.00237187632518252,0.001825957985667896
ID_YACX3K,1e-07,0.000862025711039932,0.00017316733224289601,1e-07,0.000862025711039932,0.00017316733224289601
ID_U004UL,0.000173467264926268,0.000568151597260896,0.000380667392243464,0.000173467264926268,0.000568151597260896,0.000380667392243464
ID_XXU6IK,0.00040758578892641196,0.000619000249000824,0.000268902088773992,0.00040758578892641196,0.000619000249000824,0.000268902088773992
ID_KA5MGI,0.00260896924953488,0.004096309466216228,0.002611353221805044,0.00260896924953488,0.004096309466216228,0.002611353221805044
ID_IX1VNT,0.5015935313512258,0.42158571974966563,0.9005336346229483,0.5015935313512258,0.42158571974966563,0.9005336346229483
ID_O55L76,0.003203221083834584,0.0032639273525900602,0.0019138162723525399,0.003203221083834584,0.0032639273525900602,0.0019138162723525399
ID_K9MJH1,0.0024723788425525363,0.001832525243986588,0.0014776897603957081,0.0024723788425525363,0.001832525243986588,0.0014776897603957081
ID_OH3I7S,1e-07,0.0014784567863087,0.000268902088773992,1e-07,0.0014784567863087,0.000268902088773992
ID_XJKE63,0.000173467264926268,0.00037534864070104,0.000268902088773992,0.000173467264926268,0.00037534864070104,0.000268902088773992
ID_A4LTP3,0.000173467264926268,0.000971614634434964,0.000380667392243464,0.000173467264926268,0.000971614634434964,0.000380667392243464
ID_LVSOMI,0.00040758578892641196,0.0011997564661777919,0.000268902088773992,0.00040758578892641196,0.0011997564661777919,0.000268902088773992
ID_EZJR6X,0.00040758578892641196,0.000869744305383704,0.000268902088773992,0.00040758578892641196,0.000869744305383704,0.000268902088773992
ID_NM6OXC,0.00040758578892641196,0.00126795860487614,0.0006868709336546359,0.00040758578892641196,0.00126795860487614,0.0006868709336546359
ID_G44S2G,0.000184139695337008,0.0002598403899328,0.000268902088773992,0.000184139695337008,0.0002598403899328,0.000268902088773992
ID_AG0A6S,0.033745786308916365,0.05557533735609933,0.0939794399652333,0.033745786308916365,0.05557533735609933,0.0939794399652333
ID_VMQVWY,0.000173467264926268,0.0014784567863087,0.000380667392243464,0.000173467264926268,0.0014784567863087,0.000380667392243464
ID_00893S,0.000173467264926268,0.00071598201108304,0.000268902088773992,0.000173467264926268,0.00071598201108304,0.000268902088773992
ID_SLD7P4,0.00040758578892641196,0.0015663880255555641,0.000268902088773992,0.00040758578892641196,0.0015663880255555641,0.000268902088773992
ID_0U1FIH,0.000173467264926268,0.001050362738363528,0.000268902088773992,0.000173467264926268,0.001050362738363528,0.000268902088773992
ID_4I4AGU,0.0047364178313810314,0.00504374838860754,0.005224428698060752,0.0047364178313810314,0.00504374838860754,0.005224428698060752
ID_MDUH2H,0.00040758578892641196,0.000873735430570592,0.000268902088773992,0.00040758578892641196,0.000873735430570592,0.000268902088773992
ID_0I4S28,0.00040758578892641196,0.00125176620562808,0.000268902088773992,0.00040758578892641196,0.00125176620562808,0.000268902088773992
ID_C9Z8BM,0.00040758578892641196,0.001336558545866672,0.001826768592693656,0.00040758578892641196,0.001336558545866672,0.001826768592693656
ID_9CS181,1e-07,0.000397073701299484,0.000268902088773992,1e-07,0.000397073701299484,0.000268902088773992
ID_NPWZU6,0.000173467264926268,0.0003167398541699,0.000268902088773992,0.000173467264926268,0.0003167398541699,0.000268902088773992
ID_BMM6XG,0.011089200993075317,0.024052735534774064,0.019425091612088427,0.011089200993075317,0.024052735534774064,0.019425091612088427
ID_QFE2RJ,0.00040758578892641196,0.0011997564661777919,0.000268902088773992,0.00040758578892641196,0.0011997564661777919,0.000268902088773992
ID_ZWRUMN,0.00040758578892641196,0.0014784567863087,0.000268902088773992,0.00040758578892641196,0.0014784567863087,0.000268902088773992
ID_N038XC,0.000173467264926268,0.001226969622471472,0.000268902088773992,0.000173467264926268,0.001226969622471472,0.000268902088773992
ID_3L5LS3,0.000511583429794724,0.001526352918323228,0.000268902088773992,0.000511583429794724,0.001526352918323228,0.000268902088773992
ID_Z173PH,1e-07,0.00011101232361605199,0.000268902088773992,1e-07,0.00011101232361605199,0.000268902088773992
ID_YF7UVA,0.000173467264926268,0.0014784567863087,0.000268902088773992,0.000173467264926268,0.0014784567863087,0.000268902088773992
ID_84GSJO,0.000173467264926268,0.000737342971205948,0.000268902088773992,0.000173467264926268,0.000737342971205948,0.000268902088773992
ID_89LK5U,0.000173467264926268,0.000295014793571472,0.000268902088773992,0.000173467264926268,0.000295014793571472,0.000268902088773992
ID_QN303I,0.0029848137916162836,0.0033060905998515797,0.0024460756924027157,0.0029848137916162836,0.0033060905998515797,0.0024460756924027157
ID_HWSMLL,1e-07,0.00019124044894235198,8.5309045558336e-05,1e-07,0.00019124044894235198,8.5309045558336e-05
ID_5A6ZTS,0.003268255510464008,0.005800542897295316,0.0019138162723525399,0.003268255510464008,0.005800542897295316,0.0019138162723525399
ID_9DN1JJ,0.005912201009012772,0.006044210148077324,0.007667388779932329,0.005912201009012772,0.006044210148077324,0.007667388779932329
ID_MEHAVR,0.00040758578892641196,0.000873735430570592,0.000268902088773992,0.00040758578892641196,0.000873735430570592,0.000268902088773992
ID_YYZUDP,0.005132759593018776,0.004952541551277788,0.006838322970766263,0.005132759593018776,0.004952541551277788,0.006838322970766263
ID_EGXW68,0.0023177076122574518,0.003249581618093492,0.005134920572007884,0.0023177076122574518,0.003249581618093492,0.005134920572007884
ID_14AZQV,0.015737758584047745,0.03234031565781439,0.04251948446306605,0.015737758584047745,0.03234031565781439,0.04251948446306605
ID_3HUETZ,0.00040758578892641196,0.000869744305383704,0.000268902088773992,0.00040758578892641196,0.000869744305383704,0.000268902088773992
ID_MB89IP,0.00040758578892641196,0.000869744305383704,0.000268902088773992,0.00040758578892641196,0.000869744305383704,0.000268902088773992
ID_9V3JSL,0.00040758578892641196,0.0014784567863087,0.000268902088773992,0.00040758578892641196,0.0014784567863087,0.000268902088773992
ID_U5RHRN,0.000173467264926268,0.000869744305383704,0.001484691438132668,0.000173467264926268,0.000869744305383704,0.001484691438132668
ID_4POIK6,1e-07,0.0014784567863087,0.000268902088773992,1e-07,0.0014784567863087,0.000268902088773992
ID_34CCQR,0.00040758578892641196,0.0011556761221385961,0.000268902088773992,0.00040758578892641196,0.0011556761221385961,0.000268902088773992
ID_8D2UXI,1e-07,0.0014784567863087,0.000268902088773992,1e-07,0.0014784567863087,0.000268902088773992
ID_HGV8W6,0.00040758578892641196,0.0013313020016128682,0.000268902088773992,0.00040758578892641196,0.0013313020016128682,0.000268902088773992
ID_TM22AO,1e-07,0.001226969622471472,0.000268902088773992,1e-07,0.001226969622471472,0.000268902088773992
ID_B33LO0,0.000173467264926268,0.000445494195251436,0.000268902088773992,0.000173467264926268,0.000445494195251436,0.000268902088773992
ID_NBXN98,0.00040758578892641196,0.00111351287487716,0.000268902088773992,0.00040758578892641196,0.00111351287487716,0.000268902088773992
ID_04A56B,0.029983058994858515,0.05177523180872217,0.14942049111729136,0.029983058994858515,0.05177523180872217,0.14942049111729136
ID_34N7CE,0.003268255510464008,0.004034941623259555,0.002611353221805044,0.003268255510464008,0.004034941623259555,0.002611353221805044
ID_970K1N,0.00040758578892641196,0.000869744305383704,0.000268902088773992,0.00040758578892641196,0.000869744305383704,0.000268902088773992
ID_XROC09,0.000173467264926268,0.001050362738363528,0.000268902088773992,0.000173467264926268,0.001050362738363528,0.000268902088773992
ID_RXQO8E,0.000173467264926268,0.001217636513371916,0.000744129572626352,0.000173467264926268,0.001217636513371916,0.000744129572626352
ID_9NQ4B6,0.00040758578892641196,0.00048434029289958,0.000268902088773992,0.00040758578892641196,0.00048434029289958,0.000268902088773992
ID_VU6X9A,0.000511583429794724,0.00177237479726018,0.000268902088773992,0.000511583429794724,0.00177237479726018,0.000268902088773992
ID_ALZ6BK,0.000173467264926268,0.00019124044894235198,0.000268902088773992,0.000173467264926268,0.00019124044894235198,0.000268902088773992
ID_PC7E7E,0.014660024963130751,0.014626681598676396,0.013563076775563896,0.014660024963130751,0.014626681598676396,0.013563076775563896
ID_I0BZX6,0.000926918466697196,0.00165782246661146,0.001572549724817312,0.000926918466697196,0.00165782246661146,0.001572549724817312
ID_6O0K2M,0.00040758578892641196,0.0009030146934445159,0.001575317555759636,0.00040758578892641196,0.0009030146934445159,0.001575317555759636
ID_KMW5EI,0.00040758578892641196,0.001526352918323228,0.0015892354016432,0.00040758578892641196,0.001526352918323228,0.0015892354016432
ID_WRY1CP,0.04680424027219973,0.06829747953232952,0.1445103666755515,0.04680424027219973,0.06829747953232952,0.1445103666755515
ID_W555RS,0.00040758578892641196,0.000873735430570592,0.000268902088773992,0.00040758578892641196,0.000873735430570592,0.000268902088773992
ID_YIM0GX,1e-07,0.00037534864070104,0.000268902088773992,1e-07,0.00037534864070104,0.000268902088773992
ID_22B3GC,0.00040758578892641196,0.0011997564661777919,0.000268902088773992,0.00040758578892641196,0.0011997564661777919,0.000268902088773992
ID_OQ6420,0.011003770550646564,0.023729602897614874,0.033768181519176994,0.011003770550646564,0.023729602897614874,0.033768181519176994
ID_EIJSRA,1e-07,0.00011101232361605199,0.000268902088773992,1e-07,0.00011101232361605199,0.000268902088773992
ID_Z5199X,0.12628084369281486,0.15509332780453258,0.27045503374682955,0.12628084369281486,0.15509332780453258,0.27045503374682955
ID_4RU15B,0.00040758578892641196,0.0014784567863087,0.000268902088773992,0.00040758578892641196,0.0014784567863087,0.000268902088773992
ID_UKXKPY,0.014849164314055452,0.01894090325727698,0.013759054879149536,0.014849164314055452,0.01894090325727698,0.013759054879149536
ID_2IMX6W,0.000926918466697196,0.001368262278633056,0.001161941190752156,0.000926918466697196,0.001368262278633056,0.001161941190752156
ID_9JAOHA,0.00040758578892641196,0.001050362738363528,0.000268902088773992,0.00040758578892641196,0.001050362738363528,0.000268902088773992
ID_EVUXO1,0.0006434767478494719,0.001381521382012168,0.0017555959828349,0.0006434767478494719,0.001381521382012168,0.0017555959828349
ID_9U47O4,0.001660412214518756,0.002198544456948504,0.001650615625308152,0.001660412214518756,0.002198544456948504,0.001650615625308152
ID_152UY7,0.00040758578892641196,0.0009554222351869041,0.000268902088773992,0.00040758578892641196,0.0009554222351869041,0.000268902088773992
ID_BS70GA,0.08101194288777402,0.14444354194133527,0.23811938175019362,0.08101194288777402,0.14444354194133527,0.23811938175019362
ID_VE9E3I,0.000969683192312108,0.0009030146934445159,0.0009410898015310641,0.000969683192312108,0.0009030146934445159,0.0009410898015310641
ID_T2WVBK,0.003268255510464008,0.0042312442410635115,0.002156778182604188,0.003268255510464008,0.0042312442410635115,0.002156778182604188
ID_7GF62F,0.00040758578892641196,0.00019124044894235198,0.000268902088773992,0.00040758578892641196,0.00019124044894235198,0.000268902088773992
ID_Y3TLDA,0.00612648155560996,0.00504374838860754,0.00361836764429556,0.00612648155560996,0.00504374838860754,0.00361836764429556
ID_W9XHZ2,0.005132759593018776,0.004617261090156164,0.006031481725383883,0.005132759593018776,0.004617261090156164,0.006031481725383883
ID_WM0LSK,0.009797715495201325,0.008106686506006136,0.022923745134231333,0.009797715495201325,0.008106686506006136,0.022923745134231333
ID_ZNFFDC,0.000184139695337008,0.001031097184992628,0.0017555959828349,0.000184139695337008,0.001031097184992628,0.0017555959828349
ID_DEI9SN,0.000184139695337008,0.0009387681413630919,0.001310297160339592,0.000184139695337008,0.0009387681413630919,0.001310297160339592
ID_9VQ06Y,0.011685840347682743,0.023907466097264754,0.03271051084271361,0.011685840347682743,0.023907466097264754,0.03271051084271361
ID_6AYBN2,0.000173467264926268,0.00119025530520032,0.000268902088773992,0.000173467264926268,0.00119025530520032,0.000268902088773992
ID_SN8PKK,0.000173467264926268,0.001092525985625048,0.000268902088773992,0.000173467264926268,0.001092525985625048,0.000268902088773992
ID_IDJRR2,0.009201076140593897,0.005760974647629452,0.00361836764429556,0.009201076140593897,0.005760974647629452,0.00361836764429556
ID_3MUZN6,0.033481830324734424,0.05016298138409265,0.06650332346876284,0.033481830324734424,0.05016298138409265,0.06650332346876284
ID_DL0WVZ,0.007929175965662626,0.013616599051869932,0.00848151175053057,0.007929175965662626,0.013616599051869932,0.00848151175053057
ID_XXXBX8,0.03506049049730094,0.05347285497242283,0.05604886341932677,0.03506049049730094,0.05347285497242283,0.05604886341932677
ID_OLEUCI,0.000173467264926268,0.000468520847320944,0.000268902088773992,0.000173467264926268,0.000468520847320944,0.000268902088773992
ID_1UWDL1,0.000511583429794724,0.001781454535870048,0.000268902088773992,0.000511583429794724,0.001781454535870048,0.000268902088773992
ID_YDX8IK,0.01909814185956142,0.019778221134287014,0.037782416709951416,0.01909814185956142,0.019778221134287014,0.037782416709951416
ID_KOCUZH,0.00040758578892641196,0.0009030146934445159,0.001575317555759636,0.00040758578892641196,0.0009030146934445159,0.001575317555759636
ID_6GPIIM,0.000173467264926268,0.0008868222941964559,0.000268902088773992,0.000173467264926268,0.0008868222941964559,0.000268902088773992
ID_BMBE4U,0.00040758578892641196,0.0009554222351869041,0.000268902088773992,0.00040758578892641196,0.0009554222351869041,0.000268902088773992
ID_CDSQZK,0.000173467264926268,0.00042270567085508795,0.000268902088773992,0.000173467264926268,0.00042270567085508795,0.000268902088773992
ID_XET1P5,0.000173467264926268,0.001050362738363528,0.000268902088773992,0.000173467264926268,0.001050362738363528,0.000268902088773992
ID_Q1BM4A,0.005360161532036144,0.005597927761807476,0.010091634691930364,0.005360161532036144,0.005597927761807476,0.010091634691930364
ID_WPT41W,0.0006434767478494719,0.000971614634434964,0.000588775176574396,0.0006434767478494719,0.000971614634434964,0.000588775176574396
ID_ETXKKL,0.00040758578892641196,0.0009554222351869041,0.000268902088773992,0.00040758578892641196,0.0009554222351869041,0.000268902088773992
ID_KWN3LW,0.00040758578892641196,0.0014784567863087,0.000268902088773992,0.00040758578892641196,0.0014784567863087,0.000268902088773992
ID_H5LBYY,0.002505889088433676,0.003249581618093492,0.006031481725383883,0.002505889088433676,0.003249581618093492,0.006031481725383883
ID_19BEFN,1e-07,0.000295014793571472,0.000268902088773992,1e-07,0.000295014793571472,0.000268902088773992
ID_FFJR5D,0.0067231209102173875,0.006289707541214348,0.023471775041995088,0.0067231209102173875,0.006289707541214348,0.023471775041995088
ID_QH1EXK,0.0047364178313810314,0.00481063797111368,0.007013932674650268,0.0047364178313810314,0.00481063797111368,0.007013932674650268
ID_4IJ44Q,0.00222856123230956,0.003188065576302728,0.0019138162723525399,0.00222856123230956,0.003188065576302728,0.0019138162723525399
ID_MFGCBS,0.000173467264926268,0.000547553102979364,0.000462029854672472,0.000173467264926268,0.000547553102979364,0.000462029854672472
ID_ZLH6YZ,0.000184139695337008,0.0007201274705977359,8.5309045558336e-05,0.000184139695337008,0.0007201274705977359,8.5309045558336e-05
ID_X91UOX,0.00040758578892641196,0.000468520847320944,0.000268902088773992,0.00040758578892641196,0.000468520847320944,0.000268902088773992
ID_TB4QUV,0.00040758578892641196,0.001336558545866672,0.001826768592693656,0.00040758578892641196,0.001336558545866672,0.001826768592693656
ID_3B2BGV,1e-07,0.000674192834692316,0.000268902088773992,1e-07,0.000674192834692316,0.000268902088773992
ID_39Z87X,0.00222856123230956,0.003188065576302728,0.0019138162723525399,0.00222856123230956,0.003188065576302728,0.0019138162723525399
ID_UYDE8D,0.0073874870822207474,0.016537356108137915,0.01092603910956288,0.0073874870822207474,0.016537356108137915,0.01092603910956288
ID_Y7D9MZ,0.025779022330812917,0.03912933503297465,0.04755470480277767,0.025779022330812917,0.03912933503297465,0.04755470480277767
ID_4SML2V,0.003578863779437504,0.009987917694547568,0.01993028590892113,0.003578863779437504,0.009987917694547568,0.01993028590892113
ID_7I8BU9,0.001243078106184776,0.007084584612636679,0.0029808407168286557,0.001243078106184776,0.007084584612636679,0.0029808407168286557
ID_EC6XNQ,0.004442262707601305,0.009825527793269876,0.008467621734461807,0.004442262707601305,0.009825527793269876,0.008467621734461807
ID_RR3CDL,0.01847030573851392,0.04621584615985026,0.06749533949888557,0.01847030573851392,0.04621584615985026,0.06749533949888557
ID_IGYW5G,0.055729101002235513,0.05394247671176425,0.05810970347799752,0.055729101002235513,0.05394247671176425,0.05810970347799752
ID_BSVW6P,0.01769166091256031,0.023135530693173114,0.02019136375256166,0.01769166091256031,0.023135530693173114,0.02019136375256166
ID_JI3FZX,0.002452878165672732,0.00295611188978874,0.004597779232004636,0.002452878165672732,0.00295611188978874,0.004597779232004636
ID_3CH8CL,0.005391660651954124,0.018581266752510112,0.031374334503777086,0.005391660651954124,0.018581266752510112,0.031374334503777086
ID_WUYKXR,0.03828997765914101,0.04432276991281018,0.059890522589403486,0.03828997765914101,0.04432276991281018,0.059890522589403486
ID_7WZVHY,0.07581590003873107,0.18087622504260392,0.21983925179591482,0.07581590003873107,0.18087622504260392,0.21983925179591482
ID_6H5F9H,0.000822728484248,0.007081410036534583,0.0029808407168286557,0.000822728484248,0.007081410036534583,0.0029808407168286557
ID_21QNKL,0.3150939188544253,0.2521818094583824,0.3248557331540516,0.3150939188544253,0.2521818094583824,0.3248557331540516
ID_M4DZO8,0.17399304816923436,0.1622438910654215,0.16695740641296675,0.17399304816923436,0.1622438910654215,0.16695740641296675
ID_IA6PQX,0.055729101002235513,0.05394247671176425,0.05810970347799752,0.055729101002235513,0.05394247671176425,0.05810970347799752
ID_GRK0QD,0.05617069402073977,0.04350388844885807,0.05273657235769531,0.05617069402073977,0.04350388844885807,0.05273657235769531
ID_VJH0U8,0.004630444183777628,0.014435954902593143,0.007750288615132296,0.004630444183777628,0.014435954902593143,0.007750288615132296
ID_JDWZ6W,0.004198020261907524,0.003765153206548056,0.006693565233619084,0.004198020261907524,0.003765153206548056,0.006693565233619084
ID_Z3ULTI,0.07895051922144797,0.11460463601448723,0.16013878092209696,0.07895051922144797,0.11460463601448723,0.16013878092209696
ID_FZBCVY,0.001674199492828892,0.0024568884503383998,0.008474696176754382,0.001674199492828892,0.0024568884503383998,0.008474696176754382
ID_DDEZZ4,0.001907704311882608,0.005427842251088015,0.00939481424998538,0.001907704311882608,0.005427842251088015,0.00939481424998538
ID_J1KBN7,0.004198020261907524,0.003765153206548056,0.006693565233619084,0.004198020261907524,0.003765153206548056,0.006693565233619084
ID_R4VI36,0.03838403094086094,0.045667626742811954,0.053235379356923684,0.03838403094086094,0.045667626742811954,0.053235379356923684
ID_ROBCVV,0.02143374964248807,0.01864625886432199,0.030515971560890278,0.02143374964248807,0.01864625886432199,0.030515971560890278
ID_4OFTW1,0.004442262707601305,0.010450837329537528,0.007750288615132296,0.004442262707601305,0.010450837329537528,0.007750288615132296
ID_UED8B7,0.03838403094086094,0.045667626742811954,0.053235379356923684,0.03838403094086094,0.045667626742811954,0.053235379356923684
ID_8UL5RI,0.01847030573851392,0.04621584615985026,0.06749533949888557,0.01847030573851392,0.04621584615985026,0.06749533949888557
ID_GG25SM,0.003578863779437504,0.009987917694547568,0.01993028590892113,0.003578863779437504,0.009987917694547568,0.01993028590892113
ID_KFOW4P,0.002196381778410644,0.008923033134964344,0.004723682160005612,0.002196381778410644,0.008923033134964344,0.004723682160005612
ID_4DZTOE,0.003578863779437504,0.009987917694547568,0.01993028590892113,0.003578863779437504,0.009987917694547568,0.01993028590892113
ID_URIDBD,0.03940177811348339,0.052165892805188775,0.06451802506723424,0.03940177811348339,0.052165892805188775,0.06451802506723424
ID_MU255K,0.06198240390589449,0.06085169517617557,0.0592469578780843,0.06198240390589449,0.06085169517617557,0.0592469578780843
ID_JHWMUP,0.28311972005964836,0.32271873276813845,0.44257908327296436,0.28311972005964836,0.32271873276813845,0.44257908327296436
ID_2SLFP0,0.000173467264926268,0.000466031031298856,0.000268902088773992,0.000173467264926268,0.000466031031298856,0.000268902088773992
ID_BG3G76,0.000173467264926268,0.000921147681324468,0.000656271285941792,0.000173467264926268,0.000921147681324468,0.000656271285941792
ID_S4TMZF,0.019091350404042647,0.01492184208173323,0.027405384104342276,0.019091350404042647,0.01492184208173323,0.027405384104342276
ID_QRZK05,0.000173467264926268,0.000315551629618892,0.000462029854672472,0.000173467264926268,0.000315551629618892,0.000462029854672472
ID_EDY9VV,0.00040758578892641196,0.0013203661466186121,0.000656271285941792,0.00040758578892641196,0.0013203661466186121,0.000656271285941792
ID_TK4FYQ,0.000173467264926268,0.00011007826474440401,8.5309045558336e-05,0.000173467264926268,0.00011007826474440401,8.5309045558336e-05
ID_BTKIK1,0.000690119110251992,0.0013313020016128682,0.003349425022233408,0.000690119110251992,0.0013313020016128682,0.003349425022233408
ID_36M18R,1e-07,0.0007201274705977359,8.5309045558336e-05,1e-07,0.0007201274705977359,8.5309045558336e-05
ID_GEWMZ2,0.000787565578206916,0.0006561853532649879,0.000268902088773992,0.000787565578206916,0.0006561853532649879,0.000268902088773992
ID_WZIGXM,0.000787565578206916,0.00095195589884302,0.000462029854672472,0.000787565578206916,0.00095195589884302,0.000462029854672472
ID_4ZN2VI,0.000184139695337008,0.000173228401258036,0.000268902088773992,0.000184139695337008,0.000173228401258036,0.000268902088773992
ID_I0TZH8,0.004198020261907524,0.0040669304812646885,0.006693565233619084,0.004198020261907524,0.0040669304812646885,0.006693565233619084
ID_SAL4IQ,0.003909869024198644,0.004310478056021125,0.005568850630558004,0.003909869024198644,0.004310478056021125,0.005568850630558004
ID_OL15N5,0.01056043403571419,0.004953767734077544,0.01611576284104565,0.01056043403571419,0.004953767734077544,0.01611576284104565
ID_VBHXGV,0.000173467264926268,0.00037416041615003203,0.000268902088773992,0.000173467264926268,0.00037416041615003203,0.000268902088773992
ID_8O2G7K,0.00040758578892641196,0.000885888235324808,0.000924530725292912,0.00040758578892641196,0.000885888235324808,0.000924530725292912
ID_R9168S,0.001271266027513516,0.0013313020016128682,0.003287895320466284,0.001271266027513516,0.0013313020016128682,0.003287895320466284
ID_D2BHF7,0.000184139695337008,0.000703935071349676,8.5309045558336e-05,0.000184139695337008,0.000703935071349676,8.5309045558336e-05
ID_W4YLRK,0.0019435043857064518,0.001532410502443316,0.003287895320466284,0.0019435043857064518,0.001532410502443316,0.003287895320466284
ID_H8R1M6,0.000456559436113864,0.0008230209010090641,0.002782225415655836,0.000456559436113864,0.0008230209010090641,0.002782225415655836
ID_P66879,0.000173467264926268,0.000542589324253724,0.000268902088773992,0.000173467264926268,0.000542589324253724,0.000268902088773992
ID_H6PN64,0.000184139695337008,0.0007201274705977359,8.5309045558336e-05,0.000184139695337008,0.0007201274705977359,8.5309045558336e-05
ID_CE1FVC,0.001889103000060276,0.001923352776312076,0.005498488627724923,0.001889103000060276,0.001923352776312076,0.005498488627724923
ID_N8L8HZ,0.005042068255984296,0.0020821187588408877,0.007928873747424976,0.005042068255984296,0.0020821187588408877,0.007928873747424976
ID_DZ9KDZ,0.000787565578206916,0.001221122124863236,0.001650615625308152,0.000787565578206916,0.001221122124863236,0.001650615625308152
ID_GWCAWH,0.000173467264926268,0.0010526932167595439,0.000854742163477712,0.000173467264926268,0.0010526932167595439,0.000854742163477712
ID_BRODNS,0.008205446611243755,0.005588157358424948,0.008267218302296821,0.008205446611243755,0.005588157358424948,0.008267218302296821
ID_2VZDEB,0.0009881738563259199,0.000921147681324468,0.000268902088773992,0.0009881738563259199,0.000921147681324468,0.000268902088773992
ID_51YUZ8,0.03422071696745975,0.03871437904479887,0.2005574376925505,0.03422071696745975,0.03871437904479887,0.2005574376925505
ID_YAINJL,0.004198020261907524,0.0040669304812646885,0.006693565233619084,0.004198020261907524,0.0040669304812646885,0.006693565233619084
ID_DNQWGC,0.008205446611243755,0.005588157358424948,0.008267218302296821,0.008205446611243755,0.005588157358424948,0.008267218302296821
ID_HPQ2YK,0.0016060108288726638,0.001221122124863236,0.003049076294145056,0.0016060108288726638,0.001221122124863236,0.003049076294145056
ID_OV2TNO,0.000173467264926268,0.000921147681324468,0.000656271285941792,0.000173467264926268,0.000921147681324468,0.000656271285941792
ID_NRG7OT,0.0010216841022070598,0.001221122124863236,0.000462029854672472,0.0010216841022070598,0.001221122124863236,0.000462029854672472
ID_1JQ73Y,0.00040758578892641196,0.000868810246512056,0.000268902088773992,0.00040758578892641196,0.000868810246512056,0.000268902088773992
ID_MQGR7P,0.000173467264926268,0.00037416041615003203,0.000268902088773992,0.000173467264926268,0.00037416041615003203,0.000268902088773992
ID_9M41ZB,0.028292215945472474,0.029188703171491123,0.03253288112952416,0.028292215945472474,0.029188703171491123,0.03253288112952416
ID_KPUZSL,0.000787565578206916,0.001455687294967692,0.000462029854672472,0.000787565578206916,0.001455687294967692,0.000462029854672472
ID_F5UXS1,0.000754055332325776,0.0010526932167595439,0.000462029854672472,0.000754055332325776,0.0010526932167595439,0.000462029854672472
ID_VK0JGD,0.001866947938880756,0.002032867975198152,0.006010255728333276,0.001866947938880756,0.002032867975198152,0.006010255728333276
ID_RVRZMX,0.000173467264926268,0.000293826569020448,0.000268902088773992,0.000173467264926268,0.000293826569020448,0.000268902088773992
ID_WQYMPM,0.03726596446133408,0.03222554495095854,0.05063331214807408,0.03726596446133408,0.03222554495095854,0.05063331214807408
ID_5KRD2P,0.00040758578892641196,0.000902080634572868,0.000380667392243464,0.00040758578892641196,0.000902080634572868,0.000380667392243464
ID_IC3T9Y,1e-07,0.000703935071349676,0.000268902088773992,1e-07,0.000703935071349676,0.000268902088773992
ID_8P36CE,1e-07,0.000305629735435792,8.5309045558336e-05,1e-07,0.000305629735435792,8.5309045558336e-05
ID_4SSZJI,0.00133133344375568,0.00111351287487716,0.003287895320466284,0.00133133344375568,0.00111351287487716,0.003287895320466284
ID_4IBH3D,0.000173467264926268,0.00037416041615003203,0.000268902088773992,0.000173467264926268,0.00037416041615003203,0.000268902088773992
ID_U2F392,0.002600799783444964,0.00211920172723174,0.005811812540809568,0.002600799783444964,0.00211920172723174,0.005811812540809568
ID_3ZWFOJ,0.000184139695337008,0.000703935071349676,8.5309045558336e-05,0.000184139695337008,0.000703935071349676,8.5309045558336e-05
ID_74WU7X,1e-07,0.000206498789318764,0.000268902088773992,1e-07,0.000206498789318764,0.000268902088773992
ID_8KE31A,0.0007328838358668199,0.001359534753814112,0.003304580997292088,0.0007328838358668199,0.001359534753814112,0.003304580997292088
ID_DP9A1C,0.001271266027513516,0.0010313275580741,0.002782225415655836,0.001271266027513516,0.0010313275580741,0.002782225415655836
ID_UV8N77,1e-07,0.000703935071349676,0.000268902088773992,1e-07,0.000703935071349676,0.000268902088773992
ID_82ZVWD,0.000173467264926268,0.00037416041615003203,0.000268902088773992,0.000173467264926268,0.00037416041615003203,0.000268902088773992
ID_YLZXGO,0.001271266027513516,0.0011997564661777919,0.004650614967765836,0.001271266027513516,0.0011997564661777919,0.004650614967765836
ID_8EYJ8O,0.001271266027513516,0.0013313020016128682,0.003349425022233408,0.001271266027513516,0.0013313020016128682,0.003349425022233408
ID_97CA4Y,0.042790024769221176,0.07132478908957487,0.04789671340591146,0.042790024769221176,0.07132478908957487,0.04789671340591146
ID_Z100EY,0.000173467264926268,0.00037416041615003203,0.000268902088773992,0.000173467264926268,0.00037416041615003203,0.000268902088773992
ID_PEM0MC,1e-07,0.0007201274705977359,0.000394018721463988,1e-07,0.0007201274705977359,0.000394018721463988
ID_IJCL0H,0.000173467264926268,0.00039224172411064,0.000268902088773992,0.000173467264926268,0.00039224172411064,0.000268902088773992
ID_7ED0FF,0.005567581906305815,0.0021430478519477,0.008825434900800977,0.005567581906305815,0.0021430478519477,0.008825434900800977
ID_SXNWJQ,1e-07,0.000173228401258036,8.5309045558336e-05,1e-07,0.000173228401258036,8.5309045558336e-05
ID_I891F5,0.000173467264926268,0.00039224172411064,0.000268902088773992,0.000173467264926268,0.00039224172411064,0.000268902088773992
ID_ZJ8ADL,0.001592637710064164,0.0020349764642935636,0.002279370309459512,0.001592637710064164,0.0020349764642935636,0.002279370309459512
ID_3W1C1M,0.000184139695337008,0.0007201274705977359,8.5309045558336e-05,0.000184139695337008,0.0007201274705977359,8.5309045558336e-05
ID_566Q18,0.0057519125043659835,0.008507864382703423,0.009873530172731413,0.0057519125043659835,0.008507864382703423,0.009873530172731413
ID_FPANRJ,0.002086960451766516,0.001903844345548412,0.0039519121153820235,0.002086960451766516,0.001903844345548412,0.0039519121153820235
ID_04Q0YM,0.000690119110251992,0.001162873093509092,0.0030336764525898557,0.000690119110251992,0.001162873093509092,0.0030336764525898557
ID_5KRNZJ,0.000926918466697196,0.002573215114161728,0.001825957985667896,0.000926918466697196,0.002573215114161728,0.001825957985667896
ID_HIWMGH,0.000173467264926268,0.000524639817829912,0.000656271285941792,0.000173467264926268,0.000524639817829912,0.000656271285941792
ID_KIINWT,0.000173467264926268,0.000840813834194884,0.000268902088773992,0.000173467264926268,0.000840813834194884,0.000268902088773992
ID_APINN8,0.0057519125043659835,0.008507864382703423,0.009873530172731413,0.0057519125043659835,0.008507864382703423,0.009873530172731413
ID_JXGHCQ,0.000173467264926268,0.000444305970700328,0.000268902088773992,0.000173467264926268,0.000444305970700328,0.000268902088773992
ID_GXIV13,0.001271266027513516,0.0013313020016128682,0.003287895320466284,0.001271266027513516,0.0013313020016128682,0.003287895320466284
ID_VBCV33,0.007968023682563472,0.00295504981065724,0.00985184201480426,0.007968023682563472,0.00295504981065724,0.00985184201480426
ID_6G615X,0.000184139695337008,0.00065059347073564,8.5309045558336e-05,0.000184139695337008,0.00065059347073564,8.5309045558336e-05
ID_GNQBPW,0.0057519125043659835,0.008507864382703423,0.009873530172731413,0.0057519125043659835,0.008507864382703423,0.009873530172731413
ID_Z1JH8O,0.000173467264926268,0.000868810246512056,0.000268902088773992,0.000173467264926268,0.000868810246512056,0.000268902088773992
ID_MFYS5T,0.009878312956015291,0.006771856205189732,0.008427380530434216,0.009878312956015291,0.006771856205189732,0.008427380530434216
ID_TTS39J,0.001304776273394656,0.001458643639087208,0.003097973985299388,0.001304776273394656,0.001458643639087208,0.003097973985299388
ID_JENU4O,1e-07,0.000173228401258036,0.000268902088773992,1e-07,0.000173228401258036,0.000268902088773992
ID_90XFU4,0.001192220888379368,0.000862025711039932,0.003304580997292088,0.001192220888379368,0.000862025711039932,0.003304580997292088
ID_PHUQGW,0.000690119110251992,0.00048434029289958,0.002782225415655836,0.000690119110251992,0.00048434029289958,0.002782225415655836
ID_9J6CK5,0.000690119110251992,0.0011997564661777919,0.00419729868219258,0.000690119110251992,0.0011997564661777919,0.00419729868219258
ID_9J9ZHB,0.000173467264926268,0.000840813834194884,0.000268902088773992,0.000173467264926268,0.000840813834194884,0.000268902088773992
ID_WFSRDW,0.000173467264926268,0.0009554222351869041,0.000268902088773992,0.000173467264926268,0.0009554222351869041,0.000268902088773992
ID_9RA6UC,0.000173467264926268,0.0011997564661777919,0.000268902088773992,0.000173467264926268,0.0011997564661777919,0.000268902088773992
ID_8K9BSB,0.001304776273394656,0.0013313020016128682,0.003349425022233408,0.001304776273394656,0.0013313020016128682,0.003349425022233408
ID_X9K3UC,0.001271266027513516,0.0011997564661777919,0.003287895320466284,0.001271266027513516,0.0011997564661777919,0.003287895320466284
ID_F96FDB,0.001408773914262968,0.0013313020016128682,0.0036036438901098362,0.001408773914262968,0.0013313020016128682,0.0036036438901098362
ID_YN5JF8,0.00040758578892641196,0.0010850713820294438,0.0014874592690749921,0.00040758578892641196,0.0010850713820294438,0.0014874592690749921
ID_IY6NOF,0.003443489311355552,0.002664359927358792,0.0071473969654400355,0.003443489311355552,0.002664359927358792,0.0071473969654400355
ID_FI6W81,0.052950914121157225,0.08951443463250335,0.10898555618857728,0.052950914121157225,0.08951443463250335,0.10898555618857728
ID_04CC0L,0.000173467264926268,0.0009554222351869041,0.000656271285941792,0.000173467264926268,0.0009554222351869041,0.000656271285941792
ID_1KWZ54,0.000184139695337008,0.000703935071349676,8.5309045558336e-05,0.000184139695337008,0.000703935071349676,8.5309045558336e-05
ID_P0EUPF,0.000173467264926268,0.0010526932167595439,0.000462029854672472,0.000173467264926268,0.0010526932167595439,0.000462029854672472
ID_XWLG1U,0.001271266027513516,0.0013313020016128682,0.003349425022233408,0.001271266027513516,0.0013313020016128682,0.003349425022233408
ID_4LEWIR,0.000690119110251992,0.0008230209010090641,0.0030336764525898557,0.000690119110251992,0.0008230209010090641,0.0030336764525898557
ID_J85QL1,0.015599836891408932,0.02203088432421222,0.025587756907785003,0.015599836891408932,0.02203088432421222,0.025587756907785003
ID_12ZAW0,0.001304776273394656,0.0013313020016128682,0.00490483383564218,0.001304776273394656,0.0013313020016128682,0.00490483383564218
ID_TXY2FU,0.001626901968637616,0.001742738679209644,0.002293882783128232,0.001626901968637616,0.001742738679209644,0.002293882783128232
ID_HS5K78,0.00106770400657394,0.001343342354566052,0.003287895320466284,0.00106770400657394,0.001343342354566052,0.003287895320466284
ID_0EPYYW,0.0010216841022070598,0.001221122124863236,0.000268902088773992,0.0010216841022070598,0.001221122124863236,0.000268902088773992
ID_MTJFU7,0.000173467264926268,0.00037416041615003203,0.000268902088773992,0.000173467264926268,0.00037416041615003203,0.000268902088773992
ID_0WRPJW,0.001304776273394656,0.001458643639087208,0.003097973985299388,0.001304776273394656,0.001458643639087208,0.003097973985299388
ID_KOAZT1,0.0018568470940772,0.001526352918323228,0.003374943000125084,0.0018568470940772,0.001526352918323228,0.003374943000125084
ID_7ZEBRI,0.000173467264926268,0.000524639817829912,0.000268902088773992,0.000173467264926268,0.000524639817829912,0.000268902088773992
ID_41Z3A9,0.000173467264926268,0.000444305970700328,0.000268902088773992,0.000173467264926268,0.000444305970700328,0.000268902088773992
ID_J8JXVY,0.000173467264926268,0.000293826569020448,0.000268902088773992,0.000173467264926268,0.000293826569020448,0.000268902088773992
ID_QKDUFH,0.002263306226611276,0.001742738679209644,0.002071344552478452,0.002263306226611276,0.001742738679209644,0.002071344552478452
ID_AR98VZ,1e-07,0.0007201274705977359,0.000394018721463988,1e-07,0.0007201274705977359,0.000394018721463988
ID_VK9ROW,0.000173467264926268,0.000524639817829912,0.000268902088773992,0.000173467264926268,0.000524639817829912,0.000268902088773992
ID_13419M,0.000787565578206916,0.00095195589884302,0.000462029854672472,0.000787565578206916,0.00095195589884302,0.000462029854672472
ID_RWPCZ6,0.000173467264926268,0.0010526932167595439,0.000462029854672472,0.000173467264926268,0.0010526932167595439,0.000462029854672472
ID_YP006O,0.0057519125043659835,0.008507864382703423,0.009873530172731413,0.0057519125043659835,0.008507864382703423,0.009873530172731413
ID_X3Q9JX,0.000173467264926268,0.0002598403899328,0.000268902088773992,0.000173467264926268,0.0002598403899328,0.000268902088773992
ID_4DS9FD,0.000173467264926268,0.00011007826474440401,8.5309045558336e-05,0.000173467264926268,0.00011007826474440401,8.5309045558336e-05
ID_Y9ZFHB,0.000173467264926268,0.0012337541579437639,0.001484691438132668,0.000173467264926268,0.0012337541579437639,0.001484691438132668
ID_BDJQVU,0.000754055332325776,0.0006561853532649879,0.000268902088773992,0.000754055332325776,0.0006561853532649879,0.000268902088773992
ID_YOJDUN,1e-07,0.00011007826474440401,8.5309045558336e-05,1e-07,0.00011007826474440401,8.5309045558336e-05
ID_0S1SU1,0.0057519125043659835,0.008507864382703423,0.009873530172731413,0.0057519125043659835,0.008507864382703423,0.009873530172731413
ID_WVY88C,0.000173467264926268,0.0006930687259336039,0.000268902088773992,0.000173467264926268,0.0006930687259336039,0.000268902088773992
ID_4CWI21,0.000173467264926268,0.000542589324253724,0.000268902088773992,0.000173467264926268,0.000542589324253724,0.000268902088773992
ID_04SS9G,0.0019435043857064518,0.001532410502443316,0.003287895320466284,0.0019435043857064518,0.001532410502443316,0.003287895320466284
ID_A9QQPQ,1e-07,0.0005181921365577999,8.5309045558336e-05,1e-07,0.0005181921365577999,8.5309045558336e-05
ID_DZ75HC,1e-07,0.000703935071349676,8.5309045558336e-05,1e-07,0.000703935071349676,8.5309045558336e-05
ID_4M4JIH,1e-07,0.000703935071349676,0.000268902088773992,1e-07,0.000703935071349676,0.000268902088773992
ID_U0HW2H,0.000173467264926268,0.00037416041615003203,0.000268902088773992,0.000173467264926268,0.00037416041615003203,0.000268902088773992
ID_P3DEYM,0.000173467264926268,0.000293826569020448,0.000268902088773992,0.000173467264926268,0.000293826569020448,0.000268902088773992
ID_L3102W,0.001271266027513516,0.0013313020016128682,0.003287895320466284,0.001271266027513516,0.0013313020016128682,0.003287895320466284
ID_HPOX0U,0.000690119110251992,0.0011997564661777919,0.0030336764525898557,0.000690119110251992,0.0011997564661777919,0.0030336764525898557
ID_0KT3LA,0.000690119110251992,0.0008230209010090641,0.002782225415655836,0.000690119110251992,0.0008230209010090641,0.002782225415655836
ID_69NSKI,0.000173467264926268,0.000542589324253724,0.000268902088773992,0.000173467264926268,0.000542589324253724,0.000268902088773992
ID_0SDUWB,0.0047517700176244355,0.00332537652915774,0.005488998956779216,0.0047517700176244355,0.00332537652915774,0.005488998956779216
ID_0YHV2D,0.04587310227025036,0.0378126712952146,0.04286154112297787,0.04587310227025036,0.0378126712952146,0.04286154112297787
ID_75H233,0.000173467264926268,0.000524639817829912,0.000268902088773992,0.000173467264926268,0.000524639817829912,0.000268902088773992
ID_FKHQWT,0.000173467264926268,0.000524639817829912,0.000268902088773992,0.000173467264926268,0.000524639817829912,0.000268902088773992
ID_U2WUA3,0.0057519125043659835,0.008507864382703423,0.009873530172731413,0.0057519125043659835,0.008507864382703423,0.009873530172731413
ID_J2UQDN,0.000787565578206916,0.0006561853532649879,0.001650615625308152,0.000787565578206916,0.0006561853532649879,0.001650615625308152
ID_POVU4C,0.000787565578206916,0.0006561853532649879,0.000268902088773992,0.000787565578206916,0.0006561853532649879,0.000268902088773992
ID_UZPUB2,0.03647690548482636,0.027832311346990476,0.03253288112952416,0.03647690548482636,0.027832311346990476,0.03253288112952416
ID_J2U4P6,0.000173467264926268,0.0010526932167595439,0.000462029854672472,0.000173467264926268,0.0010526932167595439,0.000462029854672472
ID_SJLSGJ,1e-07,0.000703935071349676,8.5309045558336e-05,1e-07,0.000703935071349676,8.5309045558336e-05
ID_DGJX4J,0.000173467264926268,0.000444305970700328,0.000268902088773992,0.000173467264926268,0.000444305970700328,0.000268902088773992
ID_YO2KWH,0.000787565578206916,0.0006561853532649879,0.000268902088773992,0.000787565578206916,0.0006561853532649879,0.000268902088773992
ID_T02E3F,0.0057519125043659835,0.008507864382703423,0.009873530172731413,0.0057519125043659835,0.008507864382703423,0.009873530172731413
ID_MYCWCX,0.000511583429794724,0.0023801285621774682,0.002071344552478452,0.000511583429794724,0.0023801285621774682,0.002071344552478452
ID_NH9AFH,0.000690119110251992,0.0010313275580741,0.002782225415655836,0.000690119110251992,0.0010313275580741,0.002782225415655836
ID_77YG7T,0.00040758578892641196,0.000868810246512056,0.000268902088773992,0.00040758578892641196,0.000868810246512056,0.000268902088773992
ID_9Y444Y,0.000173467264926268,0.00037416041615003203,0.000268902088773992,0.000173467264926268,0.00037416041615003203,0.000268902088773992
ID_5L1LZ3,0.0016060108288726638,0.001516892670441352,0.002725682224125496,0.0016060108288726638,0.001516892670441352,0.002725682224125496
ID_7DDTU6,0.000690119110251992,0.0008230209010090641,0.002782225415655836,0.000690119110251992,0.0008230209010090641,0.002782225415655836
ID_PJ1GFX,0.00040758578892641196,0.000703935071349676,0.000268902088773992,0.00040758578892641196,0.000703935071349676,0.000268902088773992
ID_TD09UQ,0.000690119110251992,0.0010313275580741,0.002782225415655836,0.000690119110251992,0.0010313275580741,0.002782225415655836
ID_PPJ0Q7,0.000787565578206916,0.0010591794314731358,0.000462029854672472,0.000787565578206916,0.0010591794314731358,0.000462029854672472
ID_9T5MZ6,0.008564607605447569,0.0041568043303439285,0.009502526816102795,0.008564607605447569,0.0041568043303439285,0.009502526816102795
ID_MMW7H1,0.000173467264926268,0.00037416041615003203,0.000268902088773992,0.000173467264926268,0.00037416041615003203,0.000268902088773992
ID_1W5HMF,0.001271266027513516,0.0010313275580741,0.003287895320466284,0.001271266027513516,0.0010313275580741,0.003287895320466284
ID_EKUPY5,0.000690119110251992,0.000634819694579544,0.002782225415655836,0.000690119110251992,0.000634819694579544,0.002782225415655836
ID_MR0B44,0.000787565578206916,0.0006561853532649879,0.000268902088773992,0.000787565578206916,0.0006561853532649879,0.000268902088773992
ID_ZV8PXJ,0.000173467264926268,0.0010526932167595439,0.000462029854672472,0.000173467264926268,0.0010526932167595439,0.000462029854672472
ID_97JMW3,0.000173467264926268,0.000524639817829912,0.000268902088773992,0.000173467264926268,0.000524639817829912,0.000268902088773992
ID_X0BMWM,1e-07,0.000173228401258036,0.000268902088773992,1e-07,0.000173228401258036,0.000268902088773992
ID_UXSMV0,0.000173467264926268,0.000524639817829912,0.000268902088773992,0.000173467264926268,0.000524639817829912,0.000268902088773992
ID_9C6FDZ,1e-07,0.000571533737171836,8.5309045558336e-05,1e-07,0.000571533737171836,8.5309045558336e-05
ID_KXDGFP,0.000511583429794724,0.001384454677881116,0.001738910306009012,0.000511583429794724,0.001384454677881116,0.001738910306009012
ID_EEFOWD,0.000173467264926268,0.00037416041615003203,0.000268902088773992,0.000173467264926268,0.00037416041615003203,0.000268902088773992
ID_BEDWST,0.000173467264926268,0.00037416041615003203,0.000268902088773992,0.000173467264926268,0.00037416041615003203,0.000268902088773992
ID_OENI65,0.000173467264926268,0.000524639817829912,0.000268902088773992,0.000173467264926268,0.000524639817829912,0.000268902088773992
ID_S86C7K,0.0010216841022070598,0.001516892670441352,0.001650615625308152,0.0010216841022070598,0.001516892670441352,0.001650615625308152
ID_QONYCM,0.000926918466697196,0.000868810246512056,0.001484691438132668,0.000926918466697196,0.000868810246512056,0.001484691438132668
ID_FWMKII,0.002600799783444964,0.00139223109471968,0.005498488627724923,0.002600799783444964,0.00139223109471968,0.005498488627724923
ID_HP61FB,0.000173467264926268,0.000542589324253724,0.000268902088773992,0.000173467264926268,0.000542589324253724,0.000268902088773992
ID_JR3K1A,0.006346416712207996,0.007839593354233223,0.011294057030190943,0.006346416712207996,0.007839593354233223,0.011294057030190943
ID_RWCBV3,1e-07,0.0012170062575155918,0.000744129572626352,1e-07,0.0012170062575155918,0.000744129572626352
ID_L6LRCQ,0.005214906781210148,0.004433868662061091,0.032540658652725964,0.005214906781210148,0.004433868662061091,0.032540658652725964
ID_QL2YV1,1e-07,0.001492749897462052,0.001826768592693656,1e-07,0.001492749897462052,0.001826768592693656
ID_CMW05K,1e-07,0.0012170062575155918,0.000910490153818136,1e-07,0.0012170062575155918,0.000910490153818136
ID_5COZTI,0.000173467264926268,0.001797646935118108,0.000854742163477712,0.000173467264926268,0.001797646935118108,0.000854742163477712
ID_J74M23,0.00255663363082242,0.003247856056687364,0.004597779232004636,0.00255663363082242,0.003247856056687364,0.004597779232004636
ID_VG59CF,0.0073874870822207474,0.012225623323406976,0.041772635321427644,0.0073874870822207474,0.012225623323406976,0.041772635321427644
ID_7C3ZMG,0.0037891507830793594,0.0042440459184211795,0.005947889374645952,0.0037891507830793594,0.0042440459184211795,0.005947889374645952
ID_JH0R8P,0.009345362571761752,0.02358038732115228,0.02733113383094196,0.009345362571761752,0.02358038732115228,0.02733113383094196
ID_LUPPTN,0.002196381778410644,0.003309007738361612,0.004597779232004636,0.002196381778410644,0.003309007738361612,0.004597779232004636
ID_167YYH,0.001391006860184348,0.001867815961706312,0.002279370309459512,0.001391006860184348,0.001867815961706312,0.002279370309459512
ID_5CM4SB,1e-07,0.000773378034790324,0.001233240401198648,1e-07,0.000773378034790324,0.001233240401198648
ID_2M59FO,0.004828845061233724,0.0055520555938824235,0.03493742830568451,0.004828845061233724,0.0055520555938824235,0.03493742830568451
ID_G6554I,0.006482771509157488,0.009037262622440256,0.04482272319365973,0.006482771509157488,0.009037262622440256,0.04482272319365973
ID_VFGUB6,0.0037891507830793594,0.00339664733902206,0.004723682160005612,0.0037891507830793594,0.00339664733902206,0.004723682160005612
ID_EWOVVA,0.004409284622200088,0.00443210387041754,0.032604730613583065,0.004409284622200088,0.00443210387041754,0.032604730613583065
ID_6O5T2L,0.00982899275179066,0.01118700218408788,0.016668975846049792,0.00982899275179066,0.01118700218408788,0.016668975846049792
ID_LUDHWT,0.009764296835262691,0.02497941619295681,0.028888458655008144,0.009764296835262691,0.02497941619295681,0.028888458655008144
ID_B478DU,1e-07,0.000773378034790324,0.001233240401198648,1e-07,0.000773378034790324,0.001233240401198648
ID_QS0A8J,0.009060353426992285,0.013985010784958672,0.02143961458195398,0.009060353426992285,0.013985010784958672,0.02143961458195398
ID_7S6FXQ,0.002162871532529504,0.003309007738361612,0.004597779232004636,0.002162871532529504,0.003309007738361612,0.004597779232004636
ID_DQ7RIZ,0.00598616485979622,0.0097268216306091,0.01092603910956288,0.00598616485979622,0.0097268216306091,0.01092603910956288
ID_O5J9TX,0.000173467264926268,0.0021728485117066642,0.003027850297094448,0.000173467264926268,0.0021728485117066642,0.003027850297094448
ID_77AITY,0.000173467264926268,0.001797646935118108,0.0011781362334972881,0.000173467264926268,0.001797646935118108,0.0011781362334972881
ID_H5F13S,0.07008470533712159,0.08969253313320547,0.13425362983112438,0.07008470533712159,0.08969253313320547,0.13425362983112438
ID_24PYQA,0.006507865518066868,0.013037291788244244,0.01951427183725974,0.006507865518066868,0.013037291788244244,0.01951427183725974
ID_SZCPIU,0.000173467264926268,0.001797646935118108,0.002293882783128232,0.000173467264926268,0.001797646935118108,0.002293882783128232
ID_S4H317,0.009573533209004092,0.02516832796233577,0.07163951409097284,0.009573533209004092,0.02516832796233577,0.07163951409097284
ID_TOELN0,0.005386397197478512,0.008023528867486775,0.015852537138251223,0.005386397197478512,0.008023528867486775,0.015852537138251223
ID_IYY83U,0.000173467264926268,0.0020651977893182,0.001650615625308152,0.000173467264926268,0.0020651977893182,0.001650615625308152
ID_5Q8NWL,0.00454565242858918,0.004687528296096216,0.003715374247062084,0.00454565242858918,0.004687528296096216,0.003715374247062084
ID_XYRK3M,0.009907146652614232,0.013225169405874959,0.05151645668938383,0.009907146652614232,0.013225169405874959,0.05151645668938383
ID_JAVEA5,0.008052242429257403,0.007546298391502784,0.00967563135982662,0.008052242429257403,0.007546298391502784,0.00967563135982662
ID_V4EGZ0,0.002196381778410644,0.003309007738361612,0.004597779232004636,0.002196381778410644,0.003309007738361612,0.004597779232004636
ID_WE46Z9,0.004438626774927652,0.0047355994041503036,0.004723682160005612,0.004438626774927652,0.0047355994041503036,0.004723682160005612
ID_B7O2ZN,0.000173467264926268,0.001797646935118108,0.002293882783128232,0.000173467264926268,0.001797646935118108,0.002293882783128232
ID_4HQTGA,0.00252312338494128,0.003247856056687364,0.004597779232004636,0.00252312338494128,0.003247856056687364,0.004597779232004636
ID_JUWVD9,0.008112393968116811,0.011533886566370284,0.03971521453200229,0.008112393968116811,0.011533886566370284,0.03971521453200229
ID_LI9Y1T,0.004409284622200088,0.00443210387041754,0.032604730613583065,0.004409284622200088,0.00443210387041754,0.032604730613583065
ID_9TYH5Y,0.000184139695337008,0.0012691328697329919,0.001992046122095984,0.000184139695337008,0.0012691328697329919,0.001992046122095984
ID_N7QCYG,0.000184139695337008,0.0009041889583013679,0.000338444861645224,0.000184139695337008,0.0009041889583013679,0.000338444861645224
ID_9PQIUL,0.000184139695337008,0.001303712052794716,0.001224123652807816,0.000184139695337008,0.001303712052794716,0.001224123652807816
ID_YUJ38B,0.004872506730858408,0.010966628473516404,0.00685372746175638,0.004872506730858408,0.010966628473516404,0.00685372746175638
ID_5VLR2G,0.000184139695337008,0.0012691328697329919,0.001992046122095984,0.000184139695337008,0.0012691328697329919,0.001992046122095984
ID_WR6L6P,0.000184139695337008,0.0012691328697329919,0.001992046122095984,0.000184139695337008,0.0012691328697329919,0.001992046122095984
ID_C4ISDT,0.00040758578892641196,0.00111351287487716,0.000380667392243464,0.00040758578892641196,0.00111351287487716,0.000380667392243464
ID_A3JPS0,0.000184139695337008,0.0012691328697329919,0.001992046122095984,0.000184139695337008,0.0012691328697329919,0.001992046122095984
ID_265JD2,0.000184139695337008,0.0012691328697329919,0.001992046122095984,0.000184139695337008,0.0012691328697329919,0.001992046122095984
ID_PAQVAY,0.00040758578892641196,0.00152062003357022,0.0017378272542196399,0.00040758578892641196,0.00152062003357022,0.0017378272542196399
ID_9BMVWJ,0.000184139695337008,0.0009041889583013679,0.000338444861645224,0.000184139695337008,0.0009041889583013679,0.000338444861645224
ID_NJ6LSY,0.000184139695337008,0.00135160818480916,0.002008731798921872,0.000184139695337008,0.00135160818480916,0.002008731798921872
ID_G9RESG,0.000184139695337008,0.00111351287487716,0.000380667392243464,0.000184139695337008,0.00111351287487716,0.000380667392243464
ID_07SK9V,0.01099049980944934,0.00440280095609386,0.001960593038479276,0.01099049980944934,0.00440280095609386,0.001960593038479276
ID_T4U0PU,0.000184139695337008,0.0012691328697329919,0.001992046122095984,0.000184139695337008,0.0012691328697329919,0.001992046122095984
ID_E0JXXI,0.001635402435679076,0.00860180165817888,0.003715374247062084,0.001635402435679076,0.00860180165817888,0.003715374247062084
ID_WMGN2O,0.000184139695337008,0.0012691328697329919,0.001992046122095984,0.000184139695337008,0.0012691328697329919,0.001992046122095984
ID_3TDLCS,0.01099049980944934,0.0044405547152575955,0.00246626294328964,0.01099049980944934,0.0044405547152575955,0.00246626294328964
ID_JLWJBX,0.013915427839977252,0.043618481149101725,0.05949105296542632,0.013915427839977252,0.043618481149101725,0.05949105296542632
ID_WGTUF3,0.00040758578892641196,0.0014784567863087,0.000907722322875812,0.00040758578892641196,0.0014784567863087,0.000907722322875812
ID_4VPY9Q,0.013062755140037859,0.004925296145395792,0.002482948620115528,0.013062755140037859,0.004925296145395792,0.002482948620115528
ID_CVIVFP,0.01099049980944934,0.004429615188101084,0.0026406572210828,0.01099049980944934,0.004429615188101084,0.0026406572210828
ID_P5FGPW,0.01099049980944934,0.0044405547152575955,0.00246626294328964,0.01099049980944934,0.0044405547152575955,0.00246626294328964
ID_OQ1KFW,0.00040758578892641196,0.0014784567863087,0.00180044000777622,0.00040758578892641196,0.0014784567863087,0.00180044000777622
ID_48633C,0.01099049980944934,0.0044405547152575955,0.00246626294328964,0.01099049980944934,0.0044405547152575955,0.00246626294328964
ID_2KMHBK,1e-07,0.0009041889583013679,0.001224123652807816,1e-07,0.0009041889583013679,0.001224123652807816
ID_QDKS15,0.000184139695337008,0.001303712052794716,0.001224123652807816,0.000184139695337008,0.001303712052794716,0.001224123652807816
ID_BCUUEB,0.000184139695337008,0.00135160818480916,0.001729793557618264,0.000184139695337008,0.00135160818480916,0.001729793557618264
ID_WRXH21,0.0020129873320010243,0.0083065115538316,0.00387553647519948,0.0020129873320010243,0.0083065115538316,0.00387553647519948
ID_PM8ZP3,0.00040758578892641196,0.0014784567863087,0.000907722322875812,0.00040758578892641196,0.0014784567863087,0.000907722322875812
ID_IIT0BK,0.000184139695337008,0.001226969622471472,0.0004818770081486319,0.000184139695337008,0.001226969622471472,0.0004818770081486319
ID_IYB7UH,0.010184877650439279,0.004178128024263856,0.002728515507767444,0.010184877650439279,0.004178128024263856,0.002728515507767444
ID_ZKHQZV,0.000184139695337008,0.00135160818480916,0.002008731798921872,0.000184139695337008,0.00135160818480916,0.002008731798921872
ID_U76OOW,0.01099049980944934,0.0044405547152575955,0.00246626294328964,0.01099049980944934,0.0044405547152575955,0.00246626294328964
ID_JPUGLB,0.00040758578892641196,0.00152062003357022,0.0017378272542196399,0.00040758578892641196,0.00152062003357022,0.0017378272542196399
ID_4JFJ04,0.004872506730858408,0.010966628473516404,0.00685372746175638,0.004872506730858408,0.010966628473516404,0.00685372746175638
ID_93FI84,0.000173467264926268,0.00080181952763804,0.000268902088773992,0.000173467264926268,0.00080181952763804,0.000268902088773992
ID_GB5XCD,0.004872506730858408,0.010966628473516404,0.00685372746175638,0.004872506730858408,0.010966628473516404,0.00685372746175638
ID_XAXYZK,0.0020129873320010243,0.0083065115538316,0.00387553647519948,0.0020129873320010243,0.0083065115538316,0.00387553647519948
ID_FPN3DK,0.000265891851527608,0.0009041889583013679,0.000338444861645224,0.000265891851527608,0.0009041889583013679,0.000338444861645224
ID_H4MCRV,0.000184139695337008,0.00135160818480916,0.002008731798921872,0.000184139695337008,0.00135160818480916,0.002008731798921872
ID_I94FEK,0.000184139695337008,0.001303712052794716,0.001224123652807816,0.000184139695337008,0.001303712052794716,0.001224123652807816
ID_UA86Y8,0.000184139695337008,0.0009041889583013679,0.000338444861645224,0.000184139695337008,0.0009041889583013679,0.000338444861645224
ID_QMO2S4,0.008669720723179024,0.004455538129826572,0.002745201184593332,0.008669720723179024,0.004455538129826572,0.002745201184593332
ID_ICLT74,0.01099049980944934,0.0047070252936638,0.002657342897908688,0.01099049980944934,0.0047070252936638,0.002657342897908688
ID_JRGWMB,1e-07,0.0009387681413630919,0.001224123652807816,1e-07,0.0009387681413630919,0.001224123652807816
ID_C1LESE,0.000265891851527608,0.0009041889583013679,0.000338444861645224,0.000265891851527608,0.0009041889583013679,0.000338444861645224
ID_LZLMVM,0.000184139695337008,0.00135160818480916,0.001729793557618264,0.000184139695337008,0.00135160818480916,0.001729793557618264
ID_EISUUM,0.000173467264926268,0.00080181952763804,0.000268902088773992,0.000173467264926268,0.00080181952763804,0.000268902088773992
ID_0EMHPX,0.000265891851527608,0.0009041889583013679,0.000338444861645224,0.000265891851527608,0.0009041889583013679,0.000338444861645224
ID_JAF898,0.01099049980944934,0.0044405547152575955,0.00246626294328964,0.01099049980944934,0.0044405547152575955,0.00246626294328964
ID_W8YZKT,0.000184139695337008,0.0012691328697329919,0.001992046122095984,0.000184139695337008,0.0012691328697329919,0.001992046122095984
ID_COJM55,0.000184139695337008,0.001303712052794716,0.001224123652807816,0.000184139695337008,0.001303712052794716,0.001224123652807816
ID_YDNMXU,0.000173467264926268,0.0014784567863087,0.000995580609560372,0.000173467264926268,0.0014784567863087,0.000995580609560372
ID_ZTWXQZ,0.014427594934551584,0.037783751640845006,0.05675243707375526,0.014427594934551584,0.037783751640845006,0.05675243707375526
ID_B0H92W,0.000184139695337008,0.0012691328697329919,0.001992046122095984,0.000184139695337008,0.0012691328697329919,0.001992046122095984
ID_QY1QFN,0.01099049980944934,0.0044405547152575955,0.00246626294328964,0.01099049980944934,0.0044405547152575955,0.00246626294328964
ID_6JXJ14,0.004872506730858408,0.010966628473516404,0.00685372746175638,0.004872506730858408,0.010966628473516404,0.00685372746175638
ID_3GS106,0.006590596387316548,0.010476792636069108,0.013000293620793595,0.006590596387316548,0.010476792636069108,0.013000293620793595
ID_0EH8TX,0.0248664378460669,0.030365566276247216,0.040798881010661835,0.0248664378460669,0.030365566276247216,0.040798881010661835
ID_M3RB3O,0.000173467264926268,0.000643728887947868,0.0008565477936464359,0.000173467264926268,0.000643728887947868,0.0008565477936464359
ID_RFLMG3,1e-07,0.0002598403899328,0.000285585553262896,1e-07,0.0002598403899328,0.000285585553262896
ID_32QUF2,0.00040758578892641196,0.0009554222351869041,0.000268902088773992,0.00040758578892641196,0.0009554222351869041,0.000268902088773992
ID_E6FA1Y,0.0675042578064279,0.0896521886354901,0.14378170765132464,0.0675042578064279,0.0896521886354901,0.14378170765132464
ID_56Z4H2,1e-07,0.000587726136419896,0.000285585553262896,1e-07,0.000587726136419896,0.000285585553262896
ID_6TP6C8,0.002677613537698772,0.004320771578042056,0.007715628516660728,0.002677613537698772,0.004320771578042056,0.007715628516660728
ID_LA2NIK,0.0021908969445271517,0.00338724479228042,0.006285315089003239,0.0021908969445271517,0.00338724479228042,0.006285315089003239
ID_B2EQV1,0.0054216710424832,0.005594169555403316,0.009616687433872428,0.0054216710424832,0.005594169555403316,0.009616687433872428
ID_A50E5P,0.000173467264926268,0.00048434029289958,0.000523675605377852,0.000173467264926268,0.00048434029289958,0.000523675605377852
ID_X96S3I,1e-07,0.0002598403899328,0.000285585553262896,1e-07,0.0002598403899328,0.000285585553262896
ID_Z5H3GL,0.39462689844537124,0.5946405808895345,0.6955045948591103,0.39462689844537124,0.5946405808895345,0.6955045948591103
ID_ADPV8R,0.000173467264926268,0.00039224172411064,0.000523675605377852,0.000173467264926268,0.00039224172411064,0.000523675605377852
ID_OWFAPX,0.006965573194678016,0.010189143213276236,0.02294419005565221,0.006965573194678016,0.010189143213276236,0.02294419005565221
ID_KSMO5R,0.000173467264926268,0.000643728887947868,0.0008565477936464359,0.000173467264926268,0.000643728887947868,0.0008565477936464359
ID_LCR0WS,0.000173467264926268,0.001008672799379576,0.001433516908903292,0.000173467264926268,0.001008672799379576,0.001433516908903292
ID_WAQDGO,0.031816118063808824,0.0367374853595445,0.029565550570310056,0.031816118063808824,0.0367374853595445,0.029565550570310056
ID_KI0ZBU,0.000173467264926268,0.000643728887947868,0.000523675605377852,0.000173467264926268,0.000643728887947868,0.000523675605377852
ID_0OJ74K,0.000173467264926268,0.00048434029289958,0.000523675605377852,0.000173467264926268,0.00048434029289958,0.000523675605377852
ID_WY97QW,0.000173467264926268,0.000643728887947868,0.001433516908903292,0.000173467264926268,0.000643728887947868,0.001433516908903292
ID_VVIE2W,1e-07,0.0002598403899328,0.000285585553262896,1e-07,0.0002598403899328,0.000285585553262896
ID_ZL5Q59,0.02683169001818629,0.04087340334746178,0.05884322375917603,0.02683169001818629,0.04087340334746178,0.05884322375917603
ID_NRFDMQ,0.4250487248037353,0.6012834210084591,0.7090540329876085,0.4250487248037353,0.6012834210084591,0.7090540329876085
ID_D5IC1O,0.000173467264926268,0.000643728887947868,0.0008565477936464359,0.000173467264926268,0.000643728887947868,0.0008565477936464359
ID_S7GFPP,0.000173467264926268,0.000643728887947868,0.000523675605377852,0.000173467264926268,0.000643728887947868,0.000523675605377852
ID_1I4R9P,0.015038539084555075,0.012460036090481083,0.028888458655008144,0.015038539084555075,0.012460036090481083,0.028888458655008144
ID_SQ5JRG,0.006403944447628984,0.009748611224747772,0.014040676027683064,0.006403944447628984,0.009748611224747772,0.014040676027683064
ID_AT9XW0,0.000173467264926268,0.000643728887947868,0.000523675605377852,0.000173467264926268,0.000643728887947868,0.000523675605377852
ID_4E0IW9,1e-07,0.000196690253419252,0.000285585553262896,1e-07,0.000196690253419252,0.000285585553262896
ID_ME2CF8,0.005490318267916396,0.012433771846115264,0.020911434433188616,0.005490318267916396,0.012433771846115264,0.020911434433188616
ID_QYEVPZ,0.04013249380659729,0.05394424977825438,0.06460471733536463,0.04013249380659729,0.05394424977825438,0.06460471733536463
ID_2FD8VB,0.000173467264926268,0.000643728887947868,0.000523675605377852,0.000173467264926268,0.000643728887947868,0.000523675605377852
ID_ZBDVJD,0.000173467264926268,0.00048434029289958,0.000268902088773992,0.000173467264926268,0.00048434029289958,0.000268902088773992
ID_ZQQ4MM,1e-07,0.0007201274705977359,0.0016769342492359359,1e-07,0.0007201274705977359,0.0016769342492359359
ID_DOM0PD,0.000173467264926268,0.0013203661466186121,0.000880992599945552,0.000173467264926268,0.0013203661466186121,0.000880992599945552
ID_ELPHXG,0.0412950457184826,0.08316495466914445,0.138005421579472,0.0412950457184826,0.08316495466914445,0.138005421579472
ID_ZJIQCI,0.0010216841022070598,0.0015663880255555641,0.001107998830580456,0.0010216841022070598,0.0015663880255555641,0.001107998830580456
ID_R0MPE2,0.03313872234962433,0.024459484020537527,0.03055334642209271,0.03313872234962433,0.024459484020537527,0.03055334642209271
ID_DZ8R48,0.004734365254215511,0.009409618029350713,0.016300957925421727,0.004734365254215511,0.009409618029350713,0.016300957925421727
ID_Y0SXCJ,0.000173467264926268,0.00039224172411064,0.000523675605377852,0.000173467264926268,0.00039224172411064,0.000523675605377852
ID_N1WC7L,0.000173467264926268,0.001008672799379576,0.001433516908903292,0.000173467264926268,0.001008672799379576,0.001433516908903292
ID_BWSAN8,0.03264232221670427,0.03775431690472492,0.05509103528253145,0.03264232221670427,0.03775431690472492,0.05509103528253145
ID_NS1BTM,0.000173467264926268,0.000643728887947868,0.0008565477936464359,0.000173467264926268,0.000643728887947868,0.0008565477936464359
ID_FN8JFA,0.00437170515900758,0.011913632422509056,0.02036244215097794,0.00437170515900758,0.011913632422509056,0.02036244215097794
ID_FQA9MM,0.000173467264926268,0.00040400644577007997,0.000523675605377852,0.000173467264926268,0.00040400644577007997,0.000523675605377852
ID_96NLJM,1e-07,0.0002598403899328,0.000285585553262896,1e-07,0.0002598403899328,0.000285585553262896
ID_PVEL7W,0.000173467264926268,0.0002598403899328,0.000285585553262896,0.000173467264926268,0.0002598403899328,0.000285585553262896
ID_XFXZM5,1e-07,0.000196690253419252,0.000285585553262896,1e-07,0.000196690253419252,0.000285585553262896
ID_UY3XZG,0.01579449209825596,0.012522234127474604,0.020911434433188616,0.01579449209825596,0.012522234127474604,0.020911434433188616
ID_PN97QK,1e-07,0.0002598403899328,8.5309045558336e-05,1e-07,0.0002598403899328,8.5309045558336e-05
ID_00DG4G,0.000173467264926268,0.000757185635542348,0.001433516908903292,0.000173467264926268,0.000757185635542348,0.001433516908903292
ID_QHQFQ7,0.000173467264926268,0.000643728887947868,0.000523675605377852,0.000173467264926268,0.000643728887947868,0.000523675605377852
ID_ATS0PR,0.000173467264926268,0.000757185635542348,0.001433516908903292,0.000173467264926268,0.000757185635542348,0.001433516908903292
ID_DSUPIN,1e-07,0.000703935071349676,0.000285585553262896,1e-07,0.000703935071349676,0.000285585553262896
ID_HWSETN,1e-07,0.000571533737171836,0.000285585553262896,1e-07,0.000571533737171836,0.000285585553262896
ID_9YPBUW,0.000173467264926268,0.000634819694579544,0.000268902088773992,0.000173467264926268,0.000634819694579544,0.000268902088773992
ID_4W9NRO,1e-07,0.000196690253419252,0.000285585553262896,1e-07,0.000196690253419252,0.000285585553262896
ID_53B01Q,1e-07,0.0002598403899328,0.000285585553262896,1e-07,0.0002598403899328,0.000285585553262896
ID_SM5ONB,1e-07,0.0002598403899328,0.000285585553262896,1e-07,0.0002598403899328,0.000285585553262896
ID_YEU9F6,0.00040758578892641196,0.0009554222351869041,0.000380667392243464,0.00040758578892641196,0.0009554222351869041,0.000380667392243464
ID_FMI1VW,0.0021908969445271517,0.00338724479228042,0.006285315089003239,0.0021908969445271517,0.00338724479228042,0.006285315089003239
ID_SWJYU2,0.003164918090253016,0.005554239973765368,0.01029099478453748,0.003164918090253016,0.005554239973765368,0.01029099478453748
ID_DJFGM4,0.000173467264926268,0.000757185635542348,0.001433516908903292,0.000173467264926268,0.000757185635542348,0.001433516908903292
ID_Q0LYKC,0.000173467264926268,0.00048434029289958,0.000268902088773992,0.000173467264926268,0.00048434029289958,0.000268902088773992
ID_UIL74V,0.25559259459504596,0.5193229838480717,0.6900898244599191,0.25559259459504596,0.5193229838480717,0.6900898244599191
ID_M0F7GN,1e-07,0.0002598403899328,0.000285585553262896,1e-07,0.0002598403899328,0.000285585553262896
ID_CKRXHI,0.00040758578892641196,0.0009554222351869041,0.000523675605377852,0.00040758578892641196,0.0009554222351869041,0.000523675605377852
ID_9LU58J,0.0054216710424832,0.005594169555403316,0.009616687433872428,0.0054216710424832,0.005594169555403316,0.009616687433872428
ID_84BF6M,0.015038539084555075,0.012460036090481083,0.028888458655008144,0.015038539084555075,0.012460036090481083,0.028888458655008144
ID_HY29Y2,0.000173467264926268,0.00048434029289958,0.000523675605377852,0.000173467264926268,0.00048434029289958,0.000523675605377852
ID_VZNNHT,1e-07,0.0002598403899328,8.5309045558336e-05,1e-07,0.0002598403899328,8.5309045558336e-05
ID_3EDRRO,1e-07,0.0002598403899328,0.000285585553262896,1e-07,0.0002598403899328,0.000285585553262896
ID_NPCZIL,1e-07,0.000571533737171836,0.000285585553262896,1e-07,0.000571533737171836,0.000285585553262896
ID_23EVXZ,1e-07,0.0002598403899328,8.5309045558336e-05,1e-07,0.0002598403899328,8.5309045558336e-05
ID_IX6FLE,1e-07,0.0002598403899328,0.000285585553262896,1e-07,0.0002598403899328,0.000285585553262896
ID_NB021D,0.000173467264926268,0.0007663652300145359,0.000268902088773992,0.000173467264926268,0.0007663652300145359,0.000268902088773992
ID_5FJ5OA,0.000173467264926268,0.000803248602683236,0.000523675605377852,0.000173467264926268,0.000803248602683236,0.000523675605377852
ID_GX7MD3,0.0054216710424832,0.005594169555403316,0.009616687433872428,0.0054216710424832,0.005594169555403316,0.009616687433872428
ID_FZ85DE,0.000173467264926268,0.000643728887947868,0.000523675605377852,0.000173467264926268,0.000643728887947868,0.000523675605377852
ID_PUMD7D,0.00832781532161128,0.013059081382382917,0.020911434433188616,0.00832781532161128,0.013059081382382917,0.020911434433188616
ID_BGDOB3,0.000173467264926268,0.00048434029289958,0.000523675605377852,0.000173467264926268,0.00048434029289958,0.000523675605377852
ID_OU67AN,0.000173467264926268,0.00048434029289958,0.000268902088773992,0.000173467264926268,0.00048434029289958,0.000268902088773992
ID_PHQYL9,0.11245539880793408,0.17170777760634814,0.23781690065423472,0.11245539880793408,0.17170777760634814,0.23781690065423472
ID_HPZYN9,0.000173467264926268,0.000587726136419896,0.000285585553262896,0.000173467264926268,0.000587726136419896,0.000285585553262896
ID_4GDBBB,0.000173467264926268,0.0002598403899328,0.000285585553262896,0.000173467264926268,0.0002598403899328,0.000285585553262896
ID_84K1H5,0.000173467264926268,0.00048434029289958,0.000268902088773992,0.000173467264926268,0.00048434029289958,0.000268902088773992
ID_MRXFS5,0.004442262707601305,0.0068831775635313725,0.012483363933629072,0.004442262707601305,0.0068831775635313725,0.012483363933629072
ID_E2DO2Y,0.000173467264926268,0.0002598403899328,0.000268902088773992,0.000173467264926268,0.0002598403899328,0.000268902088773992
ID_VSR4RJ,1e-07,0.0002598403899328,0.000285585553262896,1e-07,0.0002598403899328,0.000285585553262896
ID_JSA4H2,0.002677613537698772,0.004320771578042056,0.007715628516660728,0.002677613537698772,0.004320771578042056,0.007715628516660728
ID_YOFNV6,0.0021908969445271517,0.00338724479228042,0.006285315089003239,0.0021908969445271517,0.00338724479228042,0.006285315089003239
ID_JBIQNN,1e-07,0.0002598403899328,8.5309045558336e-05,1e-07,0.0002598403899328,8.5309045558336e-05
ID_7R5UUT,0.000173467264926268,0.000643728887947868,0.000523675605377852,0.000173467264926268,0.000643728887947868,0.000523675605377852
ID_9EL678,0.000173467264926268,0.0002598403899328,0.000285585553262896,0.000173467264926268,0.0002598403899328,0.000285585553262896
ID_GJJRW7,0.002677613537698772,0.004320771578042056,0.007715628516660728,0.002677613537698772,0.004320771578042056,0.007715628516660728
ID_JLHKHD,0.000173467264926268,0.0002598403899328,0.000285585553262896,0.000173467264926268,0.0002598403899328,0.000285585553262896
ID_C42QFG,1e-07,0.000196690253419252,0.000285585553262896,1e-07,0.000196690253419252,0.000285585553262896
ID_RV5C5N,0.006507865518066868,0.010095615749096452,0.01434975002235692,0.006507865518066868,0.010095615749096452,0.01434975002235692
ID_Q80MZT,0.000173467264926268,0.000643728887947868,0.000268902088773992,0.000173467264926268,0.000643728887947868,0.000268902088773992
ID_NFFUEW,0.000173467264926268,0.000634819694579544,0.000523675605377852,0.000173467264926268,0.000634819694579544,0.000523675605377852
ID_9EHPRT,0.006403944447628984,0.0073651991060294,0.014148251700713644,0.006403944447628984,0.0073651991060294,0.014148251700713644
ID_CJ57AV,0.000173467264926268,0.001582580424803624,0.0020270451003983002,0.000173467264926268,0.001582580424803624,0.0020270451003983002
ID_CSCQO1,0.0021908969445271517,0.00338724479228042,0.006285315089003239,0.0021908969445271517,0.00338724479228042,0.006285315089003239
ID_AQEEKF,1e-07,0.0002598403899328,0.000285585553262896,1e-07,0.0002598403899328,0.000285585553262896
ID_ZNHRMQ,0.0054216710424832,0.005594169555403316,0.009616687433872428,0.0054216710424832,0.005594169555403316,0.009616687433872428
ID_1FXKVY,0.000173467264926268,0.000757185635542348,0.001433516908903292,0.000173467264926268,0.000757185635542348,0.001433516908903292
ID_T764ZJ,0.000173467264926268,0.000643728887947868,0.000523675605377852,0.000173467264926268,0.000643728887947868,0.000523675605377852
ID_HVY7YF,0.000173467264926268,0.001008672799379576,0.001433516908903292,0.000173467264926268,0.001008672799379576,0.001433516908903292
ID_G2O1VD,0.005490318267916396,0.012433771846115264,0.020911434433188616,0.005490318267916396,0.012433771846115264,0.020911434433188616
ID_13W4SF,0.000173467264926268,0.0009554222351869041,0.000523675605377852,0.000173467264926268,0.0009554222351869041,0.000523675605377852
ID_GVDCKX,0.009345362571761752,0.014134267318053015,0.02293798275005378,0.009345362571761752,0.014134267318053015,0.02293798275005378
ID_R387QV,0.0248664378460669,0.030365566276247216,0.040798881010661835,0.0248664378460669,0.030365566276247216,0.040798881010661835
ID_4GSCPU,0.02194569208231511,0.024521682057530962,0.028888458655008144,0.02194569208231511,0.024521682057530962,0.028888458655008144
ID_3O3YPS,0.000173467264926268,0.00048434029289958,0.000523675605377852,0.000173467264926268,0.00048434029289958,0.000523675605377852
ID_3U5QW2,0.00040758578892641196,0.0009554222351869041,0.0008565477936464359,0.00040758578892641196,0.0009554222351869041,0.0008565477936464359
ID_11E3S7,0.001296614596507028,0.0035588470947593796,0.007392687395635688,0.001296614596507028,0.0035588470947593796,0.007392687395635688
ID_V1QRWL,1e-07,0.000703935071349676,0.000285585553262896,1e-07,0.000703935071349676,0.000285585553262896
ID_B7Q4VT,0.0054216710424832,0.005594169555403316,0.009616687433872428,0.0054216710424832,0.005594169555403316,0.009616687433872428
ID_W7FAS9,0.000173467264926268,0.000643728887947868,0.001433516908903292,0.000173467264926268,0.000643728887947868,0.001433516908903292
ID_FM47N0,0.000173467264926268,0.0009554222351869041,0.000523675605377852,0.000173467264926268,0.0009554222351869041,0.000523675605377852
ID_96L2OE,0.004546183778039187,0.00870820780291371,0.016300957925421727,0.004546183778039187,0.00870820780291371,0.016300957925421727
ID_Q18J6B,0.000173467264926268,0.0002598403899328,0.000268902088773992,0.000173467264926268,0.0002598403899328,0.000268902088773992
ID_J2ZRX7,0.03225910078547037,0.037656990501784594,0.029256476575636285,0.03225910078547037,0.037656990501784594,0.029256476575636285
ID_9F8TC3,0.000173467264926268,0.000643728887947868,0.000523675605377852,0.000173467264926268,0.000643728887947868,0.000523675605377852
ID_V6NJBP,0.21270024463309664,0.37823850565400247,0.407955102427633,0.21270024463309664,0.37823850565400247,0.407955102427633
ID_3FWH6E,0.03545206641179986,0.04132554532393361,0.0719824347171228,0.03545206641179986,0.04132554532393361,0.0719824347171228
ID_5B2N7E,0.0036816155419513597,0.006649450962690248,0.006480148794696128,0.0036816155419513597,0.006649450962690248,0.006480148794696128
ID_BRL39M,0.006507865518066868,0.013444050955362049,0.031867151718157016,0.006507865518066868,0.013444050955362049,0.031867151718157016
ID_NQZ2IX,0.004906435630451064,0.009308072983465088,0.010024946558528085,0.004906435630451064,0.009308072983465088,0.010024946558528085
ID_8XUQIK,0.004906435630451064,0.009308072983465088,0.010024946558528085,0.004906435630451064,0.009308072983465088,0.010024946558528085
ID_Y0ZP9O,0.006926258491608616,0.02545529320864092,0.04789594748835243,0.006926258491608616,0.02545529320864092,0.04789594748835243
ID_Y8YPKV,0.00480251456001318,0.009308072983465088,0.009147451211061176,0.00480251456001318,0.009308072983465088,0.009147451211061176
ID_OTZY1M,0.01162278544433926,0.04969948616328122,0.05885875418003222,0.01162278544433926,0.04969948616328122,0.05885875418003222
ID_8659PM,0.004906435630451064,0.009308072983465088,0.010024946558528085,0.004906435630451064,0.009308072983465088,0.010024946558528085
ID_9B318X,0.02904763338399193,0.05894307826531567,0.08739931403891257,0.02904763338399193,0.05894307826531567,0.08739931403891257
ID_UYJIY1,0.00480251456001318,0.009308072983465088,0.009147451211061176,0.00480251456001318,0.009308072983465088,0.009147451211061176
ID_FX76KI,0.020723709991274278,0.014711195959224908,0.04985391484312805,0.020723709991274278,0.014711195959224908,0.04985391484312805
ID_3VPHDX,0.00480251456001318,0.009308072983465088,0.009147451211061176,0.00480251456001318,0.009308072983465088,0.009147451211061176
ID_8MS13L,0.005195740635303564,0.009109872972612324,0.009718521280492855,0.005195740635303564,0.009109872972612324,0.009718521280492855
ID_1Q5P6G,0.006926258491608616,0.02545529320864092,0.04789594748835243,0.006926258491608616,0.02545529320864092,0.04789594748835243
ID_9UO8QX,0.004906435630451064,0.009308072983465088,0.010024946558528085,0.004906435630451064,0.009308072983465088,0.010024946558528085
ID_VKJX7X,0.004906435630451064,0.01106881502691776,0.016770194148232893,0.004906435630451064,0.01106881502691776,0.016770194148232893
ID_OAYA7A,0.0008850274452693641,0.0024841590236449117,0.002553310622948524,0.0008850274452693641,0.0024841590236449117,0.002553310622948524
ID_GAMP7V,0.000184139695337008,0.0007201274705977359,0.000338444861645224,0.000184139695337008,0.0007201274705977359,0.000338444861645224
ID_4NRMAU,0.000184139695337008,0.0007622907178592559,0.000338444861645224,0.000184139695337008,0.0007622907178592559,0.000338444861645224
ID_AKBWMP,0.00040758578892641196,0.00139166310834218,0.001754512931045528,0.00040758578892641196,0.00139166310834218,0.001754512931045528
ID_FWYKU6,0.0008850274452693641,0.0024841590236449117,0.002553310622948524,0.0008850274452693641,0.0024841590236449117,0.002553310622948524
ID_7M6M1B,0.0029876086371162162,0.004979634912255504,0.006480148794696128,0.0029876086371162162,0.004979634912255504,0.006480148794696128
ID_3H1L7F,0.004120169660912096,0.004802942325919339,0.009383148756319569,0.004120169660912096,0.004802942325919339,0.009383148756319569
ID_N8FIH8,1e-07,0.000173228401258036,8.5309045558336e-05,1e-07,0.000173228401258036,8.5309045558336e-05
ID_GBJJLZ,1e-07,0.0007622907178592559,0.000338444861645224,1e-07,0.0007622907178592559,0.000338444861645224
ID_T86IHF,0.0008850274452693641,0.0024841590236449117,0.002553310622948524,0.0008850274452693641,0.0024841590236449117,0.002553310622948524
ID_JF3WUN,0.016281906688445195,0.018264528981407648,0.04842060567017181,0.016281906688445195,0.018264528981407648,0.04842060567017181
ID_49KF1T,0.010011067723052117,0.009861355330292412,0.014011448620798774,0.010011067723052117,0.009861355330292412,0.014011448620798774
ID_S79H7Y,0.00040758578892641196,0.00139166310834218,0.001754512931045528,0.00040758578892641196,0.00139166310834218,0.001754512931045528
ID_QIOC3U,1e-07,0.00027603278918094396,0.000380667392243464,1e-07,0.00027603278918094396,0.000380667392243464
ID_Y4WX50,0.007114999102826435,0.006580265288099836,0.014084098174105615,0.007114999102826435,0.006580265288099836,0.014084098174105615
ID_GUDWDW,1e-07,0.0007622907178592559,0.000338444861645224,1e-07,0.0007622907178592559,0.000338444861645224
ID_5HUIA4,0.0008850274452693641,0.0024841590236449117,0.002553310622948524,0.0008850274452693641,0.0024841590236449117,0.002553310622948524
ID_9M4UJW,0.003164918090253016,0.004979634912255504,0.0061908512848976,0.003164918090253016,0.004979634912255504,0.0061908512848976
ID_C1UEMJ,0.000184139695337008,0.000629889383681416,0.000338444861645224,0.000184139695337008,0.000629889383681416,0.000338444861645224
ID_QGS2MR,0.000184139695337008,0.0007201274705977359,0.000338444861645224,0.000184139695337008,0.0007201274705977359,0.000338444861645224
ID_067XPD,0.010011067723052117,0.009861355330292412,0.014011448620798774,0.010011067723052117,0.009861355330292412,0.014011448620798774
ID_PV8C8G,0.0029876086371162162,0.004979634912255504,0.006480148794696128,0.0029876086371162162,0.004979634912255504,0.006480148794696128
ID_7SZVJ7,0.000184139695337008,0.0007201274705977359,0.000338444861645224,0.000184139695337008,0.0007201274705977359,0.000338444861645224
ID_939CFS,0.02357930846451495,0.028215046534931322,0.030865899869426113,0.02357930846451495,0.028215046534931322,0.030865899869426113
ID_4YX26C,1e-07,0.0007622907178592559,0.000338444861645224,1e-07,0.0007622907178592559,0.000338444861645224
ID_CG4YWK,0.0008850274452693641,0.0024841590236449117,0.002553310622948524,0.0008850274452693641,0.0024841590236449117,0.002553310622948524
ID_U2O9AQ,0.0008850274452693641,0.0024841590236449117,0.002553310622948524,0.0008850274452693641,0.0024841590236449117,0.002553310622948524
ID_W0SUD4,0.000265891851527608,0.0006344010714875799,8.5309045558336e-05,0.000265891851527608,0.0006344010714875799,8.5309045558336e-05
ID_1809CE,0.0008850274452693641,0.0024841590236449117,0.002553310622948524,0.0008850274452693641,0.0024841590236449117,0.002553310622948524
ID_T37IC9,1e-07,0.000173228401258036,8.5309045558336e-05,1e-07,0.000173228401258036,8.5309045558336e-05
ID_APZ0D7,0.005609852518659424,0.004247257825957136,0.0068579419064383074,0.005609852518659424,0.004247257825957136,0.0068579419064383074
ID_K8IR50,0.0029876086371162162,0.004979634912255504,0.006480148794696128,0.0029876086371162162,0.004979634912255504,0.006480148794696128
ID_7VXCAN,0.0008850274452693641,0.0024841590236449117,0.002553310622948524,0.0008850274452693641,0.0024841590236449117,0.002553310622948524
ID_N4P9RV,0.0029876086371162162,0.004979634912255504,0.006480148794696128,0.0029876086371162162,0.004979634912255504,0.006480148794696128
ID_S83N82,1e-07,0.000173228401258036,8.5309045558336e-05,1e-07,0.000173228401258036,8.5309045558336e-05
ID_YEBE3L,1e-07,0.0007622907178592559,0.000338444861645224,1e-07,0.0007622907178592559,0.000338444861645224
ID_5TTIUV,0.0008850274452693641,0.0024841590236449117,0.002553310622948524,0.0008850274452693641,0.0024841590236449117,0.002553310622948524
ID_OKQE5S,0.0008850274452693641,0.0024841590236449117,0.002553310622948524,0.0008850274452693641,0.0024841590236449117,0.002553310622948524
ID_ZEJRSI,0.0029876086371162162,0.004979634912255504,0.006480148794696128,0.0029876086371162162,0.004979634912255504,0.006480148794696128
ID_EDHCWN,0.0008850274452693641,0.0024841590236449117,0.002553310622948524,0.0008850274452693641,0.0024841590236449117,0.002553310622948524
ID_4YRJRP,0.006403944447628984,0.007348817517648868,0.010033692400868807,0.006403944447628984,0.007348817517648868,0.010033692400868807
ID_GCHBYB,0.003164918090253016,0.004979634912255504,0.0061908512848976,0.003164918090253016,0.004979634912255504,0.0061908512848976
ID_5H4T9K,0.0008850274452693641,0.0024841590236449117,0.002553310622948524,0.0008850274452693641,0.0024841590236449117,0.002553310622948524
ID_OECX6J,0.08985275760166557,0.13768791381026965,0.21577684382422885,0.08985275760166557,0.13768791381026965,0.21577684382422885
ID_CADS1W,0.0033525433879926037,0.005548297387478432,0.009984705354500491,0.0033525433879926037,0.005548297387478432,0.009984705354500491
ID_1G89F8,0.000184139695337008,0.000617323082674828,0.0006622781608151081,0.000184139695337008,0.000617323082674828,0.0006622781608151081
ID_BFB0U7,0.004205930637129084,0.005321390597760236,0.009088144201124491,0.004205930637129084,0.005321390597760236,0.009088144201124491
ID_ZM7Y7C,0.0029876086371162162,0.004979634912255504,0.006480148794696128,0.0029876086371162162,0.004979634912255504,0.006480148794696128
ID_ERMOCP,1e-07,0.0007622907178592559,0.000338444861645224,1e-07,0.0007622907178592559,0.000338444861645224
ID_7048GU,0.000184139695337008,0.0007201274705977359,0.000338444861645224,0.000184139695337008,0.0007201274705977359,0.000338444861645224
ID_5WR4NG,0.000184139695337008,0.0007201274705977359,0.000338444861645224,0.000184139695337008,0.0007201274705977359,0.000338444861645224
ID_OE94T8,0.000184139695337008,0.0007622907178592559,0.000338444861645224,0.000184139695337008,0.0007622907178592559,0.000338444861645224
ID_1OCPON,1e-07,0.0007622907178592559,0.000338444861645224,1e-07,0.0007622907178592559,0.000338444861645224
ID_SPM4A3,0.001970222606386112,0.0026142014450190277,0.00387553647519948,0.001970222606386112,0.0026142014450190277,0.00387553647519948
ID_69O2FI,0.001105921116892544,0.0030906455894720523,0.003625866121009232,0.001105921116892544,0.0030906455894720523,0.003625866121009232
ID_9XLCIQ,0.04002811663629043,0.033026461390050985,0.10452386748210157,0.04002811663629043,0.033026461390050985,0.10452386748210157
ID_INOMV4,0.0008850274452693641,0.0024841590236449117,0.002553310622948524,0.0008850274452693641,0.0024841590236449117,0.002553310622948524
ID_IVW5DG,0.0008850274452693641,0.0024841590236449117,0.002553310622948524,0.0008850274452693641,0.0024841590236449117,0.002553310622948524
ID_REKYSY,0.000184139695337008,0.0007201274705977359,0.000380667392243464,0.000184139695337008,0.0007201274705977359,0.000380667392243464
ID_RGZEPZ,0.003164918090253016,0.004979634912255504,0.0061908512848976,0.003164918090253016,0.004979634912255504,0.0061908512848976
ID_Q032KX,0.003164918090253016,0.004979634912255504,0.0061908512848976,0.003164918090253016,0.004979634912255504,0.0061908512848976
ID_SX073G,0.001970222606386112,0.0026142014450190277,0.00387553647519948,0.001970222606386112,0.0026142014450190277,0.00387553647519948
ID_VW2JS1,0.006403944447628984,0.007348817517648868,0.010033692400868807,0.006403944447628984,0.007348817517648868,0.010033692400868807
ID_QTFJH6,1e-07,0.0007622907178592559,0.001160858138962784,1e-07,0.0007622907178592559,0.001160858138962784
ID_SJUA3M,0.005609852518659424,0.004247257825957136,0.0068579419064383074,0.005609852518659424,0.004247257825957136,0.0068579419064383074
ID_WRGV5B,0.004120169660912096,0.004802942325919339,0.009383148756319569,0.004120169660912096,0.004802942325919339,0.009383148756319569
ID_TF0ZBP,0.0008850274452693641,0.0024841590236449117,0.002553310622948524,0.0008850274452693641,0.0024841590236449117,0.002553310622948524
ID_XY4R47,0.0008850274452693641,0.0024841590236449117,0.002553310622948524,0.0008850274452693641,0.0024841590236449117,0.002553310622948524
ID_TC20Z8,0.0008850274452693641,0.0024841590236449117,0.002553310622948524,0.0008850274452693641,0.0024841590236449117,0.002553310622948524
ID_5LZHSA,0.0008850274452693641,0.0024841590236449117,0.002553310622948524,0.0008850274452693641,0.0024841590236449117,0.002553310622948524
ID_P33RH4,0.000184139695337008,0.0007622907178592559,0.000338444861645224,0.000184139695337008,0.0007622907178592559,0.000338444861645224
ID_X0U2Z7,0.00040758578892641196,0.000971614634434964,0.000573795158141944,0.00040758578892641196,0.000971614634434964,0.000573795158141944
ID_HNASKY,0.000926918466697196,0.002065263375252968,0.002079093801754868,0.000926918466697196,0.002065263375252968,0.002079093801754868
ID_E9746A,0.02357930846451495,0.025129578083078676,0.030865899869426113,0.02357930846451495,0.025129578083078676,0.030865899869426113
ID_KOOJEU,0.001510885553873564,0.0028488883571585397,0.003786028349146628,0.001510885553873564,0.0028488883571585397,0.003786028349146628
ID_NZDB2W,1e-07,0.000305629735435792,8.5309045558336e-05,1e-07,0.000305629735435792,8.5309045558336e-05
ID_N8B9Y0,0.003271865371998476,0.00338724479228042,0.004520796501112548,0.003271865371998476,0.00338724479228042,0.004520796501112548
ID_IGRKAA,0.000184139695337008,0.000305629735435792,0.000268902088773992,0.000184139695337008,0.000305629735435792,0.000268902088773992
ID_31FOC7,0.006469726602798192,0.023845731894113972,0.04734695520614167,0.006469726602798192,0.023845731894113972,0.04734695520614167
ID_XYJNSM,0.000173467264926268,0.000173228401258036,8.5309045558336e-05,0.000173467264926268,0.000173228401258036,8.5309045558336e-05
ID_QT459C,0.000265891851527608,0.0007201274705977359,0.000338444861645224,0.000265891851527608,0.0007201274705977359,0.000338444861645224
ID_9HL60U,0.003164918090253016,0.004979634912255504,0.0061908512848976,0.003164918090253016,0.004979634912255504,0.0061908512848976
ID_J8S3V7,0.0008850274452693641,0.0024841590236449117,0.002553310622948524,0.0008850274452693641,0.0024841590236449117,0.002553310622948524
ID_FC0BNP,0.0008850274452693641,0.0024841590236449117,0.002553310622948524,0.0008850274452693641,0.0024841590236449117,0.002553310622948524
ID_VDKYTG,0.00231405076900002,0.003123355464821976,0.00387553647519948,0.00231405076900002,0.003123355464821976,0.00387553647519948
ID_0LGOS8,0.011287123340047193,0.015009213564177061,0.024251350421098057,0.011287123340047193,0.015009213564177061,0.024251350421098057
ID_GMWQ34,0.000511583429794724,0.0015773473690126759,0.002008731798921872,0.000511583429794724,0.0015773473690126759,0.002008731798921872
ID_BHJIUD,0.0029876086371162162,0.004979634912255504,0.006480148794696128,0.0029876086371162162,0.004979634912255504,0.006480148794696128
ID_25WW3Q,1e-07,0.000839213300257124,0.000380667392243464,1e-07,0.000839213300257124,0.000380667392243464
ID_B1Q34R,0.0006434767478494719,0.0017715700855747,0.002482948620115528,0.0006434767478494719,0.0017715700855747,0.002482948620115528
ID_DAM5SV,0.0029876086371162162,0.004979634912255504,0.006480148794696128,0.0029876086371162162,0.004979634912255504,0.006480148794696128
ID_QFVKE8,0.000184139695337008,0.000305629735435792,0.000268902088773992,0.000184139695337008,0.000305629735435792,0.000268902088773992
ID_AAG1MX,0.0008850274452693641,0.0024841590236449117,0.002553310622948524,0.0008850274452693641,0.0024841590236449117,0.002553310622948524
ID_2T39AV,0.004120169660912096,0.004802942325919339,0.009383148756319569,0.004120169660912096,0.004802942325919339,0.009383148756319569
ID_GLHVNV,0.00040758578892641196,0.000617323082674828,0.000268902088773992,0.00040758578892641196,0.000617323082674828,0.000268902088773992
ID_EL46XL,0.0008850274452693641,0.0024841590236449117,0.002553310622948524,0.0008850274452693641,0.0024841590236449117,0.002553310622948524
ID_B1092H,0.001024168960701944,0.002376975459011836,0.003625866121009232,0.001024168960701944,0.002376975459011836,0.003625866121009232
ID_5B1HJQ,1e-07,0.0007622907178592559,0.000338444861645224,1e-07,0.0007622907178592559,0.000338444861645224
ID_7L4RV1,0.000686241473464384,0.0018178771271444678,0.004205047931468912,0.000686241473464384,0.0018178771271444678,0.004205047931468912
ID_ZW88Z7,0.000686241473464384,0.0018178771271444678,0.004205047931468912,0.000686241473464384,0.0018178771271444678,0.004205047931468912
ID_44FN7K,0.000184139695337008,0.002276695615557176,0.004205047931468912,0.000184139695337008,0.002276695615557176,0.004205047931468912
ID_R69I7Q,0.000686241473464384,0.0018178771271444678,0.004205047931468912,0.000686241473464384,0.0018178771271444678,0.004205047931468912
ID_K2KN9C,0.000686241473464384,0.0018178771271444678,0.004205047931468912,0.000686241473464384,0.0018178771271444678,0.004205047931468912
ID_UNAGCI,0.000686241473464384,0.0018178771271444678,0.004205047931468912,0.000686241473464384,0.0018178771271444678,0.004205047931468912
ID_GU9R9I,0.000184139695337008,0.00171521175509582,0.004039770402066668,0.000184139695337008,0.00171521175509582,0.004039770402066668
ID_33BHML,0.000184139695337008,0.002025208451719948,0.004205047931468912,0.000184139695337008,0.002025208451719948,0.004205047931468912
ID_XZY72G,0.000184139695337008,0.002025208451719948,0.004205047931468912,0.000184139695337008,0.002025208451719948,0.004205047931468912
ID_0L0GWJ,0.000686241473464384,0.0018178771271444678,0.004205047931468912,0.000686241473464384,0.0018178771271444678,0.004205047931468912
ID_SPT5AC,0.000686241473464384,0.0018178771271444678,0.004205047931468912,0.000686241473464384,0.0018178771271444678,0.004205047931468912
ID_CQOYXN,0.000686241473464384,0.0018178771271444678,0.004205047931468912,0.000686241473464384,0.0018178771271444678,0.004205047931468912
ID_GPUXEY,0.000184139695337008,0.002025208451719948,0.004205047931468912,0.000184139695337008,0.002025208451719948,0.004205047931468912
ID_7A0TY4,0.0013508676791621319,0.002242116432495452,0.004205047931468912,0.0013508676791621319,0.002242116432495452,0.004205047931468912
ID_1TKH7D,0.000308656577142436,0.002025208451719948,0.004205047931468912,0.000308656577142436,0.002025208451719948,0.004205047931468912
ID_FTQ35Z,0.000184139695337008,0.002025208451719948,0.004205047931468912,0.000184139695337008,0.002025208451719948,0.004205047931468912
ID_BF07MI,0.000308656577142436,0.002025208451719948,0.004205047931468912,0.000308656577142436,0.002025208451719948,0.004205047931468912
ID_97RNJ4,0.0013508676791621319,0.002242116432495452,0.004205047931468912,0.0013508676791621319,0.002242116432495452,0.004205047931468912
ID_3JGGNS,0.000686241473464384,0.0018178771271444678,0.004205047931468912,0.000686241473464384,0.0018178771271444678,0.004205047931468912
ID_Y9Y5X5,0.000686241473464384,0.0018178771271444678,0.004205047931468912,0.000686241473464384,0.0018178771271444678,0.004205047931468912
ID_XW71QT,0.000686241473464384,0.0018178771271444678,0.004205047931468912,0.000686241473464384,0.0018178771271444678,0.004205047931468912
ID_BVVDWU,0.0013508676791621319,0.002700030245644792,0.004520796501112548,0.0013508676791621319,0.002700030245644792,0.004520796501112548
ID_B2X1DI,0.000184139695337008,0.002276695615557176,0.004205047931468912,0.000184139695337008,0.002276695615557176,0.004205047931468912
ID_9PU0VA,0.000265891851527608,0.001568516165584748,0.004134685928636,0.000265891851527608,0.001568516165584748,0.004134685928636
ID_SMOQZM,0.0013508676791621319,0.002242116432495452,0.004205047931468912,0.0013508676791621319,0.002242116432495452,0.004205047931468912
ID_88ZTCU,0.000184139695337008,0.002025208451719948,0.004205047931468912,0.000184139695337008,0.002025208451719948,0.004205047931468912
ID_U6WG86,0.000173467264926268,0.00177237479726018,0.003969408399233588,0.000173467264926268,0.00177237479726018,0.003969408399233588
ID_4H45P3,0.000686241473464384,0.0018178771271444678,0.004205047931468912,0.000686241473464384,0.0018178771271444678,0.004205047931468912
ID_6WFJ2Y,0.000686241473464384,0.0018178771271444678,0.004205047931468912,0.000686241473464384,0.0018178771271444678,0.004205047931468912
ID_K3QT3V,0.033227392129859694,0.12942619753896017,0.10793820393713027,0.033227392129859694,0.12942619753896017,0.10793820393713027
ID_PZ4KLY,0.009345362571761752,0.012619984709643088,0.014941921496660664,0.009345362571761752,0.012619984709643088,0.014941921496660664
ID_Z7GKAM,0.046788179089605336,0.08857760333572867,0.03843233488278624,0.046788179089605336,0.08857760333572867,0.03843233488278624
ID_V6CFFQ,0.003505958150434816,0.005179682850291116,0.005801218524924912,0.003505958150434816,0.005179682850291116,0.005801218524924912
ID_EQJPUR,0.03027594657333955,0.09484208945470064,0.13624957033351975,0.03027594657333955,0.09484208945470064,0.13624957033351975
ID_IQCCG4,0.005662388644151847,0.008844523785111988,0.009873530172731413,0.005662388644151847,0.008844523785111988,0.009873530172731413
ID_HK96CL,0.023545817351292707,0.03818384248577673,0.02680680504287594,0.023545817351292707,0.03818384248577673,0.02680680504287594
ID_W551QM,0.03342665250276458,0.0663691024382929,0.05342330017741168,0.03342665250276458,0.0663691024382929,0.05342330017741168
ID_HTULB2,0.05228924883374789,0.12590212940543483,0.10208840780495733,0.05228924883374789,0.12590212940543483,0.10208840780495733
ID_FPAEGW,0.025904592151612855,0.03375646452064609,0.02795476312279599,0.025904592151612855,0.03375646452064609,0.02795476312279599
ID_USIVPK,0.013026741657897405,0.0300316571270556,0.02826383711746984,0.013026741657897405,0.0300316571270556,0.02826383711746984
ID_GV4GIF,0.010085323533764635,0.01601794720347829,0.00877092657004114,0.010085323533764635,0.01601794720347829,0.00877092657004114
ID_0CTOW2,0.03383463630632818,0.037663414762120255,0.026966967271013238,0.03383463630632818,0.037663414762120255,0.026966967271013238
ID_05TMIM,0.05228924883374789,0.12590212940543483,0.10208840780495733,0.05228924883374789,0.12590212940543483,0.10208840780495733
ID_J0T940,0.6100754356528438,0.7727329742006874,0.7297063215156943,0.6100754356528438,0.7727329742006874,0.7297063215156943
ID_H3YES4,0.019653901848904056,0.04034842832757576,0.041555182245832586,0.019653901848904056,0.04034842832757576,0.041555182245832586
ID_KPTHEC,0.019653901848904056,0.04034842832757576,0.041555182245832586,0.019653901848904056,0.04034842832757576,0.041555182245832586
ID_EKJDOM,0.009811290543257488,0.026005969247180214,0.031578889051325776,0.009811290543257488,0.026005969247180214,0.031578889051325776
ID_XEHOXQ,1e-07,0.000563187818535272,0.000380667392243464,1e-07,0.000563187818535272,0.000380667392243464
ID_QXDDYU,1e-07,0.000563187818535272,0.000380667392243464,1e-07,0.000563187818535272,0.000380667392243464
ID_4A2QA2,0.019653901848904056,0.04034842832757576,0.041555182245832586,0.019653901848904056,0.04034842832757576,0.041555182245832586
ID_2IQTJO,0.015784066333721185,0.02070424888496307,0.030086377023129156,0.015784066333721185,0.02070424888496307,0.030086377023129156
ID_YZ9922,1e-07,0.0006756787291844079,0.0009154139769021639,1e-07,0.0006756787291844079,0.0009154139769021639
ID_FCWH1E,0.02243102616144315,0.020117675837790727,0.02360186482950626,0.02243102616144315,0.020117675837790727,0.02360186482950626
ID_SC21VU,0.005609852518659424,0.008560973812528079,0.011103506608850552,0.005609852518659424,0.008560973812528079,0.011103506608850552
ID_GOXV1Z,1e-07,0.00038106337075804,0.000338444861645224,1e-07,0.00038106337075804,0.000338444861645224
ID_52ZE81,0.615104433368292,0.7836415381238879,0.9175009921732912,0.615104433368292,0.7836415381238879,0.9175009921732912
ID_TDZYO5,0.14268701977182133,0.23334668924218607,0.26810046488432104,0.14268701977182133,0.23334668924218607,0.26810046488432104
ID_33W80K,0.16822220338141022,0.19204489147557646,0.20701160119711676,0.16822220338141022,0.19204489147557646,0.20701160119711676
ID_3MMPJG,0.022211649357799904,0.03499483389192829,0.0878012744614028,0.022211649357799904,0.03499483389192829,0.0878012744614028
ID_FJF1VV,0.00040758578892641196,0.001061674013710928,0.0015892354016432,0.00040758578892641196,0.001061674013710928,0.0015892354016432
ID_FSHJRR,0.000173467264926268,0.000676783847546536,0.000573795158141944,0.000173467264926268,0.000676783847546536,0.000573795158141944
ID_3ZRYR8,0.028916717166792623,0.031158882136511846,0.0290985811713464,0.028916717166792623,0.031158882136511846,0.0290985811713464
ID_ITFJ7K,0.016038866673077173,0.022415053151700014,0.030086377023129156,0.016038866673077173,0.022415053151700014,0.030086377023129156
ID_Q0OHFE,0.031551638893634285,0.049118545483843895,0.11262611562997589,0.031551638893634285,0.049118545483843895,0.11262611562997589
ID_8WDSXP,0.030581603214203532,0.08947377682291284,0.175237881539765,0.030581603214203532,0.08947377682291284,0.175237881539765
ID_LBTY56,0.3287523066900613,0.33848484962216985,0.48741892936517817,0.3287523066900613,0.33848484962216985,0.48741892936517817
ID_LEDDTJ,0.011108259423477543,0.01971001480026997,0.023473929819386282,0.011108259423477543,0.01971001480026997,0.023473929819386282
ID_GAJC6C,0.03613709033914992,0.038440276870406576,0.041598475050105714,0.03613709033914992,0.038440276870406576,0.041598475050105714
ID_ELD3MH,0.08688938003646283,0.13413697159250448,0.11048217659797133,0.08688938003646283,0.13413697159250448,0.11048217659797133
ID_N9VEKC,0.00040758578892641196,0.001061674013710928,0.0015892354016432,0.00040758578892641196,0.001061674013710928,0.0015892354016432
ID_F0JB3Y,0.01466200042598285,0.017160947750359888,0.024361672710272505,0.01466200042598285,0.017160947750359888,0.024361672710272505
ID_BD1I07,0.008763234982942411,0.007294427802593836,0.013651432110004393,0.008763234982942411,0.007294427802593836,0.013651432110004393
ID_PK36UB,0.04561646461172525,0.09025312072824088,0.2126154260990301,0.04561646461172525,0.09025312072824088,0.2126154260990301
ID_Z6LO2B,1e-07,0.000248662036580284,0.000338444861645224,1e-07,0.000248662036580284,0.000338444861645224
ID_ZHUK1S,0.012379072695372636,0.01974553253559812,0.023922869140700513,0.012379072695372636,0.01974553253559812,0.023922869140700513
ID_T27921,0.5939421343040933,0.7885749691187951,0.9435680511005683,0.5939421343040933,0.7885749691187951,0.9435680511005683
ID_JGR6AQ,0.025095678925243625,0.024315874768331257,0.030086377023129156,0.025095678925243625,0.024315874768331257,0.030086377023129156
ID_L33I7Q,0.019541764831758575,0.02208984331052686,0.030734721422545498,0.019541764831758575,0.02208984331052686,0.030734721422545498
ID_SDE2W4,0.2683528448519032,0.39746770385598906,0.46343461629097454,0.2683528448519032,0.39746770385598906,0.46343461629097454
ID_7RLPJ7,1e-07,0.00039475891043158,0.000380667392243464,1e-07,0.00039475891043158,0.000380667392243464
ID_CVY7G5,0.025095678925243625,0.024315874768331257,0.030086377023129156,0.025095678925243625,0.024315874768331257,0.030086377023129156
ID_P6R9KZ,0.017841612416444337,0.028018113852203808,0.03092615400988489,0.017841612416444337,0.028018113852203808,0.03092615400988489
ID_T5EPM7,0.020341673326380327,0.044525715264164545,0.04954957080514226,0.020341673326380327,0.044525715264164545,0.04954957080514226
ID_4POEBX,0.011617856227196056,0.01912403025013804,0.023922869140700513,0.011617856227196056,0.01912403025013804,0.023922869140700513
ID_0H3T5P,0.14160775821825505,0.19225467317447414,0.15375539310067038,0.14160775821825505,0.19225467317447414,0.15375539310067038
ID_B8FR1Y,0.013732579722578004,0.017160947750359888,0.023373876858489753,0.013732579722578004,0.017160947750359888,0.023373876858489753
ID_0256XQ,0.008763234982942411,0.007754789802752575,0.01038617348952104,0.008763234982942411,0.007754789802752575,0.01038617348952104
ID_57ZCHT,0.016038866673077173,0.022415053151700014,0.030086377023129156,0.016038866673077173,0.022415053151700014,0.030086377023129156
ID_EJ4SY0,1e-07,0.000563187818535272,0.000380667392243464,1e-07,0.000563187818535272,0.000380667392243464
ID_IT9MAB,0.09572390111579909,0.1149587520281363,0.10641533614075055,0.09572390111579909,0.1149587520281363,0.10641533614075055
ID_WSFCW5,0.0125501299809901,0.02803465180331613,0.031269815056651926,0.0125501299809901,0.02803465180331613,0.031269815056651926
ID_P1OKAO,0.017841612416444337,0.028018113852203808,0.03092615400988489,0.017841612416444337,0.028018113852203808,0.03092615400988489
ID_2I2J7A,0.09572390111579909,0.1149587520281363,0.10641533614075055,0.09572390111579909,0.1149587520281363,0.10641533614075055
ID_F82ACJ,0.017841612416444337,0.028018113852203808,0.03092615400988489,0.017841612416444337,0.028018113852203808,0.03092615400988489
ID_CO3YKB,0.01162396499421078,0.012627563136824008,0.012555214726708244,0.01162396499421078,0.012627563136824008,0.012555214726708244
ID_TRRIAY,0.08667722665664937,0.19887645680007157,0.24185113658910856,0.08667722665664937,0.19887645680007157,0.24185113658910856
ID_LADXTU,0.4017598662621406,0.6124802660263653,0.5618236370810208,0.4017598662621406,0.6124802660263653,0.5618236370810208
ID_UFOXTP,0.011108259423477543,0.01971001480026997,0.023473929819386282,0.011108259423477543,0.01971001480026997,0.023473929819386282
ID_9Y8SJ2,1e-07,0.0006756787291844079,0.0009154139769021639,1e-07,0.0006756787291844079,0.0009154139769021639
ID_SZZNPA,0.00040758578892641196,0.001061674013710928,0.0015892354016432,0.00040758578892641196,0.001061674013710928,0.0015892354016432
ID_PLYHE5,0.011108259423477543,0.01971001480026997,0.023473929819386282,0.011108259423477543,0.01971001480026997,0.023473929819386282
ID_GY67O6,0.008763234982942411,0.007754789802752575,0.01038617348952104,0.008763234982942411,0.007754789802752575,0.01038617348952104
ID_CFM0IF,0.011617856227196056,0.01912403025013804,0.023922869140700513,0.011617856227196056,0.01912403025013804,0.023922869140700513
ID_XNWBKT,0.011617856227196056,0.021325030764200857,0.023922869140700513,0.011617856227196056,0.021325030764200857,0.023922869140700513
ID_3TOHD0,1e-07,0.000248662036580284,0.000338444861645224,1e-07,0.000248662036580284,0.000338444861645224
ID_FS3K1S,0.00040758578892641196,0.001426617925142636,0.001843454269519544,0.00040758578892641196,0.001426617925142636,0.001843454269519544
ID_15HY2V,0.00040758578892641196,0.001351900495894416,0.000907722322875812,0.00040758578892641196,0.001351900495894416,0.000907722322875812
ID_6GEWIC,0.3197602277896705,0.37334672017833315,0.4698577043947658,0.3197602277896705,0.37334672017833315,0.4698577043947658
ID_QJ4EVF,0.010459220996705567,0.008240951730134147,0.015012624805992176,0.010459220996705567,0.008240951730134147,0.015012624805992176
ID_V4E8OH,0.012379072695372636,0.01974553253559812,0.023922869140700513,0.012379072695372636,0.01974553253559812,0.023922869140700513
ID_P3LDUK,0.714971232550759,0.8467421234499946,0.9435680511005683,0.714971232550759,0.8467421234499946,0.9435680511005683
ID_XOPAOK,1e-07,0.000248662036580284,0.000338444861645224,1e-07,0.000248662036580284,0.000338444861645224
ID_QPL6BJ,0.00040758578892641196,0.001061674013710928,0.0015892354016432,0.00040758578892641196,0.001061674013710928,0.0015892354016432
ID_Q083IM,0.01990917916990655,0.02560752132106075,0.028421489256044583,0.01990917916990655,0.02560752132106075,0.028421489256044583
ID_W8VZXL,0.13266917752569307,0.15615067969055713,0.3391314508720475,0.13266917752569307,0.15615067969055713,0.3391314508720475
ID_CCE14R,1e-07,0.000248662036580284,0.000338444861645224,1e-07,0.000248662036580284,0.000338444861645224
ID_XQGVS0,0.000173467264926268,0.00054523831211146,0.000380667392243464,0.000173467264926268,0.00054523831211146,0.000380667392243464
ID_WQINPU,0.000173467264926268,0.000416483971030024,0.000380667392243464,0.000173467264926268,0.000416483971030024,0.000380667392243464
ID_UYCBVK,0.00040758578892641196,0.001061674013710928,0.0015892354016432,0.00040758578892641196,0.001061674013710928,0.0015892354016432
ID_32LKHY,1e-07,0.0006756787291844079,0.0009154139769021639,1e-07,0.0006756787291844079,0.0009154139769021639
ID_1JNSPA,0.02477068507696704,0.028171266788323452,0.030237915056571477,0.02477068507696704,0.028171266788323452,0.030237915056571477
ID_QX05AF,0.11389007262971695,0.3288829991649787,0.4339797137722553,0.11389007262971695,0.3288829991649787,0.4339797137722553
ID_NTVMKZ,1e-07,0.000563187818535272,0.000380667392243464,1e-07,0.000563187818535272,0.000380667392243464
ID_TFWN07,0.008763234982942411,0.007754789802752575,0.01038617348952104,0.008763234982942411,0.007754789802752575,0.01038617348952104
ID_17FHGU,0.00040758578892641196,0.001426617925142636,0.001843454269519544,0.00040758578892641196,0.001426617925142636,0.001843454269519544
ID_XNGF8B,1e-07,0.0005849128791336999,0.000380667392243464,1e-07,0.0005849128791336999,0.000380667392243464
ID_N7XBA6,0.000173467264926268,0.001378721793128192,0.0013210986878832921,0.000173467264926268,0.001378721793128192,0.0013210986878832921
ID_YBC4D9,0.00040758578892641196,0.001496854025693384,0.000268902088773992,0.00040758578892641196,0.001496854025693384,0.000268902088773992
ID_QLNWLL,0.000511583429794724,0.000563187818535272,0.001572549724817312,0.000511583429794724,0.000563187818535272,0.001572549724817312
ID_EE4T4P,0.000173467264926268,0.000885002645760116,0.000268902088773992,0.000173467264926268,0.000885002645760116,0.000268902088773992
ID_LM0UJO,0.000173467264926268,0.000293826569020448,0.000268902088773992,0.000173467264926268,0.000293826569020448,0.000268902088773992
ID_KXDRD1,0.020133166582130223,0.024151097611679308,0.028888458655008144,0.020133166582130223,0.024151097611679308,0.028888458655008144
ID_I27KUP,0.0043941121133053915,0.00343846826849184,0.007674834977294088,0.0043941121133053915,0.00343846826849184,0.007674834977294088
ID_O79OP7,0.000173467264926268,0.000395885476748476,0.000268902088773992,0.000173467264926268,0.000395885476748476,0.000268902088773992
ID_ESOM9C,1e-07,0.00033890012349652003,8.5309045558336e-05,1e-07,0.00033890012349652003,8.5309045558336e-05
ID_C1Z14J,0.0008146359920574199,0.00111351287487716,0.002815563187426328,0.0008146359920574199,0.00111351287487716,0.002815563187426328
ID_KQ2RJU,0.00344951938931486,0.0014784567863087,0.0021349873162724363,0.00344951938931486,0.0014784567863087,0.0021349873162724363
ID_UIOBYK,0.000173467264926268,0.000293826569020448,0.000268902088773992,0.000173467264926268,0.000293826569020448,0.000268902088773992
ID_9S3MDV,0.00040758578892641196,0.000885888235324808,0.000268902088773992,0.00040758578892641196,0.000885888235324808,0.000268902088773992
ID_EJ3RGR,0.000173467264926268,0.001309187793266012,0.0012497994774368,0.000173467264926268,0.001309187793266012,0.0012497994774368
ID_DFLOY8,0.000173467264926268,0.000293826569020448,0.000268902088773992,0.000173467264926268,0.000293826569020448,0.000268902088773992
ID_ZMEBI9,0.000184139695337008,0.00019030639007070399,8.5309045558336e-05,0.000184139695337008,0.00019030639007070399,8.5309045558336e-05
ID_NFTFJM,0.000173467264926268,0.000293826569020448,0.000268902088773992,0.000173467264926268,0.000293826569020448,0.000268902088773992
ID_G32IUY,0.000184139695337008,0.00050199973730974,8.5309045558336e-05,0.000184139695337008,0.00050199973730974,8.5309045558336e-05
ID_52FYY9,1e-07,0.0007622907178592559,0.001058846123405572,1e-07,0.0007622907178592559,0.001058846123405572
ID_F8KMPL,0.000173467264926268,0.000293826569020448,0.000268902088773992,0.000173467264926268,0.000293826569020448,0.000268902088773992
ID_HX20WC,0.000173467264926268,0.000542589324253724,0.000268902088773992,0.000173467264926268,0.000542589324253724,0.000268902088773992
ID_5GCMEA,0.001708918340077628,0.000971614634434964,0.001249308525109844,0.001708918340077628,0.000971614634434964,0.001249308525109844
ID_7EKCJ1,0.000173467264926268,0.000395885476748476,0.000268902088773992,0.000173467264926268,0.000395885476748476,0.000268902088773992
ID_K440VM,0.000184139695337008,0.0006344010714875799,0.000268902088773992,0.000184139695337008,0.0006344010714875799,0.000268902088773992
ID_14VB1C,0.000173467264926268,0.000293826569020448,0.000268902088773992,0.000173467264926268,0.000293826569020448,0.000268902088773992
ID_O2QYK1,0.000173467264926268,0.000293826569020448,0.000268902088773992,0.000173467264926268,0.000293826569020448,0.000268902088773992
ID_TVG6X9,0.000173467264926268,0.00037416041615003203,0.000268902088773992,0.000173467264926268,0.00037416041615003203,0.000268902088773992
ID_5QVDGC,0.000173467264926268,0.000885002645760116,0.000268902088773992,0.000173467264926268,0.000885002645760116,0.000268902088773992
ID_P1R0SN,0.000173467264926268,0.000293826569020448,0.000268902088773992,0.000173467264926268,0.000293826569020448,0.000268902088773992
ID_H1PGJK,0.0056479914339281,0.008324196141245507,0.013672658107055015,0.0056479914339281,0.008324196141245507,0.013672658107055015
ID_BRWHI8,0.0038271042856368076,0.001526352918323228,0.00155801820101558,0.0038271042856368076,0.001526352918323228,0.00155801820101558
ID_LTPY2G,0.000184139695337008,0.000999344982919204,0.000268902088773992,0.000184139695337008,0.000999344982919204,0.000268902088773992
ID_SZ244L,0.0056479914339281,0.008324196141245507,0.013672658107055015,0.0056479914339281,0.008324196141245507,0.013672658107055015
ID_K1L86J,0.013131693365005248,0.0097268216306091,0.028888458655008144,0.013131693365005248,0.0097268216306091,0.028888458655008144
ID_A6YFT4,1e-07,0.0007622907178592559,0.00017316733224289601,1e-07,0.0007622907178592559,0.00017316733224289601
ID_GJ2GXZ,0.000926918466697196,0.001595505359683748,0.0017555959828349,0.000926918466697196,0.001595505359683748,0.0017555959828349
ID_5NLU55,0.016812039348406433,0.023065753839610712,0.029048620883145537,0.016812039348406433,0.023065753839610712,0.029048620883145537
ID_5HBYOD,0.015969190418700048,0.014395576842451673,0.020701183426397908,0.015969190418700048,0.014395576842451673,0.020701183426397908
ID_JFHIVO,0.00040758578892641196,0.001111301650026688,0.000268902088773992,0.00040758578892641196,0.001111301650026688,0.000268902088773992
ID_KXM5JC,0.00040758578892641196,0.00019030639007070399,0.000268902088773992,0.00040758578892641196,0.00019030639007070399,0.000268902088773992
ID_9KQ8G6,0.000173467264926268,0.000395885476748476,0.000268902088773992,0.000173467264926268,0.000395885476748476,0.000268902088773992
ID_QRHP7W,1e-07,0.000416483971030024,0.000268902088773992,1e-07,0.000416483971030024,0.000268902088773992
ID_G27PI8,0.004990696036189404,0.007724685358588845,0.010024946558528085,0.004990696036189404,0.007724685358588845,0.010024946558528085
ID_SZLKA0,0.000173467264926268,0.000315551629618892,0.000268902088773992,0.000173467264926268,0.000315551629618892,0.000268902088773992
ID_79HBLQ,1e-07,0.000206498789318764,8.5309045558336e-05,1e-07,0.000206498789318764,8.5309045558336e-05
ID_Y1H3MW,0.000184139695337008,0.00050199973730974,0.000268902088773992,0.000184139695337008,0.00050199973730974,0.000268902088773992
ID_Y3V3CO,0.1681880919318627,0.22551555279568095,0.2802242486863342,0.1681880919318627,0.22551555279568095,0.2802242486863342
ID_JSJ61E,0.000173467264926268,0.00046225547712414,0.000268902088773992,0.000173467264926268,0.00046225547712414,0.000268902088773992
ID_T9D5YO,0.000184139695337008,0.0006344010714875799,0.000268902088773992,0.000184139695337008,0.0006344010714875799,0.000268902088773992
ID_6MHG7Q,0.13693126352659352,0.15716239643531443,0.31330303530236797,0.13693126352659352,0.15716239643531443,0.31330303530236797
ID_UR8QH2,0.000173467264926268,0.000315551629618892,0.000268902088773992,0.000173467264926268,0.000315551629618892,0.000268902088773992
ID_W3SGDD,0.000184139695337008,0.00033890012349652003,8.5309045558336e-05,0.000184139695337008,0.00033890012349652003,8.5309045558336e-05
ID_B3I0HN,1e-07,0.000206498789318764,8.5309045558336e-05,1e-07,0.000206498789318764,8.5309045558336e-05
ID_WFV9C0,1e-07,0.0007622907178592559,0.00017316733224289601,1e-07,0.0007622907178592559,0.00017316733224289601
ID_5IQK6W,1e-07,0.00065059347073564,8.5309045558336e-05,1e-07,0.00065059347073564,8.5309045558336e-05
ID_PBD5R8,0.000173467264926268,0.001378721793128192,0.0013210986878832921,0.000173467264926268,0.001378721793128192,0.0013210986878832921
ID_R484DJ,0.0049331683007684994,0.005677312849178856,0.012483363933629072,0.0049331683007684994,0.005677312849178856,0.012483363933629072
ID_BIVIM6,0.002368452154646196,0.003428936084722904,0.005947889374645952,0.002368452154646196,0.003428936084722904,0.005947889374645952
ID_BXRC0F,1e-07,0.000206498789318764,8.5309045558336e-05,1e-07,0.000206498789318764,8.5309045558336e-05
ID_6H2MJS,0.000173467264926268,0.000466031031298856,0.000268902088773992,0.000173467264926268,0.000466031031298856,0.000268902088773992
ID_348H1F,0.00344951938931486,0.0011556761221385961,0.0021349873162724363,0.00344951938931486,0.0011556761221385961,0.0021349873162724363
ID_VIP5UD,0.00040758578892641196,0.001250832146756432,0.000268902088773992,0.00040758578892641196,0.001250832146756432,0.000268902088773992
ID_DJT4KL,0.00040758578892641196,0.00050199973730974,0.000268902088773992,0.00040758578892641196,0.00050199973730974,0.000268902088773992
ID_4O9FZR,0.000173467264926268,0.000564314384852152,0.0012579033165029958,0.000173467264926268,0.000564314384852152,0.0012579033165029958
ID_4S1COK,0.000173467264926268,0.000293826569020448,0.000268902088773992,0.000173467264926268,0.000293826569020448,0.000268902088773992
ID_JTBQR7,0.000173467264926268,0.000542589324253724,0.000268902088773992,0.000173467264926268,0.000542589324253724,0.000268902088773992
ID_8XLXKL,0.000173467264926268,0.000885002645760116,0.000268902088773992,0.000173467264926268,0.000885002645760116,0.000268902088773992
ID_30WM42,0.001708918340077628,0.000971614634434964,0.001249308525109844,0.001708918340077628,0.000971614634434964,0.001249308525109844
ID_1IG1YN,0.000173467264926268,0.000293826569020448,0.000268902088773992,0.000173467264926268,0.000293826569020448,0.000268902088773992
ID_OZDM1S,0.000184139695337008,0.00050199973730974,8.5309045558336e-05,0.000184139695337008,0.00050199973730974,8.5309045558336e-05
ID_EPIA8E,0.000173467264926268,0.000293826569020448,0.000268902088773992,0.000173467264926268,0.000293826569020448,0.000268902088773992
ID_1PV3T5,0.000184139695337008,0.00050199973730974,0.000268902088773992,0.000184139695337008,0.00050199973730974,0.000268902088773992
ID_8UHEOJ,0.004990696036189404,0.005844556424212176,0.010024946558528085,0.004990696036189404,0.005844556424212176,0.010024946558528085
ID_8EPQZD,0.000173467264926268,0.000293826569020448,0.000268902088773992,0.000173467264926268,0.000293826569020448,0.000268902088773992
ID_V5WCDP,0.017847892990499218,0.016307156435734934,0.028888458655008144,0.017847892990499218,0.016307156435734934,0.028888458655008144
ID_A0P2EE,1e-07,0.00019030639007070399,8.5309045558336e-05,1e-07,0.00019030639007070399,8.5309045558336e-05
ID_C0ECIX,0.00344951938931486,0.0011556761221385961,0.00155801820101558,0.00344951938931486,0.0011556761221385961,0.00155801820101558
ID_C1HUBS,0.000184139695337008,0.00050199973730974,8.5309045558336e-05,0.000184139695337008,0.00050199973730974,8.5309045558336e-05
ID_NWDA17,0.000173467264926268,0.000293826569020448,0.000268902088773992,0.000173467264926268,0.000293826569020448,0.000268902088773992
ID_OL060P,0.00040758578892641196,0.0009391387995173959,0.000268902088773992,0.00040758578892641196,0.0009391387995173959,0.000268902088773992
ID_XCVVZQ,0.046427927237193474,0.08354577026570695,0.05135741154893793,0.046427927237193474,0.08354577026570695,0.05135741154893793
ID_7RD23T,0.000173467264926268,0.000542589324253724,0.000268902088773992,0.000173467264926268,0.000542589324253724,0.000268902088773992
ID_ZK5F0Y,0.01797390560559386,0.023163080242551124,0.0309150069718733,0.01797390560559386,0.023163080242551124,0.0309150069718733
ID_G84HTM,1e-07,0.001175130761305408,0.001826768592693656,1e-07,0.001175130761305408,0.001826768592693656
ID_PU2FBZ,0.000173467264926268,0.000315551629618892,0.000268902088773992,0.000173467264926268,0.000315551629618892,0.000268902088773992
ID_C08HEJ,0.00040758578892641196,0.001250832146756432,0.000462029854672472,0.00040758578892641196,0.001250832146756432,0.000462029854672472
ID_735U96,1e-07,0.0004084341233587,8.5309045558336e-05,1e-07,0.0004084341233587,8.5309045558336e-05
ID_NSVW0U,0.000173467264926268,0.000293826569020448,0.000268902088773992,0.000173467264926268,0.000293826569020448,0.000268902088773992
ID_YI1DVD,0.000173467264926268,0.00033890012349652003,0.000268902088773992,0.000173467264926268,0.00033890012349652003,0.000268902088773992
ID_GRCY09,0.000184139695337008,0.0006344010714875799,0.000268902088773992,0.000184139695337008,0.0006344010714875799,0.000268902088773992
ID_TP6IPK,1e-07,0.001175130761305408,0.001826768592693656,1e-07,0.001175130761305408,0.001826768592693656
ID_HT2H75,0.000184139695337008,0.00019030639007070399,0.000268902088773992,0.000184139695337008,0.00019030639007070399,0.000268902088773992
ID_S3J1DY,0.000173467264926268,0.000293826569020448,0.000268902088773992,0.000173467264926268,0.000293826569020448,0.000268902088773992
ID_58TJGH,0.000926918466697196,0.002502189521878556,0.003049076294145056,0.000926918466697196,0.002502189521878556,0.003049076294145056
ID_YRLOVX,1e-07,0.000395885476748476,0.000268902088773992,1e-07,0.000395885476748476,0.000268902088773992
ID_TZHJRP,0.000173467264926268,0.000293826569020448,0.000268902088773992,0.000173467264926268,0.000293826569020448,0.000268902088773992
ID_KDNPHD,0.047252905696608755,0.04260920576785181,0.11912354613704494,0.047252905696608755,0.04260920576785181,0.11912354613704494
ID_8ZZTUS,0.006346416712207996,0.0058786165678202116,0.008847692078217596,0.006346416712207996,0.0058786165678202116,0.008847692078217596
ID_FBXD4Q,0.00780588005576258,0.013757616041804876,0.02867820764821751,0.00780588005576258,0.013757616041804876,0.02867820764821751
ID_QXYRCY,0.000173467264926268,0.001413300976189832,0.001826768592693656,0.000173467264926268,0.001413300976189832,0.001826768592693656
ID_OKTZEM,0.000184139695337008,0.000885888235324808,0.000268902088773992,0.000184139695337008,0.000885888235324808,0.000268902088773992
ID_84I8VZ,0.000173467264926268,0.0006930687259336039,0.000268902088773992,0.000173467264926268,0.0006930687259336039,0.000268902088773992
ID_5IF81A,0.000173467264926268,0.000597576566733848,0.000462029854672472,0.000173467264926268,0.000597576566733848,0.000462029854672472
ID_Y65O7E,0.011225176702773372,0.004952541551277788,0.0063715489233587,0.011225176702773372,0.004952541551277788,0.0063715489233587
ID_DGJE41,0.000173467264926268,0.001179042163659436,0.000268902088773992,0.000173467264926268,0.001179042163659436,0.000268902088773992
ID_5Z8WPJ,0.15017246178924681,0.28949720504147924,0.35084557779410536,0.15017246178924681,0.28949720504147924,0.35084557779410536
ID_KSMN02,1e-07,0.000416483971030024,0.000268902088773992,1e-07,0.000416483971030024,0.000268902088773992
ID_37FGZN,0.005051407511044004,0.00419271527842446,0.009600346459248517,0.005051407511044004,0.00419271527842446,0.009600346459248517
ID_5CE2HM,0.016812039348406433,0.023065753839610712,0.029048620883145537,0.016812039348406433,0.023065753839610712,0.029048620883145537
ID_5RBX0G,0.000173467264926268,0.000871622051713436,0.000462029854672472,0.000173467264926268,0.000871622051713436,0.000462029854672472
ID_VC3C3E,0.004990696036189404,0.005740952645711496,0.009307613439198573,0.004990696036189404,0.005740952645711496,0.009307613439198573
ID_CD4GLQ,0.000184139695337008,0.000395885476748476,0.000268902088773992,0.000184139695337008,0.000395885476748476,0.000268902088773992
ID_YYXB5J,0.000173467264926268,0.000336150123900424,0.000462029854672472,0.000173467264926268,0.000336150123900424,0.000462029854672472
ID_QL8IAR,1e-07,0.00032270772424845996,8.5309045558336e-05,1e-07,0.00032270772424845996,8.5309045558336e-05
ID_BHNY0O,1e-07,0.000416483971030024,0.000268902088773992,1e-07,0.000416483971030024,0.000268902088773992
ID_G6NIUE,0.00040758578892641196,0.001250832146756432,0.000268902088773992,0.00040758578892641196,0.001250832146756432,0.000268902088773992
ID_ATBCP0,0.00040758578892641196,0.00141311983824644,0.0017555959828349,0.00040758578892641196,0.00141311983824644,0.0017555959828349
ID_K0PEGT,0.000184139695337008,0.0006344010714875799,8.5309045558336e-05,0.000184139695337008,0.0006344010714875799,8.5309045558336e-05
ID_JDD3BW,0.000173467264926268,0.001019510766449408,0.000995580609560372,0.000173467264926268,0.001019510766449408,0.000995580609560372
ID_KUBEQ7,0.1495533053067768,0.2264507747825219,0.4899811832308258,0.1495533053067768,0.2264507747825219,0.4899811832308258
ID_2UB21W,0.000173467264926268,0.000293826569020448,0.000268902088773992,0.000173467264926268,0.000293826569020448,0.000268902088773992
ID_Q12WSA,0.000173467264926268,0.000395885476748476,0.000268902088773992,0.000173467264926268,0.000395885476748476,0.000268902088773992
ID_JX2N58,0.000173467264926268,0.000293826569020448,0.000268902088773992,0.000173467264926268,0.000293826569020448,0.000268902088773992
ID_II3KSP,0.000173467264926268,0.000293826569020448,0.000268902088773992,0.000173467264926268,0.000293826569020448,0.000268902088773992
ID_NK8O2D,1e-07,0.00033890012349652003,8.5309045558336e-05,1e-07,0.00033890012349652003,8.5309045558336e-05
ID_P452M6,0.000184139695337008,0.00033890012349652003,8.5309045558336e-05,0.000184139695337008,0.00033890012349652003,8.5309045558336e-05
ID_LFFY7U,0.00040758578892641196,0.000564314384852152,0.000268902088773992,0.00040758578892641196,0.000564314384852152,0.000268902088773992
ID_PTUVXH,1e-07,0.0007622907178592559,0.00017316733224289601,1e-07,0.0007622907178592559,0.00017316733224289601
ID_0HSCEO,0.000173467264926268,0.000885002645760116,0.000268902088773992,0.000173467264926268,0.000885002645760116,0.000268902088773992
ID_SSW9WR,0.000173467264926268,0.000293826569020448,0.000268902088773992,0.000173467264926268,0.000293826569020448,0.000268902088773992
ID_PD8ZQY,1e-07,0.000395885476748476,0.000268902088773992,1e-07,0.000395885476748476,0.000268902088773992
ID_263TA4,0.000184139695337008,0.00050199973730974,8.5309045558336e-05,0.000184139695337008,0.00050199973730974,8.5309045558336e-05
ID_B1FONR,0.000184139695337008,0.00050199973730974,8.5309045558336e-05,0.000184139695337008,0.00050199973730974,8.5309045558336e-05
ID_7NF6CG,0.00255663363082242,0.003355467326739804,0.006604057107566132,0.00255663363082242,0.003355467326739804,0.006604057107566132
ID_ENK045,0.000511583429794724,0.001250832146756432,0.000268902088773992,0.000511583429794724,0.001250832146756432,0.000268902088773992
ID_GR98DJ,0.007251338801712632,0.01179447689538134,0.021071596661326016,0.007251338801712632,0.01179447689538134,0.021071596661326016
ID_QRJ1XO,0.000173467264926268,0.000293826569020448,0.000268902088773992,0.000173467264926268,0.000293826569020448,0.000268902088773992
ID_3P5A12,1e-07,0.0007622907178592559,0.001058846123405572,1e-07,0.0007622907178592559,0.001058846123405572
ID_PZAIQH,1e-07,0.000416483971030024,0.000268902088773992,1e-07,0.000416483971030024,0.000268902088773992
ID_O61SU7,0.000184139695337008,0.00050199973730974,8.5309045558336e-05,0.000184139695337008,0.00050199973730974,8.5309045558336e-05
ID_9ZBFLX,0.000184139695337008,0.00033890012349652003,8.5309045558336e-05,0.000184139695337008,0.00033890012349652003,8.5309045558336e-05
ID_BY2R2J,0.1718347147864778,0.27532576039463036,0.506938418527803,0.1718347147864778,0.27532576039463036,0.506938418527803
ID_FJIOSZ,0.000173467264926268,0.001378721793128192,0.0013210986878832921,0.000173467264926268,0.001378721793128192,0.0013210986878832921
ID_OYBZ3H,0.016154743950667735,0.022289714203657007,0.029048620883145537,0.016154743950667735,0.022289714203657007,0.029048620883145537
ID_NQX0O8,0.000173467264926268,0.000293826569020448,0.000268902088773992,0.000173467264926268,0.000293826569020448,0.000268902088773992
ID_SLZDS2,0.000184139695337008,0.0006344010714875799,8.5309045558336e-05,0.000184139695337008,0.0006344010714875799,8.5309045558336e-05
ID_E78DPX,0.001192220888379368,0.000971614634434964,0.001249308525109844,0.001192220888379368,0.000971614634434964,0.001249308525109844
ID_RQP6K9,0.000173467264926268,0.000315551629618892,0.000268902088773992,0.000173467264926268,0.000315551629618892,0.000268902088773992
ID_IOLDZU,0.00184859369069508,0.00439347899777316,0.005224428698060752,0.00184859369069508,0.00439347899777316,0.005224428698060752
ID_SNXHFB,0.000173467264926268,0.001097320475629016,0.000592296158793552,0.000173467264926268,0.001097320475629016,0.000592296158793552
ID_MS1WPS,0.000173467264926268,0.00037416041615003203,0.000462029854672472,0.000173467264926268,0.00037416041615003203,0.000462029854672472
ID_HN3HHR,0.00040758578892641196,0.000542589324253724,0.000268902088773992,0.00040758578892641196,0.000542589324253724,0.000268902088773992
ID_HGDR69,0.000173467264926268,0.00037416041615003203,0.000268902088773992,0.000173467264926268,0.00037416041615003203,0.000268902088773992
ID_KQ5EXO,0.002131685861882676,0.002200226317919216,0.0072681100767347006,0.002131685861882676,0.002200226317919216,0.0072681100767347006
ID_CC0VYL,0.005630540307503068,0.004476404635291368,0.004876902835967756,0.005630540307503068,0.004476404635291368,0.004876902835967756
ID_R6WWCC,0.002870823839310064,0.0028500122008983443,0.006838322970766263,0.002870823839310064,0.0028500122008983443,0.006838322970766263
ID_SWOCAQ,0.000690119110251992,0.00040400644577007997,0.001249308525109844,0.000690119110251992,0.00040400644577007997,0.001249308525109844
ID_WHGARU,0.00222856123230956,0.00389232559032582,0.002141706555311448,0.00222856123230956,0.00389232559032582,0.002141706555311448
ID_73ULWE,0.003316910015318936,0.000669418193460284,0.001249308525109844,0.003316910015318936,0.000669418193460284,0.001249308525109844
ID_P1B4GG,0.006945658606284648,0.0033842447370674997,0.006627675067797368,0.006945658606284648,0.0033842447370674997,0.006627675067797368
ID_F5NM15,0.000690119110251992,0.000759870764495516,0.001249308525109844,0.000690119110251992,0.000759870764495516,0.001249308525109844
ID_7XJF6O,0.000690119110251992,0.000759870764495516,0.001249308525109844,0.000690119110251992,0.000759870764495516,0.001249308525109844
ID_ALWNWF,0.000173467264926268,0.000293826569020448,0.000268902088773992,0.000173467264926268,0.000293826569020448,0.000268902088773992
ID_FOX8D1,0.000173467264926268,0.000524639817829912,0.000268902088773992,0.000173467264926268,0.000524639817829912,0.000268902088773992
ID_UO8NL5,1e-07,0.00041793102962305604,0.000394018721463988,1e-07,0.00041793102962305604,0.000394018721463988
ID_004DL7,0.001708918340077628,0.00111351287487716,0.002657342897908688,0.001708918340077628,0.00111351287487716,0.002657342897908688
ID_CFSK8V,0.000173467264926268,0.001359534753814112,0.000910490153818136,0.000173467264926268,0.001359534753814112,0.000910490153818136
ID_X9KR9T,1e-07,0.00019030639007070399,8.5309045558336e-05,1e-07,0.00019030639007070399,8.5309045558336e-05
ID_Q3PK1O,0.000690119110251992,0.00040400644577007997,0.001249308525109844,0.000690119110251992,0.00040400644577007997,0.001249308525109844
ID_M62ZZR,0.000690119110251992,0.000759870764495516,0.001249308525109844,0.000690119110251992,0.000759870764495516,0.001249308525109844
ID_UOIFEC,1e-07,0.00041793102962305604,8.5309045558336e-05,1e-07,0.00041793102962305604,8.5309045558336e-05
ID_D1D4RK,0.003132870319981844,0.000584516452318896,0.001249308525109844,0.003132870319981844,0.000584516452318896,0.001249308525109844
ID_YZJB0C,0.00344951938931486,0.00111351287487716,0.001249308525109844,0.00344951938931486,0.00111351287487716,0.001249308525109844
ID_0NPRVJ,0.000173467264926268,0.001097320475629016,0.000592296158793552,0.000173467264926268,0.001097320475629016,0.000592296158793552
ID_8BZS64,1e-07,0.00041793102962305604,8.5309045558336e-05,1e-07,0.00041793102962305604,8.5309045558336e-05
ID_ZTXB6J,1e-07,0.00041793102962305604,0.000394018721463988,1e-07,0.00041793102962305604,0.000394018721463988
ID_0ZEYV1,0.006008657479407484,0.003870852748027192,0.006627675067797368,0.006008657479407484,0.003870852748027192,0.006627675067797368
ID_OVMHV9,0.000173467264926268,0.000524639817829912,0.000268902088773992,0.000173467264926268,0.000524639817829912,0.000268902088773992
ID_T6YHHW,0.000173467264926268,0.000669418193460284,0.000268902088773992,0.000173467264926268,0.000669418193460284,0.000268902088773992
ID_L6J9SJ,0.0018568470940772,0.001737774545183044,0.004285704645495872,0.0018568470940772,0.001737774545183044,0.004285704645495872
ID_VD5NIC,0.004245531128490711,0.002795138298389972,0.0072681100767347006,0.004245531128490711,0.002795138298389972,0.0072681100767347006
ID_AKV0AN,0.0010216841022070598,0.0021492936733056842,0.003049076294145056,0.0010216841022070598,0.0021492936733056842,0.003049076294145056
ID_5MQI2A,0.000690119110251992,0.000759870764495516,0.001249308525109844,0.000690119110251992,0.000759870764495516,0.001249308525109844
ID_8T676E,0.003316910015318936,0.0009179614041856041,0.001565057094753396,0.003316910015318936,0.0009179614041856041,0.001565057094753396
ID_80I3YJ,0.000690119110251992,0.000759870764495516,0.001249308525109844,0.000690119110251992,0.000759870764495516,0.001249308525109844
ID_AJ2J12,1e-07,0.00019030639007070399,8.5309045558336e-05,1e-07,0.00019030639007070399,8.5309045558336e-05
ID_IYSD3F,1e-07,0.000542589324253724,0.001501377114958556,1e-07,0.000542589324253724,0.001501377114958556
ID_QXMOH6,1e-07,0.00041793102962305604,0.000394018721463988,1e-07,0.00041793102962305604,0.000394018721463988
ID_LRD6RE,0.002900285818939528,0.000862025711039932,0.000987055960632124,0.002900285818939528,0.000862025711039932,0.000987055960632124
ID_8H40BW,0.0008660144439167321,0.0009554222351869041,0.001249308525109844,0.0008660144439167321,0.0009554222351869041,0.001249308525109844
ID_KGCLKE,0.006805594426984596,0.0029756483049387878,0.007577184071408557,0.006805594426984596,0.0029756483049387878,0.007577184071408557
ID_IVC3Q9,0.00114945616276454,0.001336558545866672,0.002657342897908688,0.00114945616276454,0.001336558545866672,0.002657342897908688
ID_YBET63,0.006805594426984596,0.003148034146962844,0.006627675067797368,0.006805594426984596,0.003148034146962844,0.006627675067797368
ID_LKVF8D,1e-07,0.00041793102962305604,0.000394018721463988,1e-07,0.00041793102962305604,0.000394018721463988
ID_N0KRIO,0.000173467264926268,0.0012337541579437639,0.0017555959828349,0.000173467264926268,0.0012337541579437639,0.0017555959828349
ID_8OUOJV,0.006945658606284648,0.003148034146962844,0.0072681100767347006,0.006945658606284648,0.003148034146962844,0.0072681100767347006
ID_Y5B1VB,1e-07,0.00019030639007070399,8.5309045558336e-05,1e-07,0.00019030639007070399,8.5309045558336e-05
ID_GVBQQE,1e-07,0.000395885476748476,0.000268902088773992,1e-07,0.000395885476748476,0.000268902088773992
ID_SE1BFM,0.0037762470678314,0.0014784567863087,0.002727704900741684,0.0037762470678314,0.0014784567863087,0.002727704900741684
ID_MXRB9X,0.005543397092667076,0.0035179568994543197,0.009266212644498489,0.005543397092667076,0.0035179568994543197,0.009266212644498489
ID_JXBY22,0.000173467264926268,0.000395885476748476,0.000268902088773992,0.000173467264926268,0.000395885476748476,0.000268902088773992
ID_N6FNIX,0.000173467264926268,0.000542589324253724,0.000268902088773992,0.000173467264926268,0.000542589324253724,0.000268902088773992
ID_OORS9Y,0.000173467264926268,0.000444305970700328,0.000268902088773992,0.000173467264926268,0.000444305970700328,0.000268902088773992
ID_VU3YY8,0.000173467264926268,0.000542589324253724,0.000462029854672472,0.000173467264926268,0.000542589324253724,0.000462029854672472
ID_X65SMS,0.000173467264926268,0.000444305970700328,0.000268902088773992,0.000173467264926268,0.000444305970700328,0.000268902088773992
ID_8U14T8,0.000173467264926268,0.001359534753814112,0.0017555959828349,0.000173467264926268,0.001359534753814112,0.0017555959828349
ID_1J3E42,0.000173467264926268,0.0006930687259336039,0.000588775176574396,0.000173467264926268,0.0006930687259336039,0.000588775176574396
ID_BWGEAG,0.00184859369069508,0.004310478056021125,0.00344765841487178,0.00184859369069508,0.004310478056021125,0.00344765841487178
ID_M2AV6H,0.00040758578892641196,0.0017459132553117398,0.0017555959828349,0.00040758578892641196,0.0017459132553117398,0.0017555959828349
ID_WH3JS3,0.000690119110251992,0.000759870764495516,0.001249308525109844,0.000690119110251992,0.000759870764495516,0.001249308525109844
ID_NZ3V3Z,0.000173467264926268,0.000293826569020448,0.000268902088773992,0.000173467264926268,0.000293826569020448,0.000268902088773992
ID_XVUXT6,0.005355297289086036,0.0029756483049387878,0.007985443196064212,0.005355297289086036,0.0029756483049387878,0.007985443196064212
ID_OQLIHX,0.000173467264926268,0.000542589324253724,0.000268902088773992,0.000173467264926268,0.000542589324253724,0.000268902088773992
ID_ZQJL1B,0.000690119110251992,0.000759870764495516,0.001249308525109844,0.000690119110251992,0.000759870764495516,0.001249308525109844
ID_79Y7EX,0.006805594426984596,0.003953853689779312,0.010234199791688443,0.006805594426984596,0.003953853689779312,0.010234199791688443
ID_28J9J5,0.006008657479407484,0.003870852748027192,0.004285704645495872,0.006008657479407484,0.003870852748027192,0.004285704645495872
ID_910L6Y,0.002788981259621288,0.001754894574102648,0.007577184071408557,0.002788981259621288,0.001754894574102648,0.007577184071408557
ID_EN93YN,0.00040758578892641196,0.0011556761221385961,0.001738910306009012,0.00040758578892641196,0.0011556761221385961,0.001738910306009012
ID_38GYOD,0.000690119110251992,0.00040400644577007997,0.001249308525109844,0.000690119110251992,0.00040400644577007997,0.001249308525109844
ID_G7TIWW,0.000173467264926268,0.000444305970700328,0.000268902088773992,0.000173467264926268,0.000444305970700328,0.000268902088773992
ID_GFIAH6,0.000173467264926268,0.000868810246512056,0.001484691438132668,0.000173467264926268,0.000868810246512056,0.001484691438132668
ID_77P9GP,0.00114945616276454,0.001097320475629016,0.0026406572210828,0.00114945616276454,0.001097320475629016,0.0026406572210828
ID_8AL0A1,0.00114945616276454,0.000839213300257124,0.00238920618414878,0.00114945616276454,0.000839213300257124,0.00238920618414878
ID_EZDTQB,0.00106770400657394,0.0008230209010090641,0.001249308525109844,0.00106770400657394,0.0008230209010090641,0.001249308525109844
ID_9S11YT,0.000690119110251992,0.000759870764495516,0.001249308525109844,0.000690119110251992,0.000759870764495516,0.001249308525109844
ID_WWIG9X,1e-07,0.00041793102962305604,0.000394018721463988,1e-07,0.00041793102962305604,0.000394018721463988
ID_FH1O04,0.001660412214518756,0.004310478056021125,0.005224428698060752,0.001660412214518756,0.004310478056021125,0.005224428698060752
ID_1G39W0,0.00114945616276454,0.000964919141451176,0.0026406572210828,0.00114945616276454,0.000964919141451176,0.0026406572210828
ID_54AWCS,0.000173467264926268,0.0008359281954099081,0.000854742163477712,0.000173467264926268,0.0008359281954099081,0.000854742163477712
ID_EFML0I,0.000787565578206916,0.0018889379403392197,0.001650615625308152,0.000787565578206916,0.0018889379403392197,0.001650615625308152
ID_9561UW,0.000173467264926268,0.0017660009979864918,0.001684967945837312,0.000173467264926268,0.0017660009979864918,0.001684967945837312
ID_SKRXO8,0.000173467264926268,0.000173228401258036,0.000268902088773992,0.000173467264926268,0.000173228401258036,0.000268902088773992
ID_T1ZFPC,0.000787565578206916,0.0018889379403392197,0.0012579033165029958,0.000787565578206916,0.0018889379403392197,0.0012579033165029958
ID_GOZQWK,0.000754055332325776,0.001532410502443316,0.0012579033165029958,0.000754055332325776,0.001532410502443316,0.0012579033165029958
ID_JKBQHX,0.001180083128721548,0.001795225172927912,0.0011786268675779599,0.001180083128721548,0.001795225172927912,0.0011786268675779599
ID_IGRJAM,0.000173467264926268,0.001217636513371916,0.000907722322875812,0.000173467264926268,0.001217636513371916,0.000907722322875812
ID_5BWJ28,0.000173467264926268,0.000524639817829912,0.000268902088773992,0.000173467264926268,0.000524639817829912,0.000268902088773992
ID_GKAI11,0.000173467264926268,0.000444305970700328,0.000268902088773992,0.000173467264926268,0.000444305970700328,0.000268902088773992
ID_A6815G,0.00838682696758299,0.014185978664674604,0.023551654223632923,0.00838682696758299,0.014185978664674604,0.023551654223632923
ID_VIDOWQ,0.000173467264926268,0.000605114946600444,0.000268902088773992,0.000173467264926268,0.000605114946600444,0.000268902088773992
ID_OOOX4T,0.000787565578206916,0.0018889379403392197,0.001650615625308152,0.000787565578206916,0.0018889379403392197,0.001650615625308152
ID_AE9R4L,0.00040758578892641196,0.0013203661466186121,0.000656271285941792,0.00040758578892641196,0.0013203661466186121,0.000656271285941792
ID_F8AO95,0.0010216841022070598,0.0019354045806514641,0.0012579033165029958,0.0010216841022070598,0.0019354045806514641,0.0012579033165029958
ID_X6ZOJH,0.000787565578206916,0.0018889379403392197,0.001650615625308152,0.000787565578206916,0.0018889379403392197,0.001650615625308152
ID_O1TPCL,0.0007834674208578399,0.0013639815943394399,0.000656271285941792,0.0007834674208578399,0.0013639815943394399,0.000656271285941792
ID_UHXSJT,0.000173467264926268,0.000173228401258036,8.5309045558336e-05,0.000173467264926268,0.000173228401258036,8.5309045558336e-05
ID_O844TL,0.000787565578206916,0.0018889379403392197,0.001650615625308152,0.000787565578206916,0.0018889379403392197,0.001650615625308152
ID_AS1OS1,0.000787565578206916,0.0018889379403392197,0.001650615625308152,0.000787565578206916,0.0018889379403392197,0.001650615625308152
ID_MMEHS3,0.000173467264926268,0.000524639817829912,0.000268902088773992,0.000173467264926268,0.000524639817829912,0.000268902088773992
ID_CQFY1Y,0.003164918090253016,0.006091286155140204,0.014727086373177883,0.003164918090253016,0.006091286155140204,0.014727086373177883
ID_JGBB5Z,0.000173467264926268,0.00011007826474440401,0.000268902088773992,0.000173467264926268,0.00011007826474440401,0.000268902088773992
ID_5844IN,0.000787565578206916,0.0013639815943394399,0.000854742163477712,0.000787565578206916,0.0013639815943394399,0.000854742163477712
ID_1CHR0U,0.000173467264926268,0.002091320924318304,0.000462029854672472,0.000173467264926268,0.002091320924318304,0.000462029854672472
ID_KA4XEL,0.000173467264926268,0.0008359281954099081,0.000656271285941792,0.000173467264926268,0.0008359281954099081,0.000656271285941792
ID_HC45O8,0.001024168960701944,0.002239901598800636,0.003625866121009232,0.001024168960701944,0.002239901598800636,0.003625866121009232
ID_Q29LQD,0.000787565578206916,0.0018889379403392197,0.001650615625308152,0.000787565578206916,0.0018889379403392197,0.001650615625308152
ID_QJV4SK,0.000787565578206916,0.0018889379403392197,0.001650615625308152,0.000787565578206916,0.0018889379403392197,0.001650615625308152
ID_JNXALI,0.000173467264926268,0.000173228401258036,0.000268902088773992,0.000173467264926268,0.000173228401258036,0.000268902088773992
ID_G1IG7E,0.000787565578206916,0.0018889379403392197,0.001650615625308152,0.000787565578206916,0.0018889379403392197,0.001650615625308152
ID_8B0B3T,0.000787565578206916,0.0018889379403392197,0.0012579033165029958,0.000787565578206916,0.0018889379403392197,0.0012579033165029958
ID_2VT9FI,0.000173467264926268,0.0005049387871812121,0.000268902088773992,0.000173467264926268,0.0005049387871812121,0.000268902088773992
ID_WACT7O,0.003936075593371352,0.0041009132838651235,0.006727588847662788,0.003936075593371352,0.0041009132838651235,0.006727588847662788
ID_WNI8DN,0.000787565578206916,0.0018889379403392197,0.001650615625308152,0.000787565578206916,0.0018889379403392197,0.001650615625308152
ID_FQTAK3,0.000173467264926268,0.00011007826474440401,0.000268902088773992,0.000173467264926268,0.00011007826474440401,0.000268902088773992
ID_574DIZ,0.000787565578206916,0.0018889379403392197,0.001650615625308152,0.000787565578206916,0.0018889379403392197,0.001650615625308152
ID_7SDSE9,0.000173467264926268,0.00037416041615003203,0.000268902088773992,0.000173467264926268,0.00037416041615003203,0.000268902088773992
ID_DFV6SX,0.0035596675780119277,0.009543015596472687,0.016716877366474845,0.0035596675780119277,0.009543015596472687,0.016716877366474845
ID_SRC95U,0.000787565578206916,0.0018889379403392197,0.0012579033165029958,0.000787565578206916,0.0018889379403392197,0.0012579033165029958
ID_22PEEN,0.000787565578206916,0.001624116203071468,0.0012579033165029958,0.000787565578206916,0.001624116203071468,0.0012579033165029958
ID_NI4J6I,1e-07,0.000173228401258036,8.5309045558336e-05,1e-07,0.000173228401258036,8.5309045558336e-05
ID_9W1XKU,0.002677613537698772,0.007835236121928438,0.015091803378172267,0.002677613537698772,0.007835236121928438,0.015091803378172267
ID_EXXRVW,0.000787565578206916,0.0018889379403392197,0.0012579033165029958,0.000787565578206916,0.0018889379403392197,0.0012579033165029958
ID_X1B7HZ,0.001024168960701944,0.0019148433674743399,0.0013639024776097518,0.001024168960701944,0.0019148433674743399,0.0013639024776097518
ID_2Z66EB,0.000787565578206916,0.0013639815943394399,0.000854742163477712,0.000787565578206916,0.0013639815943394399,0.000854742163477712
ID_3DF023,0.000173467264926268,0.000755594348280324,0.000268902088773992,0.000173467264926268,0.000755594348280324,0.000268902088773992
ID_838T04,0.0009881738563259199,0.001742738679209644,0.000656271285941792,0.0009881738563259199,0.001742738679209644,0.000656271285941792
ID_DCRP7F,0.000173467264926268,0.000444305970700328,0.000268902088773992,0.000173467264926268,0.000444305970700328,0.000268902088773992
ID_9KDNRL,0.00040758578892641196,0.000868810246512056,0.000268902088773992,0.00040758578892641196,0.000868810246512056,0.000268902088773992
ID_LVSS4O,0.000173467264926268,0.000655418188861092,0.000656271285941792,0.000173467264926268,0.000655418188861092,0.000656271285941792
ID_YAUK98,0.000173467264926268,0.000173228401258036,8.5309045558336e-05,0.000173467264926268,0.000173228401258036,8.5309045558336e-05
ID_VZO2C8,0.000173467264926268,0.000293826569020448,0.000268902088773992,0.000173467264926268,0.000293826569020448,0.000268902088773992
ID_B22C03,0.000787565578206916,0.0018889379403392197,0.001650615625308152,0.000787565578206916,0.0018889379403392197,0.001650615625308152
ID_OSSELX,0.003164918090253016,0.006091286155140204,0.014727086373177883,0.003164918090253016,0.006091286155140204,0.014727086373177883
ID_RVMS83,0.000173467264926268,0.00037416041615003203,0.000268902088773992,0.000173467264926268,0.00037416041615003203,0.000268902088773992
ID_N9GDIY,0.000787565578206916,0.001624116203071468,0.0012579033165029958,0.000787565578206916,0.001624116203071468,0.0012579033165029958
ID_86DS0O,0.000787565578206916,0.0018889379403392197,0.001650615625308152,0.000787565578206916,0.0018889379403392197,0.001650615625308152
ID_ZBG39I,0.000754055332325776,0.000755594348280324,0.000462029854672472,0.000754055332325776,0.000755594348280324,0.000462029854672472
ID_FLWZUM,0.000173467264926268,0.00037416041615003203,0.000268902088773992,0.000173467264926268,0.00037416041615003203,0.000268902088773992
ID_B64QFC,0.0022297959807301357,0.002104019550979508,0.0017555959828349,0.0022297959807301357,0.002104019550979508,0.0017555959828349
ID_STOONH,0.000787565578206916,0.0018889379403392197,0.0012579033165029958,0.000787565578206916,0.0018889379403392197,0.0012579033165029958
ID_WOGWV5,0.000787565578206916,0.0019354045806514641,0.0012579033165029958,0.000787565578206916,0.0019354045806514641,0.0012579033165029958
ID_DHNB48,0.000787565578206916,0.0018889379403392197,0.001650615625308152,0.000787565578206916,0.0018889379403392197,0.001650615625308152
ID_VAEHAO,0.0010216841022070598,0.0013639815943394399,0.000854742163477712,0.0010216841022070598,0.0013639815943394399,0.000854742163477712
ID_HLN7YL,0.000787565578206916,0.0018889379403392197,0.001650615625308152,0.000787565578206916,0.0018889379403392197,0.001650615625308152
ID_JSD8GD,0.000787565578206916,0.0018889379403392197,0.001650615625308152,0.000787565578206916,0.0018889379403392197,0.001650615625308152
ID_YMYL5P,0.000173467264926268,0.000173228401258036,8.5309045558336e-05,0.000173467264926268,0.000173228401258036,8.5309045558336e-05
ID_JWJ6LD,0.000173467264926268,0.000173228401258036,0.000268902088773992,0.000173467264926268,0.000173228401258036,0.000268902088773992
ID_YW34VH,0.000787565578206916,0.0018889379403392197,0.001650615625308152,0.000787565578206916,0.0018889379403392197,0.001650615625308152
ID_X5FI4F,0.000173467264926268,0.000669418193460284,0.0008565477936464359,0.000173467264926268,0.000669418193460284,0.0008565477936464359
ID_HOX29F,0.000173467264926268,0.00011007826474440401,0.000268902088773992,0.000173467264926268,0.00011007826474440401,0.000268902088773992
ID_5EH9MJ,0.000754055332325776,0.001532410502443316,0.002704456227074872,0.000754055332325776,0.001532410502443316,0.002704456227074872
ID_D2SQ2F,0.003164918090253016,0.006091286155140204,0.014727086373177883,0.003164918090253016,0.006091286155140204,0.014727086373177883
ID_TMFZSB,0.000787565578206916,0.0018889379403392197,0.001650615625308152,0.000787565578206916,0.0018889379403392197,0.001650615625308152
ID_WZLIOZ,0.000787565578206916,0.0018889379403392197,0.0012579033165029958,0.000787565578206916,0.0018889379403392197,0.0012579033165029958
ID_GW81H7,1e-07,0.000293826569020448,0.000268902088773992,1e-07,0.000293826569020448,0.000268902088773992
ID_8H6FU1,1e-07,0.00011007826474440401,0.000268902088773992,1e-07,0.00011007826474440401,0.000268902088773992
ID_8Y8FZW,0.003164918090253016,0.006091286155140204,0.014727086373177883,0.003164918090253016,0.006091286155140204,0.014727086373177883
ID_QTMQF9,0.000173467264926268,0.001227133419636188,0.000268902088773992,0.000173467264926268,0.001227133419636188,0.000268902088773992
ID_MO29LK,0.000787565578206916,0.0013639815943394399,0.000462029854672472,0.000787565578206916,0.0013639815943394399,0.000462029854672472
ID_HEFVRV,0.003164918090253016,0.006091286155140204,0.014727086373177883,0.003164918090253016,0.006091286155140204,0.014727086373177883
ID_HM2KF9,0.0023177076122574518,0.0023077696926354883,0.002141706555311448,0.0023177076122574518,0.0023077696926354883,0.002141706555311448
ID_T2LQRI,0.000754055332325776,0.0010591794314731358,0.0012579033165029958,0.000754055332325776,0.0010591794314731358,0.0012579033165029958
ID_WKW5QW,0.00040758578892641196,0.001359534753814112,0.000656271285941792,0.00040758578892641196,0.001359534753814112,0.000656271285941792
ID_YW71NA,0.000173467264926268,0.000173228401258036,0.000268902088773992,0.000173467264926268,0.000173228401258036,0.000268902088773992
ID_WG14C6,0.0010216841022070598,0.001058148308203544,0.000462029854672472,0.0010216841022070598,0.001058148308203544,0.000462029854672472
ID_ZWP9EJ,0.000173467264926268,0.00037416041615003203,0.000268902088773992,0.000173467264926268,0.00037416041615003203,0.000268902088773992
ID_N694IA,1e-07,0.000173228401258036,8.5309045558336e-05,1e-07,0.000173228401258036,8.5309045558336e-05
ID_BADU0T,0.000173467264926268,0.00037416041615003203,0.000268902088773992,0.000173467264926268,0.00037416041615003203,0.000268902088773992
ID_3X96G5,0.000173467264926268,0.001227133419636188,0.000268902088773992,0.000173467264926268,0.001227133419636188,0.000268902088773992
ID_C2SL3S,1e-07,0.001226969622471472,0.001564516028215852,1e-07,0.001226969622471472,0.001564516028215852
ID_O4DJ6G,1e-07,0.00011007826474440401,8.5309045558336e-05,1e-07,0.00011007826474440401,8.5309045558336e-05
ID_71R9X9,0.000173467264926268,0.000173228401258036,0.000268902088773992,0.000173467264926268,0.000173228401258036,0.000268902088773992
ID_ZDM8BX,0.000787565578206916,0.0018889379403392197,0.001650615625308152,0.000787565578206916,0.0018889379403392197,0.001650615625308152
ID_95AMEG,0.000754055332325776,0.0008359281954099081,0.001650615625308152,0.000754055332325776,0.0008359281954099081,0.001650615625308152
ID_PFYUD5,0.014427594934551584,0.03335285646752024,0.09317213255256386,0.014427594934551584,0.03335285646752024,0.09317213255256386
ID_VO4JHF,0.000173467264926268,0.00037416041615003203,0.000268902088773992,0.000173467264926268,0.00037416041615003203,0.000268902088773992
ID_9VY7H9,0.00040758578892641196,0.00111351287487716,0.0017555959828349,0.00040758578892641196,0.00111351287487716,0.0017555959828349
ID_PL4QY0,0.0010216841022070598,0.001629571294515468,0.0012579033165029958,0.0010216841022070598,0.001629571294515468,0.0012579033165029958
ID_Q3UAV5,0.000173467264926268,0.000524639817829912,0.000462029854672472,0.000173467264926268,0.000524639817829912,0.000462029854672472
ID_23NRCI,0.000787565578206916,0.0013639815943394399,0.000462029854672472,0.000787565578206916,0.0013639815943394399,0.000462029854672472
ID_T58A3E,0.000787565578206916,0.0018889379403392197,0.001650615625308152,0.000787565578206916,0.0018889379403392197,0.001650615625308152
ID_VFP3AX,0.01718346346911595,0.0171916325480107,0.07288737314500437,0.01718346346911595,0.0171916325480107,0.07288737314500437
ID_9P0RI1,0.008951416459118736,0.010532386982956093,0.012336663283716243,0.008951416459118736,0.010532386982956093,0.012336663283716243
ID_PM90HD,0.000173467264926268,0.00011007826474440401,0.000268902088773992,0.000173467264926268,0.00011007826474440401,0.000268902088773992
ID_RGEP75,0.001024168960701944,0.002239901598800636,0.003625866121009232,0.001024168960701944,0.002239901598800636,0.003625866121009232
ID_0V5W7R,0.003123936617998904,0.005343563507467116,0.013034374471892275,0.003123936617998904,0.005343563507467116,0.013034374471892275
ID_13XPOY,0.001024168960701944,0.0019148433674743399,0.0013639024776097518,0.001024168960701944,0.0019148433674743399,0.0013639024776097518
ID_34V217,0.000173467264926268,0.000605114946600444,0.000268902088773992,0.000173467264926268,0.000605114946600444,0.000268902088773992
ID_PII98H,0.00084516631050668,0.0013203661466186121,0.001161941190752156,0.00084516631050668,0.0013203661466186121,0.001161941190752156
ID_0FEW1F,0.000173467264926268,0.00037416041615003203,0.000268902088773992,0.000173467264926268,0.00037416041615003203,0.000268902088773992
ID_WCKBMG,0.000173467264926268,0.000605114946600444,0.000268902088773992,0.000173467264926268,0.000605114946600444,0.000268902088773992
ID_08DG5M,0.000173467264926268,0.000444305970700328,0.000268902088773992,0.000173467264926268,0.000444305970700328,0.000268902088773992
ID_NR39DV,0.000173467264926268,0.001336558545866672,0.00099834844050278,0.000173467264926268,0.001336558545866672,0.00099834844050278
ID_HL1IVR,0.000173467264926268,0.00037416041615003203,0.000268902088773992,0.000173467264926268,0.00037416041615003203,0.000268902088773992
ID_M7G1UN,0.000787565578206916,0.0018889379403392197,0.001650615625308152,0.000787565578206916,0.0018889379403392197,0.001650615625308152
ID_PTXVXA,0.000173467264926268,0.00011007826474440401,0.000268902088773992,0.000173467264926268,0.00011007826474440401,0.000268902088773992
ID_6M5MZL,1e-07,0.00011007826474440401,8.5309045558336e-05,1e-07,0.00011007826474440401,8.5309045558336e-05
ID_DULZGI,0.000173467264926268,0.00037416041615003203,0.000268902088773992,0.000173467264926268,0.00037416041615003203,0.000268902088773992
ID_LZU656,0.00638596082961958,0.006865982584592148,0.04841619109044147,0.00638596082961958,0.006865982584592148,0.04841619109044147
ID_1UYN03,0.006160477693018732,0.0074530165781284685,0.015497509438934229,0.006160477693018732,0.0074530165781284685,0.015497509438934229
ID_REBSF2,0.000754055332325776,0.0009674737308449839,0.000268902088773992,0.000754055332325776,0.0009674737308449839,0.000268902088773992
ID_LFP94I,0.0009881738563259199,0.001004357103513584,0.001650615625308152,0.0009881738563259199,0.001004357103513584,0.001650615625308152
ID_E8GMOT,0.000754055332325776,0.00115210221177478,0.000268902088773992,0.000754055332325776,0.00115210221177478,0.000268902088773992
ID_SLSO1E,0.00040758578892641196,0.000885888235324808,0.000268902088773992,0.00040758578892641196,0.000885888235324808,0.000268902088773992
ID_OZ54TY,0.000787565578206916,0.0018889379403392197,0.001650615625308152,0.000787565578206916,0.0018889379403392197,0.001650615625308152
ID_2XT9TI,0.026519595592698588,0.026857016124231487,0.03185578921422226,0.026519595592698588,0.026857016124231487,0.03185578921422226
ID_6WQFJU,0.003164918090253016,0.006091286155140204,0.014727086373177883,0.003164918090253016,0.006091286155140204,0.014727086373177883
ID_5WL3Y6,0.000173467264926268,0.000524639817829912,0.000268902088773992,0.000173467264926268,0.000524639817829912,0.000268902088773992
ID_H0N40Y,0.000173467264926268,0.0008359281954099081,0.000656271285941792,0.000173467264926268,0.0008359281954099081,0.000656271285941792
ID_LC7WV1,0.009608711856857332,0.010532386982956093,0.012336663283716243,0.009608711856857332,0.010532386982956093,0.012336663283716243
ID_8JMBE0,0.0009881738563259199,0.001532410502443316,0.003049076294145056,0.0009881738563259199,0.001532410502443316,0.003049076294145056
ID_D54YT9,0.000754055332325776,0.001283647747209856,0.000268902088773992,0.000754055332325776,0.001283647747209856,0.000268902088773992
ID_AKO2D7,0.00040758578892641196,0.001336558545866672,0.001161941190752156,0.00040758578892641196,0.001336558545866672,0.001161941190752156
ID_AFFUFE,0.000173467264926268,0.000755594348280324,0.000656271285941792,0.000173467264926268,0.000755594348280324,0.000656271285941792
ID_3G5BHU,0.000787565578206916,0.0018889379403392197,0.0012579033165029958,0.000787565578206916,0.0018889379403392197,0.0012579033165029958
ID_SVTUNC,0.000787565578206916,0.0018889379403392197,0.001650615625308152,0.000787565578206916,0.0018889379403392197,0.001650615625308152
ID_A7DKT7,0.000173467264926268,0.001359534753814112,0.000462029854672472,0.000173467264926268,0.001359534753814112,0.000462029854672472
ID_D1J9QX,0.000787565578206916,0.0018889379403392197,0.0012579033165029958,0.000787565578206916,0.0018889379403392197,0.0012579033165029958
ID_OU67R8,0.000787565578206916,0.0018889379403392197,0.0012579033165029958,0.000787565578206916,0.0018889379403392197,0.0012579033165029958
ID_QTR8MC,0.00040758578892641196,0.0013203661466186121,0.000268902088773992,0.00040758578892641196,0.0013203661466186121,0.000268902088773992
ID_NC86Y4,1e-07,0.000173228401258036,8.5309045558336e-05,1e-07,0.000173228401258036,8.5309045558336e-05
ID_A8FL82,0.000511583429794724,0.001975161117397484,0.0017555959828349,0.000511583429794724,0.001975161117397484,0.0017555959828349
ID_WC0D1P,0.000173467264926268,0.000524639817829912,0.000268902088773992,0.000173467264926268,0.000524639817829912,0.000268902088773992
ID_PWAUK1,0.000787565578206916,0.0013639815943394399,0.000462029854672472,0.000787565578206916,0.0013639815943394399,0.000462029854672472
ID_GIFIE7,1e-07,0.00011007826474440401,8.5309045558336e-05,1e-07,0.00011007826474440401,8.5309045558336e-05
ID_YOLT7L,0.000787565578206916,0.0013639815943394399,0.000462029854672472,0.000787565578206916,0.0013639815943394399,0.000462029854672472
ID_AOHLCR,1e-07,0.000173228401258036,8.5309045558336e-05,1e-07,0.000173228401258036,8.5309045558336e-05
ID_MC4FYO,0.000787565578206916,0.001283647747209856,0.000462029854672472,0.000787565578206916,0.001283647747209856,0.000462029854672472
ID_LGOAXV,1e-07,0.00011007826474440401,8.5309045558336e-05,1e-07,0.00011007826474440401,8.5309045558336e-05
ID_DDUFHC,0.000754055332325776,0.001532410502443316,0.0012579033165029958,0.000754055332325776,0.001532410502443316,0.0012579033165029958
ID_H0RGUD,0.000173467264926268,0.000669418193460284,0.000268902088773992,0.000173467264926268,0.000669418193460284,0.000268902088773992
ID_AMG79K,0.000173467264926268,0.00037416041615003203,0.000268902088773992,0.000173467264926268,0.00037416041615003203,0.000268902088773992
ID_QJ7ZG7,0.000173467264926268,0.000524639817829912,0.000268902088773992,0.000173467264926268,0.000524639817829912,0.000268902088773992
ID_O1IR2M,0.000787565578206916,0.0018889379403392197,0.001650615625308152,0.000787565578206916,0.0018889379403392197,0.001650615625308152
ID_NE2WWT,0.000926918466697196,0.0018888445506455719,0.0019138162723525399,0.000926918466697196,0.0018888445506455719,0.0019138162723525399
ID_B7S9BY,0.000787565578206916,0.0013639815943394399,0.000462029854672472,0.000787565578206916,0.0013639815943394399,0.000462029854672472
ID_QPCJON,0.000173467264926268,0.0005049387871812121,0.000268902088773992,0.000173467264926268,0.0005049387871812121,0.000268902088773992
ID_LBAOGX,0.000173467264926268,0.000546364878428356,0.000268902088773992,0.000173467264926268,0.000546364878428356,0.000268902088773992
ID_ZX88UJ,0.000173467264926268,0.001227133419636188,0.000268902088773992,0.000173467264926268,0.001227133419636188,0.000268902088773992
ID_O5C888,0.000787565578206916,0.0013639815943394399,0.000462029854672472,0.000787565578206916,0.0013639815943394399,0.000462029854672472
ID_NALJCO,0.000173467264926268,0.000605114946600444,0.000268902088773992,0.000173467264926268,0.000605114946600444,0.000268902088773992
ID_YE6913,1e-07,0.00011007826474440401,8.5309045558336e-05,1e-07,0.00011007826474440401,8.5309045558336e-05
ID_11KZ0U,0.0033982187721531398,0.0036366649067378198,0.00536698857051328,0.0033982187721531398,0.0036366649067378198,0.00536698857051328
ID_WBNOOL,0.000173467264926268,0.00037416041615003203,0.000268902088773992,0.000173467264926268,0.00037416041615003203,0.000268902088773992
ID_6W4LRH,0.000787565578206916,0.0018889379403392197,0.001650615625308152,0.000787565578206916,0.0018889379403392197,0.001650615625308152
ID_WBH8B3,0.000787565578206916,0.001532410502443316,0.000854742163477712,0.000787565578206916,0.001532410502443316,0.000854742163477712
ID_Y1VP8I,0.000173467264926268,0.001227133419636188,0.000268902088773992,0.000173467264926268,0.001227133419636188,0.000268902088773992
ID_RTUQI0,0.0010216841022070598,0.0019354045806514641,0.001970488713108572,0.0010216841022070598,0.0019354045806514641,0.001970488713108572
ID_KUH46J,1e-07,0.000173228401258036,8.5309045558336e-05,1e-07,0.000173228401258036,8.5309045558336e-05
ID_FNPWIO,0.000173467264926268,0.00011007826474440401,0.000268902088773992,0.000173467264926268,0.00011007826474440401,0.000268902088773992
ID_LL7LKM,0.001024168960701944,0.0019148433674743399,0.0013639024776097518,0.001024168960701944,0.0019148433674743399,0.0013639024776097518
ID_8JXK5Z,0.000173467264926268,0.00037416041615003203,0.000268902088773992,0.000173467264926268,0.00037416041615003203,0.000268902088773992
ID_RVDWFT,0.000173467264926268,0.000605114946600444,0.000268902088773992,0.000173467264926268,0.000605114946600444,0.000268902088773992
ID_8RP3M8,1e-07,0.000173228401258036,8.5309045558336e-05,1e-07,0.000173228401258036,8.5309045558336e-05
ID_LVL634,0.0029876086371162162,0.009994087235017091,0.02331451129978456,0.0029876086371162162,0.009994087235017091,0.02331451129978456
ID_DTCNOM,0.000787565578206916,0.0013639815943394399,0.000462029854672472,0.000787565578206916,0.0013639815943394399,0.000462029854672472
ID_LBOZ73,0.000173467264926268,0.000173228401258036,8.5309045558336e-05,0.000173467264926268,0.000173228401258036,8.5309045558336e-05
ID_RYVJD1,0.00084516631050668,0.001975161117397484,0.001738910306009012,0.00084516631050668,0.001975161117397484,0.001738910306009012
ID_XF725L,0.000173467264926268,0.000669418193460284,0.000268902088773992,0.000173467264926268,0.000669418193460284,0.000268902088773992
ID_HPW237,1e-07,0.00011007826474440401,8.5309045558336e-05,1e-07,0.00011007826474440401,8.5309045558336e-05
ID_X7D1UM,0.000173467264926268,0.00037416041615003203,0.000268902088773992,0.000173467264926268,0.00037416041615003203,0.000268902088773992
ID_YOT7XI,0.000787565578206916,0.0013639815943394399,0.000462029854672472,0.000787565578206916,0.0013639815943394399,0.000462029854672472
ID_98FMQO,0.00040758578892641196,0.0014784567863087,0.0011786268675779599,0.00040758578892641196,0.0014784567863087,0.0011786268675779599
ID_HQ0DQ7,0.000173467264926268,0.000444305970700328,0.000268902088773992,0.000173467264926268,0.000444305970700328,0.000268902088773992
ID_POCUA6,0.000787565578206916,0.0013639815943394399,0.000854742163477712,0.000787565578206916,0.0013639815943394399,0.000854742163477712
ID_CW729L,0.000173467264926268,0.00115210221177478,0.000268902088773992,0.000173467264926268,0.00115210221177478,0.000268902088773992
ID_LCYPU0,0.000173467264926268,0.000524639817829912,0.000268902088773992,0.000173467264926268,0.000524639817829912,0.000268902088773992
ID_NAKHWW,0.000173467264926268,0.000293826569020448,0.000268902088773992,0.000173467264926268,0.000293826569020448,0.000268902088773992
ID_ONQFWS,0.006122297174945513,0.002808404729905452,0.0077312657939796955,0.006122297174945513,0.002808404729905452,0.0077312657939796955
ID_H1OEWH,0.000173467264926268,0.000293826569020448,0.000268902088773992,0.000173467264926268,0.000293826569020448,0.000268902088773992
ID_Q1IJJJ,1e-07,0.000127156253557072,8.5309045558336e-05,1e-07,0.000127156253557072,8.5309045558336e-05
ID_LX7DZQ,1e-07,0.000173228401258036,8.5309045558336e-05,1e-07,0.000173228401258036,8.5309045558336e-05
ID_XQ4CM7,1e-07,0.00037416041615003203,0.000268902088773992,1e-07,0.00037416041615003203,0.000268902088773992
ID_Z32YMV,0.000173467264926268,0.000605114946600444,0.000268902088773992,0.000173467264926268,0.000605114946600444,0.000268902088773992
ID_3Z42A5,1e-07,0.000173228401258036,0.000268902088773992,1e-07,0.000173228401258036,0.000268902088773992
ID_U94QW1,0.000173467264926268,0.000669418193460284,0.000656271285941792,0.000173467264926268,0.000669418193460284,0.000656271285941792
ID_VQRFFA,0.000754055332325776,0.001004357103513584,0.001650615625308152,0.000754055332325776,0.001004357103513584,0.001650615625308152
ID_FWAHKC,0.000787565578206916,0.0018889379403392197,0.001650615625308152,0.000787565578206916,0.0018889379403392197,0.001650615625308152
ID_HXWWIA,0.02618393348840652,0.02691537051472098,0.03154508527774151,0.02618393348840652,0.02691537051472098,0.03154508527774151
ID_OREIPY,0.000173467264926268,0.000524639817829912,0.000268902088773992,0.000173467264926268,0.000524639817829912,0.000268902088773992
ID_U838WM,0.000173467264926268,0.0008359281954099081,0.000854742163477712,0.000173467264926268,0.0008359281954099081,0.000854742163477712
ID_9N55U9,0.000926918466697196,0.0014784567863087,0.001843454269519544,0.000926918466697196,0.0014784567863087,0.001843454269519544
ID_LB396K,0.00040758578892641196,0.0013203661466186121,0.000268902088773992,0.00040758578892641196,0.0013203661466186121,0.000268902088773992
ID_A145CS,0.00040758578892641196,0.001938904261039456,0.000656271285941792,0.00040758578892641196,0.001938904261039456,0.000656271285941792
ID_X8FLQA,0.000787565578206916,0.0018889379403392197,0.001650615625308152,0.000787565578206916,0.0018889379403392197,0.001650615625308152
ID_DFZGTP,0.000173467264926268,0.000524639817829912,0.000268902088773992,0.000173467264926268,0.000524639817829912,0.000268902088773992
ID_9WB9ER,1e-07,0.000173228401258036,8.5309045558336e-05,1e-07,0.000173228401258036,8.5309045558336e-05
ID_9PKSWB,0.003271865371998476,0.006091286155140204,0.013034374471892275,0.003271865371998476,0.006091286155140204,0.013034374471892275
ID_G3JAYX,0.00040758578892641196,0.002292429425148652,0.002159202839163096,0.00040758578892641196,0.002292429425148652,0.002159202839163096
ID_HSBW0H,0.0009881738563259199,0.001532410502443316,0.003027850297094448,0.0009881738563259199,0.001532410502443316,0.003027850297094448
ID_0NSO7P,1e-07,0.000173228401258036,8.5309045558336e-05,1e-07,0.000173228401258036,8.5309045558336e-05
ID_52TFD0,0.000173467264926268,0.000755594348280324,0.000268902088773992,0.000173467264926268,0.000755594348280324,0.000268902088773992
ID_D1FACJ,0.000173467264926268,0.000173228401258036,8.5309045558336e-05,0.000173467264926268,0.000173228401258036,8.5309045558336e-05
ID_JL96S9,0.00040758578892641196,0.001336558545866672,0.000656271285941792,0.00040758578892641196,0.001336558545866672,0.000656271285941792
ID_ZAD0FH,0.000173467264926268,0.00037416041615003203,0.000268902088773992,0.000173467264926268,0.00037416041615003203,0.000268902088773992
ID_4FWY0M,0.003164918090253016,0.006091286155140204,0.014727086373177883,0.003164918090253016,0.006091286155140204,0.014727086373177883
ID_A8CUPT,0.000173467264926268,0.0011997564661777919,0.000268902088773992,0.000173467264926268,0.0011997564661777919,0.000268902088773992
ID_94QLF8,0.000173467264926268,0.000173228401258036,8.5309045558336e-05,0.000173467264926268,0.000173228401258036,8.5309045558336e-05
ID_70653K,0.000754055332325776,0.000755594348280324,0.000462029854672472,0.000754055332325776,0.000755594348280324,0.000462029854672472
ID_14JUT9,0.0023177076122574518,0.0024605820508855803,0.003138584420197924,0.0023177076122574518,0.0024605820508855803,0.003138584420197924
ID_H2V2M0,0.000173467264926268,0.000173228401258036,0.000268902088773992,0.000173467264926268,0.000173228401258036,0.000268902088773992
ID_9WPT8S,0.006403944447628984,0.009609174673840391,0.023158767370216195,0.006403944447628984,0.009609174673840391,0.023158767370216195
ID_MLN1KY,0.000173467264926268,0.0008359281954099081,0.000854742163477712,0.000173467264926268,0.0008359281954099081,0.000854742163477712
ID_L9BHE4,0.000173467264926268,0.00037416041615003203,0.000268902088773992,0.000173467264926268,0.00037416041615003203,0.000268902088773992
ID_2E4Z0T,0.003325549054011784,0.009543015596472687,0.016397004278674424,0.003325549054011784,0.009543015596472687,0.016397004278674424
ID_ZT06HL,0.000173467264926268,0.0013639815943394399,0.000656271285941792,0.000173467264926268,0.0013639815943394399,0.000656271285941792
ID_EZOD1A,0.000173467264926268,0.001336558545866672,0.000656271285941792,0.000173467264926268,0.001336558545866672,0.000656271285941792
ID_8YFFOF,0.0010216841022070598,0.0013639815943394399,0.001650615625308152,0.0010216841022070598,0.0013639815943394399,0.001650615625308152
ID_HU2O61,0.0033982187721531398,0.002283227259671336,0.005350354175876492,0.0033982187721531398,0.002283227259671336,0.005350354175876492
ID_OWCHBD,0.000787565578206916,0.0018889379403392197,0.001650615625308152,0.000787565578206916,0.0018889379403392197,0.001650615625308152
ID_IG2VDI,0.000787565578206916,0.0018889379403392197,0.0012579033165029958,0.000787565578206916,0.0018889379403392197,0.0012579033165029958
ID_VAJXTJ,0.001660412214518756,0.0018293506678844918,0.0011786268675779599,0.001660412214518756,0.0018293506678844918,0.0011786268675779599
ID_6IAYCJ,0.000173467264926268,0.000524639817829912,0.000268902088773992,0.000173467264926268,0.000524639817829912,0.000268902088773992
ID_9T1VYC,0.003325549054011784,0.009543015596472687,0.016716877366474845,0.003325549054011784,0.009543015596472687,0.016716877366474845
ID_24SH8X,0.013863841408351492,0.020147040222487533,0.07914177307765126,0.013863841408351492,0.020147040222487533,0.07914177307765126
ID_8I7C6M,0.000787565578206916,0.0018889379403392197,0.001650615625308152,0.000787565578206916,0.0018889379403392197,0.001650615625308152
ID_ABKXZ5,0.000787565578206916,0.0018889379403392197,0.001650615625308152,0.000787565578206916,0.0018889379403392197,0.001650615625308152
ID_V86WTI,1e-07,0.000173228401258036,8.5309045558336e-05,1e-07,0.000173228401258036,8.5309045558336e-05
ID_CXZJ2V,0.000173467264926268,0.001359534753814112,0.0012579033165029958,0.000173467264926268,0.001359534753814112,0.0012579033165029958
ID_HTMPB2,0.0032216279835738998,0.006232545438837544,0.011824653938075433,0.0032216279835738998,0.006232545438837544,0.011824653938075433
ID_LE7AJZ,1e-07,0.00019030639007070399,0.000268902088773992,1e-07,0.00019030639007070399,0.000268902088773992
ID_JWE28K,0.00040758578892641196,0.0014784567863087,0.001843454269519544,0.00040758578892641196,0.0014784567863087,0.001843454269519544
ID_SO53CK,0.000787565578206916,0.0018889379403392197,0.001650615625308152,0.000787565578206916,0.0018889379403392197,0.001650615625308152
ID_0CG34U,0.00040758578892641196,0.001336558545866672,0.000656271285941792,0.00040758578892641196,0.001336558545866672,0.000656271285941792
ID_2MRPP3,1e-07,0.00011007826474440401,0.000268902088773992,1e-07,0.00011007826474440401,0.000268902088773992
ID_PMXN5K,0.000173467264926268,0.000669418193460284,0.000656271285941792,0.000173467264926268,0.000669418193460284,0.000656271285941792
ID_Z6SJMN,0.000787565578206916,0.0018889379403392197,0.001650615625308152,0.000787565578206916,0.0018889379403392197,0.001650615625308152
ID_A7GI40,0.000173467264926268,0.000546364878428356,0.000268902088773992,0.000173467264926268,0.000546364878428356,0.000268902088773992
ID_0KZUAR,1e-07,0.00011007826474440401,0.000268902088773992,1e-07,0.00011007826474440401,0.000268902088773992
ID_DG3MSI,0.000754055332325776,0.0006561853532649879,0.0012579033165029958,0.000754055332325776,0.0006561853532649879,0.0012579033165029958
ID_5J1CC3,0.000173467264926268,0.00037416041615003203,0.000268902088773992,0.000173467264926268,0.00037416041615003203,0.000268902088773992
ID_J415GF,0.00040758578892641196,0.001336558545866672,0.000656271285941792,0.00040758578892641196,0.001336558545866672,0.000656271285941792
ID_Q1L2TI,1e-07,0.00011007826474440401,0.000268902088773992,1e-07,0.00011007826474440401,0.000268902088773992
ID_MOHLRS,0.000787565578206916,0.0018889379403392197,0.001650615625308152,0.000787565578206916,0.0018889379403392197,0.001650615625308152
ID_C774J9,1e-07,0.0012263287079507918,0.000656271285941792,1e-07,0.0012263287079507918,0.000656271285941792
ID_SPCQ85,1e-07,0.00011007826474440401,8.5309045558336e-05,1e-07,0.00011007826474440401,8.5309045558336e-05
ID_GMYJFP,0.000787565578206916,0.0019354045806514641,0.001650615625308152,0.000787565578206916,0.0019354045806514641,0.001650615625308152
ID_ERHVEE,0.00040758578892641196,0.001336558545866672,0.000656271285941792,0.00040758578892641196,0.001336558545866672,0.000656271285941792
ID_WT1HQ6,0.000173467264926268,0.000605114946600444,0.000268902088773992,0.000173467264926268,0.000605114946600444,0.000268902088773992
ID_TYY327,0.003325549054011784,0.006232545438837544,0.01600429196986927,0.003325549054011784,0.006232545438837544,0.01600429196986927
ID_2W993C,1e-07,0.000173228401258036,0.000268902088773992,1e-07,0.000173228401258036,0.000268902088773992
ID_Q85Q17,0.003164918090253016,0.006091286155140204,0.014727086373177883,0.003164918090253016,0.006091286155140204,0.014727086373177883
ID_SNMSY2,0.000173467264926268,0.000755594348280324,0.000268902088773992,0.000173467264926268,0.000755594348280324,0.000268902088773992
ID_90FA7U,0.000754055332325776,0.0006561853532649879,0.0012579033165029958,0.000754055332325776,0.0006561853532649879,0.0012579033165029958
ID_X675QX,0.000173467264926268,0.00037416041615003203,0.000268902088773992,0.000173467264926268,0.00037416041615003203,0.000268902088773992
ID_5IAUIV,0.000173467264926268,0.000444305970700328,0.000268902088773992,0.000173467264926268,0.000444305970700328,0.000268902088773992
ID_HUVJV5,0.000787565578206916,0.0013639815943394399,0.000462029854672472,0.000787565578206916,0.0013639815943394399,0.000462029854672472
ID_PLDU8V,0.000173467264926268,0.000524639817829912,0.000268902088773992,0.000173467264926268,0.000524639817829912,0.000268902088773992
ID_NAL8DL,0.000173467264926268,0.00159207733106798,0.000656271285941792,0.000173467264926268,0.00159207733106798,0.000656271285941792
ID_JHAC5O,0.000173467264926268,0.000173228401258036,8.5309045558336e-05,0.000173467264926268,0.000173228401258036,8.5309045558336e-05
ID_APH98Z,0.000173467264926268,0.000293826569020448,0.000268902088773992,0.000173467264926268,0.000293826569020448,0.000268902088773992
ID_FHNDKH,0.0025296847836992,0.004850205114134304,0.00832901411873204,0.0025296847836992,0.004850205114134304,0.00832901411873204
ID_64A0TW,0.009784444754004015,0.004289648119003252,0.0038724333641581964,0.009784444754004015,0.004289648119003252,0.0038724333641581964
ID_ZP6A8U,0.001592637710064164,0.0038182244161457,0.0054395137071383,0.001592637710064164,0.0038182244161457,0.0054395137071383
ID_LTA2T4,0.000184139695337008,0.00135160818480916,0.0026482261495178556,0.000184139695337008,0.00135160818480916,0.0026482261495178556
ID_QXDAZX,0.009784444754004015,0.004289648119003252,0.0038724333641581964,0.009784444754004015,0.004289648119003252,0.0038724333641581964
ID_8F32YO,0.009784444754004015,0.004289648119003252,0.0038724333641581964,0.009784444754004015,0.004289648119003252,0.0038724333641581964
ID_0WZ4DT,1e-07,0.0002598403899328,8.5309045558336e-05,1e-07,0.0002598403899328,8.5309045558336e-05
ID_QJMYFP,1e-07,0.0002598403899328,0.000268902088773992,1e-07,0.0002598403899328,0.000268902088773992
ID_BRNJFB,1e-07,0.001303712052794716,0.0026482261495178556,1e-07,0.001303712052794716,0.0026482261495178556
ID_ZFJSZL,1e-07,0.0007622907178592559,0.0010749142473166,1e-07,0.0007622907178592559,0.0010749142473166
ID_GN401Z,0.00040758578892641196,0.0005655026094031599,0.000268902088773992,0.00040758578892641196,0.0005655026094031599,0.000268902088773992
ID_0GZD1A,0.01099049980944934,0.0043655098952905,0.0038724333641581964,0.01099049980944934,0.0043655098952905,0.0038724333641581964
ID_HUX15L,0.000173467264926268,0.000803248602683236,0.000268902088773992,0.000173467264926268,0.000803248602683236,0.000268902088773992
ID_W83YWB,1e-07,0.00048434029289958,0.000268902088773992,1e-07,0.00048434029289958,0.000268902088773992
ID_YBE59H,1e-07,0.000196690253419252,8.5309045558336e-05,1e-07,0.000196690253419252,8.5309045558336e-05
ID_UGYJJ1,0.000184139695337008,0.000703935071349676,0.000268902088773992,0.000184139695337008,0.000703935071349676,0.000268902088773992
ID_WFF4P7,0.000184139695337008,0.00131702900174752,0.0026482261495178556,0.000184139695337008,0.00131702900174752,0.0026482261495178556
ID_QO8HIH,0.001592637710064164,0.0038182244161457,0.0054395137071383,0.001592637710064164,0.0038182244161457,0.0054395137071383
ID_8K23T6,1e-07,0.0002598403899328,8.5309045558336e-05,1e-07,0.0002598403899328,8.5309045558336e-05
ID_4K41LT,0.00431155965015284,0.007239128622313283,0.012128332172692784,0.00431155965015284,0.007239128622313283,0.012128332172692784
ID_QZEY8Z,0.000173467264926268,0.000643728887947868,0.000268902088773992,0.000173467264926268,0.000643728887947868,0.000268902088773992
ID_DA24DX,0.008345705215914424,0.028215046534931322,0.048304190999017504,0.008345705215914424,0.028215046534931322,0.048304190999017504
ID_F4HZIQ,1e-07,0.001303712052794716,0.0026482261495178556,1e-07,0.001303712052794716,0.0026482261495178556
ID_EJQPOR,1e-07,0.0007201274705977359,0.0010749142473166,1e-07,0.0007201274705977359,0.0010749142473166
ID_TEZ9WM,0.009784444754004015,0.004289648119003252,0.0038724333641581964,0.009784444754004015,0.004289648119003252,0.0038724333641581964
ID_BSMYYX,0.00040758578892641196,0.001526352918323228,0.00291047871399566,0.00040758578892641196,0.001526352918323228,0.00291047871399566
ID_9UFWRG,0.004246525223523416,0.005717233076475568,0.010091634691930364,0.004246525223523416,0.005717233076475568,0.010091634691930364
ID_495ND2,0.008809784902479077,0.003618341774158648,0.003707155834755868,0.008809784902479077,0.003618341774158648,0.003707155834755868
ID_XO0E78,0.00040758578892641196,0.0014784567863087,0.002745201184593332,0.00040758578892641196,0.0014784567863087,0.002745201184593332
ID_FN7QN6,0.003271865371998476,0.006580265288099836,0.008790444746397936,0.003271865371998476,0.006580265288099836,0.008790444746397936
ID_KCT2EE,0.000173467264926268,0.000643728887947868,0.000268902088773992,0.000173467264926268,0.000643728887947868,0.000268902088773992
ID_F6IK16,0.000184139695337008,0.001448498550035752,0.00291047871399566,0.000184139695337008,0.001448498550035752,0.00291047871399566
ID_DST3IB,0.000184139695337008,0.00135160818480916,0.0026482261495178556,0.000184139695337008,0.00135160818480916,0.0026482261495178556
ID_AHVSYQ,1e-07,0.0002598403899328,8.5309045558336e-05,1e-07,0.0002598403899328,8.5309045558336e-05
ID_HO8R7K,0.003271865371998476,0.00365406819287836,0.008020837645061047,0.003271865371998476,0.00365406819287836,0.008020837645061047
ID_F8I9VJ,0.005807360524744887,0.009505714268884689,0.012691219626119823,0.005807360524744887,0.009505714268884689,0.012691219626119823
ID_L4Z7FR,0.009784444754004015,0.004289648119003252,0.0038724333641581964,0.009784444754004015,0.004289648119003252,0.0038724333641581964
ID_Z5ZLR0,0.000173467264926268,0.0017887796093169679,0.00291047871399566,0.000173467264926268,0.0017887796093169679,0.00291047871399566
ID_JIR3BK,1e-07,0.001354782760911256,0.00291047871399566,1e-07,0.001354782760911256,0.00291047871399566
ID_RWDQGP,0.00040758578892641196,0.001529527494425324,0.004307961822912492,0.00040758578892641196,0.001529527494425324,0.004307961822912492
ID_9ID54G,0.000173467264926268,0.001384454677881116,0.002728515507767444,0.000173467264926268,0.001384454677881116,0.002728515507767444
ID_Z0WTDF,0.0049331683007684994,0.008929775362881675,0.01232320170549176,0.0049331683007684994,0.008929775362881675,0.01232320170549176
ID_7W5KVT,0.01099049980944934,0.0043655098952905,0.0038724333641581964,0.01099049980944934,0.0043655098952905,0.0038724333641581964
ID_69Z23E,0.000184139695337008,0.0009387681413630919,0.0023773216048156237,0.000184139695337008,0.0009387681413630919,0.0023773216048156237
ID_OEY4YT,0.00040758578892641196,0.000643728887947868,0.000268902088773992,0.00040758578892641196,0.000643728887947868,0.000268902088773992
ID_60YB9F,0.0029876086371162162,0.005798524398312264,0.00611128395644342,0.0029876086371162162,0.005798524398312264,0.00611128395644342
ID_PYWPUB,0.000173467264926268,0.001384454677881116,0.002728515507767444,0.000173467264926268,0.001384454677881116,0.002728515507767444
ID_XA4WSH,0.01099049980944934,0.004332923304229088,0.003969408399233588,0.01099049980944934,0.004332923304229088,0.003969408399233588
ID_74JAB8,0.009784444754004015,0.004289648119003252,0.0038724333641581964,0.009784444754004015,0.004289648119003252,0.0038724333641581964
ID_3ZNQ5E,1e-07,0.0007622907178592559,0.0010749142473166,1e-07,0.0007622907178592559,0.0010749142473166
ID_170KNW,0.01099049980944934,0.004212905688680008,0.003969408399233588,0.01099049980944934,0.004212905688680008,0.003969408399233588
ID_C8C5DP,0.000184139695337008,0.0009387681413630919,0.0018003524895587682,0.000184139695337008,0.0009387681413630919,0.0018003524895587682
ID_EGZ2JX,0.000184139695337008,0.00152062003357022,0.0024742966398911,0.000184139695337008,0.00152062003357022,0.0024742966398911
ID_ZWEMTO,0.009784444754004015,0.004289648119003252,0.0038724333641581964,0.009784444754004015,0.004289648119003252,0.0038724333641581964
ID_PN64SH,0.000173467264926268,0.001384454677881116,0.002728515507767444,0.000173467264926268,0.001384454677881116,0.002728515507767444
ID_WQGKWB,0.000184139695337008,0.001448498550035752,0.00291047871399566,0.000184139695337008,0.001448498550035752,0.00291047871399566
ID_QT9D5C,0.000173467264926268,0.0007663652300145359,0.000268902088773992,0.000173467264926268,0.0007663652300145359,0.000268902088773992
ID_73YX5O,0.000173467264926268,0.000643728887947868,0.000268902088773992,0.000173467264926268,0.000643728887947868,0.000268902088773992
ID_PDXWIS,0.008669720723179024,0.003660505021420084,0.0034529369668795237,0.008669720723179024,0.003660505021420084,0.0034529369668795237
ID_BOEF4Q,1e-07,0.0002598403899328,8.5309045558336e-05,1e-07,0.0002598403899328,8.5309045558336e-05
ID_9XMKQP,1e-07,0.000971614634434964,0.001249308525109844,1e-07,0.000971614634434964,0.001249308525109844
ID_KIS1RR,0.009644380574704048,0.004332923304229088,0.003969408399233588,0.009644380574704048,0.004332923304229088,0.003969408399233588
ID_G4DDGB,1e-07,0.0002598403899328,8.5309045558336e-05,1e-07,0.0002598403899328,8.5309045558336e-05
ID_XVO0XE,0.000184139695337008,0.00135160818480916,0.0026482261495178556,0.000184139695337008,0.00135160818480916,0.0026482261495178556
ID_1SU765,0.009784444754004015,0.004251894359839432,0.003707155834755868,0.009784444754004015,0.004251894359839432,0.003707155834755868
ID_II16H0,0.00040758578892641196,0.000643728887947868,0.000268902088773992,0.00040758578892641196,0.000643728887947868,0.000268902088773992
ID_ZJDJST,0.001105921116892544,0.004692154260673632,0.0054395137071383,0.001105921116892544,0.004692154260673632,0.0054395137071383
ID_ITM93O,1e-07,0.0007201274705977359,0.0013836239232223359,1e-07,0.0007201274705977359,0.0013836239232223359
ID_ACIYGQ,0.005315561654405344,0.005025507080180472,0.00832901411873204,0.005315561654405344,0.005025507080180472,0.00832901411873204
ID_I3D2M6,0.001877474367152788,0.00252672826358026,0.006712075603556061,0.001877474367152788,0.00252672826358026,0.006712075603556061
ID_XPS7OD,0.00124282901998168,0.002404994319368044,0.00606647341552778,0.00124282901998168,0.002404994319368044,0.00606647341552778
ID_X6MHWN,0.000173467264926268,0.0010850713820294438,0.0022228456029570803,0.000173467264926268,0.0010850713820294438,0.0022228456029570803
ID_4H6ZU0,0.009784444754004015,0.004289648119003252,0.0038724333641581964,0.009784444754004015,0.004289648119003252,0.0038724333641581964
ID_VJRY9K,0.009784444754004015,0.004289648119003252,0.0038724333641581964,0.009784444754004015,0.004289648119003252,0.0038724333641581964
ID_JRQ0K2,0.01099049980944934,0.0043655098952905,0.0038724333641581964,0.01099049980944934,0.0043655098952905,0.0038724333641581964
ID_CVP7U0,0.000173467264926268,0.000643728887947868,0.000268902088773992,0.000173467264926268,0.000643728887947868,0.000268902088773992
ID_OC1T6J,0.000184139695337008,0.0002598403899328,0.000268902088773992,0.000184139695337008,0.0002598403899328,0.000268902088773992
ID_5BJWT7,0.01099049980944934,0.0043655098952905,0.0038724333641581964,0.01099049980944934,0.0043655098952905,0.0038724333641581964
ID_E72G1X,0.005807360524744887,0.009505714268884689,0.012691219626119823,0.005807360524744887,0.009505714268884689,0.012691219626119823
ID_A38G0Y,0.000184139695337008,0.0007680236026121799,0.002124185788728652,0.000184139695337008,0.0007680236026121799,0.002124185788728652
ID_Z63P61,0.009784444754004015,0.004289648119003252,0.0038724333641581964,0.009784444754004015,0.004289648119003252,0.0038724333641581964
ID_ZMXHIG,0.01099049980944934,0.0043655098952905,0.0038724333641581964,0.01099049980944934,0.0043655098952905,0.0038724333641581964
ID_80C6RQ,0.008004162743469016,0.0036151671980565515,0.003436251290053636,0.008004162743469016,0.0036151671980565515,0.003436251290053636
ID_Q02CHP,0.009784444754004015,0.004289648119003252,0.0038724333641581964,0.009784444754004015,0.004289648119003252,0.0038724333641581964
ID_K4CEJB,1e-07,0.00039224172411064,0.000268902088773992,1e-07,0.00039224172411064,0.000268902088773992
ID_IOMK3G,0.0062096201809771325,0.009271829193486403,0.010541876245692607,0.0062096201809771325,0.009271829193486403,0.010541876245692607
ID_N8X2DM,0.008669720723179024,0.0038461892820906636,0.003707155834755868,0.008669720723179024,0.0038461892820906636,0.003707155834755868
ID_R44Y09,1e-07,0.001354782760911256,0.00291047871399566,1e-07,0.001354782760911256,0.00291047871399566
ID_QHMV04,0.009784444754004015,0.004289648119003252,0.0038724333641581964,0.009784444754004015,0.004289648119003252,0.0038724333641581964
ID_2IZGEP,0.009784444754004015,0.004289648119003252,0.0038724333641581964,0.009784444754004015,0.004289648119003252,0.0038724333641581964
ID_OY9WWL,1e-07,0.00039224172411064,8.5309045558336e-05,1e-07,0.00039224172411064,8.5309045558336e-05
ID_7AMIMW,0.003124405168347064,0.004865938786728539,0.00387553647519948,0.003124405168347064,0.004865938786728539,0.00387553647519948
ID_6E9QFF,1e-07,0.001303712052794716,0.0026482261495178556,1e-07,0.001303712052794716,0.0026482261495178556
ID_PQW5VH,0.00040758578892641196,0.00177237479726018,0.002745201184593332,0.00040758578892641196,0.00177237479726018,0.002745201184593332
ID_F81GRT,1e-07,0.00040400644577007997,0.000268902088773992,1e-07,0.00040400644577007997,0.000268902088773992
ID_2P41YW,0.000173467264926268,0.000659921287195928,0.000268902088773992,0.000173467264926268,0.000659921287195928,0.000268902088773992
ID_LT4IZ3,0.000173467264926268,0.000803248602683236,0.000268902088773992,0.000173467264926268,0.000803248602683236,0.000268902088773992
ID_F16709,0.00040758578892641196,0.000643728887947868,0.000268902088773992,0.00040758578892641196,0.000643728887947868,0.000268902088773992
ID_OICH3X,0.000173467264926268,0.0009030146934445159,0.000268902088773992,0.000173467264926268,0.0009030146934445159,0.000268902088773992
ID_A7LTX0,0.008345705215914424,0.028215046534931322,0.048304190999017504,0.008345705215914424,0.028215046534931322,0.048304190999017504
ID_JA5369,0.00040758578892641196,0.000643728887947868,0.000268902088773992,0.00040758578892641196,0.000643728887947868,0.000268902088773992
ID_DH8BE3,1e-07,0.001354782760911256,0.00291047871399566,1e-07,0.001354782760911256,0.00291047871399566
ID_086L0X,0.000173467264926268,0.000643728887947868,0.000268902088773992,0.000173467264926268,0.000643728887947868,0.000268902088773992
ID_Z5HPTI,1e-07,0.0002598403899328,0.000268902088773992,1e-07,0.0002598403899328,0.000268902088773992
ID_OE1QUG,0.01099049980944934,0.0043655098952905,0.0038724333641581964,0.01099049980944934,0.0043655098952905,0.0038724333641581964
ID_9RTFXI,0.00040758578892641196,0.00171521175509582,0.004307961822912492,0.00040758578892641196,0.00171521175509582,0.004307961822912492
ID_JLIJV2,1e-07,0.001303712052794716,0.0026482261495178556,1e-07,0.001303712052794716,0.0026482261495178556
ID_JP0H9B,1e-07,0.00039224172411064,8.5309045558336e-05,1e-07,0.00039224172411064,8.5309045558336e-05
ID_BIVWYY,0.008470022017090167,0.012225623323406976,0.01712932462659507,0.008470022017090167,0.012225623323406976,0.01712932462659507
ID_AKLZO2,0.000173467264926268,0.00067909863841444,0.000268902088773992,0.000173467264926268,0.00067909863841444,0.000268902088773992
ID_NWHLNN,0.005807360524744887,0.009505714268884689,0.012691219626119823,0.005807360524744887,0.009505714268884689,0.012691219626119823
ID_JCTVHU,0.000173467264926268,0.000803248602683236,0.000268902088773992,0.000173467264926268,0.000803248602683236,0.000268902088773992
ID_LV7EWN,0.004334816793138388,0.008327518139533537,0.009147451211061176,0.004334816793138388,0.008327518139533537,0.009147451211061176
ID_0H0H1X,1e-07,0.000971614634434964,0.001337166811794404,1e-07,0.000971614634434964,0.001337166811794404
ID_OK3KGD,0.000173467264926268,0.000634819694579544,0.000268902088773992,0.000173467264926268,0.000634819694579544,0.000268902088773992
ID_XOLVVP,0.01099049980944934,0.0043655098952905,0.0038724333641581964,0.01099049980944934,0.0043655098952905,0.0038724333641581964
ID_XC1UCY,1e-07,0.00039224172411064,8.5309045558336e-05,1e-07,0.00039224172411064,8.5309045558336e-05
ID_WNRKKF,0.009784444754004015,0.004289648119003252,0.0038724333641581964,0.009784444754004015,0.004289648119003252,0.0038724333641581964
ID_CHT575,1e-07,0.0002598403899328,8.5309045558336e-05,1e-07,0.0002598403899328,8.5309045558336e-05
ID_IASVT4,0.009784444754004015,0.004289648119003252,0.0038724333641581964,0.009784444754004015,0.004289648119003252,0.0038724333641581964
ID_HQD8DQ,0.01099049980944934,0.0043655098952905,0.0038724333641581964,0.01099049980944934,0.0043655098952905,0.0038724333641581964
ID_WHC7HZ,1e-07,0.001303712052794716,0.0026482261495178556,1e-07,0.001303712052794716,0.0026482261495178556
ID_SP7WBC,0.000173467264926268,0.0002598403899328,0.000268902088773992,0.000173467264926268,0.0002598403899328,0.000268902088773992
ID_Y5TWK4,0.00040758578892641196,0.000643728887947868,0.000268902088773992,0.00040758578892641196,0.000643728887947868,0.000268902088773992
ID_VG1ZFI,0.000173467264926268,0.000634819694579544,0.000268902088773992,0.000173467264926268,0.000634819694579544,0.000268902088773992
ID_GL5NBY,1e-07,0.000196690253419252,8.5309045558336e-05,1e-07,0.000196690253419252,8.5309045558336e-05
ID_0M8ZAR,0.009784444754004015,0.004289648119003252,0.0038724333641581964,0.009784444754004015,0.004289648119003252,0.0038724333641581964
ID_WMX71G,0.000173467264926268,0.000643728887947868,0.000268902088773992,0.000173467264926268,0.000643728887947868,0.000268902088773992
ID_FV08L5,0.001105921116892544,0.004692154260673632,0.0054395137071383,0.001105921116892544,0.004692154260673632,0.0054395137071383
ID_3O27FX,1e-07,0.0014784567863087,0.0024742966398911,1e-07,0.0014784567863087,0.0024742966398911
ID_6V10CF,0.005260775061932988,0.005025507080180472,0.008861273538782216,0.005260775061932988,0.005025507080180472,0.008861273538782216
ID_PDVNE2,0.008609487309509474,0.003869828937995876,0.003969408399233588,0.008609487309509474,0.003869828937995876,0.003969408399233588
ID_53TEOE,1e-07,0.0002598403899328,8.5309045558336e-05,1e-07,0.0002598403899328,8.5309045558336e-05
ID_IDZWVW,0.009784444754004015,0.004289648119003252,0.0038724333641581964,0.009784444754004015,0.004289648119003252,0.0038724333641581964
ID_GB0OWZ,1e-07,0.0002598403899328,8.5309045558336e-05,1e-07,0.0002598403899328,8.5309045558336e-05
ID_P3UMEG,0.008449626286352308,0.01433660777437858,0.02422874613893484,0.008449626286352308,0.01433660777437858,0.02422874613893484
ID_ODQ1LG,0.007803865150499332,0.003869828937995876,0.003969408399233588,0.007803865150499332,0.003869828937995876,0.003969408399233588
ID_F313VZ,0.00040758578892641196,0.0016099263345970161,0.002745201184593332,0.00040758578892641196,0.0016099263345970161,0.002745201184593332
ID_8CSCDS,0.000184139695337008,0.00131702900174752,0.0026482261495178556,0.000184139695337008,0.00131702900174752,0.0026482261495178556
ID_4TNBZF,0.000173467264926268,0.00048434029289958,0.000268902088773992,0.000173467264926268,0.00048434029289958,0.000268902088773992
ID_4BYR7P,0.007023100930099004,0.015485664018577596,0.033173742191341435,0.007023100930099004,0.015485664018577596,0.033173742191341435
ID_T3LYCI,0.009784444754004015,0.004289648119003252,0.0038724333641581964,0.009784444754004015,0.004289648119003252,0.0038724333641581964
ID_BHZQ1G,0.000173467264926268,0.0017244786652457359,0.0024742966398911,0.000173467264926268,0.0017244786652457359,0.0024742966398911
ID_47HOMT,1e-07,0.001303712052794716,0.0026482261495178556,1e-07,0.001303712052794716,0.0026482261495178556
ID_6J0OA0,0.004828845061233724,0.005548297387478432,0.010230424765116628,0.004828845061233724,0.005548297387478432,0.010230424765116628
ID_K1APAR,1e-07,0.001303712052794716,0.0026482261495178556,1e-07,0.001303712052794716,0.0026482261495178556
ID_MHTTNO,1e-07,0.001354782760911256,0.00291047871399566,1e-07,0.001354782760911256,0.00291047871399566
ID_SUPIL0,0.00040758578892641196,0.001529527494425324,0.004307961822912492,0.00040758578892641196,0.001529527494425324,0.004307961822912492
ID_V9KJ8F,0.00040758578892641196,0.001660997042713556,0.002815563187426328,0.00040758578892641196,0.001660997042713556,0.002815563187426328
ID_WUKPEX,0.000184139695337008,0.001274865754486,0.002745201184593332,0.000184139695337008,0.001274865754486,0.002745201184593332
ID_7AXVF1,0.000184139695337008,0.00135160818480916,0.0026482261495178556,0.000184139695337008,0.00135160818480916,0.0026482261495178556
ID_332Y6S,0.000184139695337008,0.00131702900174752,0.0026482261495178556,0.000184139695337008,0.00131702900174752,0.0026482261495178556
ID_6Z7LIY,0.000173467264926268,0.000659921287195928,0.000268902088773992,0.000173467264926268,0.000659921287195928,0.000268902088773992
ID_VBBWXW,0.000184139695337008,0.00131702900174752,0.0026482261495178556,0.000184139695337008,0.00131702900174752,0.0026482261495178556
ID_PZ53IA,0.008469423130209423,0.003618341774158648,0.003969408399233588,0.008469423130209423,0.003618341774158648,0.003969408399233588
ID_BTQVAR,0.000184139695337008,0.001486252309199488,0.0029808407168286557,0.000184139695337008,0.001486252309199488,0.0029808407168286557
ID_SR0RDK,0.000173467264926268,0.0017244786652457359,0.0024742966398911,0.000173467264926268,0.0017244786652457359,0.0024742966398911
ID_XE2CME,0.009784444754004015,0.004289648119003252,0.0038724333641581964,0.009784444754004015,0.004289648119003252,0.0038724333641581964
ID_UWLODH,0.009784444754004015,0.004289648119003252,0.0038724333641581964,0.009784444754004015,0.004289648119003252,0.0038724333641581964
ID_T29X5H,0.000173467264926268,0.000643728887947868,0.000268902088773992,0.000173467264926268,0.000643728887947868,0.000268902088773992
ID_OZP07A,0.01099049980944934,0.004464392852517236,0.003969408399233588,0.01099049980944934,0.004464392852517236,0.003969408399233588
ID_D69JXQ,0.032849563229118424,0.08396049559971691,0.11019714346117404,0.032849563229118424,0.08396049559971691,0.11019714346117404
ID_VCTTSG,0.00040758578892641196,0.0009554222351869041,0.000268902088773992,0.00040758578892641196,0.0009554222351869041,0.000268902088773992
ID_6VLM19,0.000173467264926268,0.000634819694579544,0.000268902088773992,0.000173467264926268,0.000634819694579544,0.000268902088773992
ID_6K8DCI,0.000173467264926268,0.001630476556818068,0.0022228456029570803,0.000173467264926268,0.001630476556818068,0.0022228456029570803
ID_5F3FW3,0.01099049980944934,0.004464392852517236,0.004039770402066668,0.01099049980944934,0.004464392852517236,0.004039770402066668
ID_UG4L8G,0.000173467264926268,0.001845543067132552,0.0024742966398911,0.000173467264926268,0.001845543067132552,0.0024742966398911
ID_PMIYX1,0.0025296847836992,0.004533953594451348,0.00832901411873204,0.0025296847836992,0.004533953594451348,0.00832901411873204
ID_KVE8Y5,0.00040758578892641196,0.001526352918323228,0.00291047871399566,0.00040758578892641196,0.001526352918323228,0.00291047871399566
ID_TXR3M8,0.00040758578892641196,0.00165782246661146,0.002745201184593332,0.00040758578892641196,0.00165782246661146,0.002745201184593332
ID_FGU02Z,1e-07,0.001303712052794716,0.0026482261495178556,1e-07,0.001303712052794716,0.0026482261495178556
ID_SLT0Y1,0.00040758578892641196,0.0009554222351869041,0.000268902088773992,0.00040758578892641196,0.0009554222351869041,0.000268902088773992
ID_0Q5QSV,1e-07,0.0002598403899328,8.5309045558336e-05,1e-07,0.0002598403899328,8.5309045558336e-05
ID_50ELBR,0.00849988569784673,0.02508070502379459,0.03963944565977738,0.00849988569784673,0.02508070502379459,0.03963944565977738
ID_GQZQS4,1e-07,0.0002598403899328,8.5309045558336e-05,1e-07,0.0002598403899328,8.5309045558336e-05
ID_OQ2HIA,0.000184139695337008,0.0009387681413630919,0.0018003524895587682,0.000184139695337008,0.0009387681413630919,0.0018003524895587682
ID_O6E93Q,0.001877474367152788,0.00252672826358026,0.006712075603556061,0.001877474367152788,0.00252672826358026,0.006712075603556061
ID_HOZ3DC,0.000173467264926268,0.000564314384852152,0.000268902088773992,0.000173467264926268,0.000564314384852152,0.000268902088773992
ID_ELJCIV,0.014982130509030009,0.04612970356674857,0.061920830610033395,0.014982130509030009,0.04612970356674857,0.061920830610033395
ID_2UAKPX,0.05552778549510448,0.1505134907563436,0.22304267998421834,0.05552778549510448,0.1505134907563436,0.22304267998421834
ID_WJH6IB,0.012534720630319789,0.01602778417145079,0.01842281465710126,0.012534720630319789,0.01602778417145079,0.01842281465710126
ID_8JO374,0.012534720630319789,0.01814093307713088,0.019888620987223913,0.012534720630319789,0.01814093307713088,0.019888620987223913
ID_ZPTVXF,1e-07,0.00011007826474440401,8.5309045558336e-05,1e-07,0.00011007826474440401,8.5309045558336e-05
ID_ZAEIQP,1e-07,0.000173228401258036,8.5309045558336e-05,1e-07,0.000173228401258036,8.5309045558336e-05
ID_PBP9ZY,0.00979657660036565,0.029987968320507933,0.04965243752157354,0.00979657660036565,0.029987968320507933,0.04965243752157354
ID_4WJ0SO,1e-07,0.000206498789318764,0.000268902088773992,1e-07,0.000206498789318764,0.000268902088773992
ID_H973J5,1e-07,0.000206498789318764,8.5309045558336e-05,1e-07,0.000206498789318764,8.5309045558336e-05
ID_QQK6J6,0.00169621379645326,0.003124429190554936,0.005501459392081332,0.00169621379645326,0.003124429190554936,0.005501459392081332
ID_8CR3X0,0.000173467264926268,0.000173228401258036,8.5309045558336e-05,0.000173467264926268,0.000173228401258036,8.5309045558336e-05
ID_BS1PBY,1e-07,0.00033890012349652003,8.5309045558336e-05,1e-07,0.00033890012349652003,8.5309045558336e-05
ID_EMRG7L,0.017020572741030637,0.052087439990860636,0.07783095327864284,0.017020572741030637,0.052087439990860636,0.07783095327864284
ID_CZ1QYM,0.013945978156046616,0.03268231662054095,0.06843054386462473,0.013945978156046616,0.03268231662054095,0.06843054386462473
ID_OE25L3,0.012912741127237299,0.01600546294369354,0.015012624805992176,0.012912741127237299,0.01600546294369354,0.015012624805992176
ID_DSYW1S,0.011219032191099085,0.02499982405703387,0.027115879037549796,0.011219032191099085,0.02499982405703387,0.027115879037549796
ID_36YJHO,0.014216082765982567,0.013111438968929644,0.013113117962903653,0.014216082765982567,0.013111438968929644,0.013113117962903653
ID_BH8KBA,0.004267707518139268,0.006356066128353816,0.007325604671577572,0.004267707518139268,0.006356066128353816,0.007325604671577572
ID_DV95UI,1e-07,0.000173228401258036,8.5309045558336e-05,1e-07,0.000173228401258036,8.5309045558336e-05
ID_2CIKWQ,1e-07,0.00065059347073564,8.5309045558336e-05,1e-07,0.00065059347073564,8.5309045558336e-05
ID_5DHFGC,1e-07,0.00011007826474440401,8.5309045558336e-05,1e-07,0.00011007826474440401,8.5309045558336e-05
ID_AD0JB4,0.000173467264926268,0.000524639817829912,0.000268902088773992,0.000173467264926268,0.000524639817829912,0.000268902088773992
ID_SJB2PH,0.000173467264926268,0.000206498789318764,0.000268902088773992,0.000173467264926268,0.000206498789318764,0.000268902088773992
ID_Q2JGMI,0.000173467264926268,0.000173228401258036,8.5309045558336e-05,0.000173467264926268,0.000173228401258036,8.5309045558336e-05
ID_90Z3KA,0.012534720630319789,0.01811861184937363,0.01842281465710126,0.012534720630319789,0.01811861184937363,0.01842281465710126
ID_BLJT0F,0.000173467264926268,0.000293826569020448,0.000268902088773992,0.000173467264926268,0.000293826569020448,0.000268902088773992
ID_19LZOV,0.030767258141866132,0.06842944033322161,0.14111021291580259,0.030767258141866132,0.06842944033322161,0.14111021291580259
ID_HXU4D4,0.000173467264926268,0.000524639817829912,0.000268902088773992,0.000173467264926268,0.000524639817829912,0.000268902088773992
ID_PMTTW1,0.09359625353096564,0.2164729042571305,0.30362783269302396,0.09359625353096564,0.2164729042571305,0.30362783269302396
ID_F6SO3R,0.09359625353096564,0.2164729042571305,0.30362783269302396,0.09359625353096564,0.2164729042571305,0.30362783269302396
ID_NZ0L9S,0.004546183778039187,0.011586474437714843,0.017912770618217593,0.004546183778039187,0.011586474437714843,0.017912770618217593
ID_CO06H0,1e-07,0.00033890012349652003,8.5309045558336e-05,1e-07,0.00033890012349652003,8.5309045558336e-05
ID_F1SPJM,0.004426106544653756,0.008581333140686523,0.014743633101355551,0.004426106544653756,0.008581333140686523,0.014743633101355551
ID_Q2S367,1e-07,0.000173228401258036,8.5309045558336e-05,1e-07,0.000173228401258036,8.5309045558336e-05
ID_0A1W1B,1e-07,0.000173228401258036,8.5309045558336e-05,1e-07,0.000173228401258036,8.5309045558336e-05
ID_J1H455,0.00040758578892641196,0.0012337541579437639,0.000268902088773992,0.00040758578892641196,0.0012337541579437639,0.000268902088773992
ID_PNFU37,1e-07,0.00033890012349652003,8.5309045558336e-05,1e-07,0.00033890012349652003,8.5309045558336e-05
ID_X2I29Y,0.000173467264926268,0.00019030639007070399,8.5309045558336e-05,0.000173467264926268,0.00019030639007070399,8.5309045558336e-05
ID_I2EHXW,0.004011453306595803,0.007564541125554816,0.009873530172731413,0.004011453306595803,0.007564541125554816,0.009873530172731413
ID_K8D9L9,1e-07,0.000173228401258036,8.5309045558336e-05,1e-07,0.000173228401258036,8.5309045558336e-05
ID_XW3QM1,1e-07,0.000173228401258036,8.5309045558336e-05,1e-07,0.000173228401258036,8.5309045558336e-05
ID_HR6DTW,0.004267707518139268,0.006356066128353816,0.007325604671577572,0.004267707518139268,0.006356066128353816,0.007325604671577572
ID_J70B1Q,1e-07,0.000173228401258036,8.5309045558336e-05,1e-07,0.000173228401258036,8.5309045558336e-05
ID_CG7535,0.016451787495994574,0.02279659970026995,0.026438787122247877,0.016451787495994574,0.02279659970026995,0.026438787122247877
ID_BJ7RH7,0.000173467264926268,0.00037416041615003203,0.000268902088773992,0.000173467264926268,0.00037416041615003203,0.000268902088773992
ID_95B75E,0.000173467264926268,0.000542589324253724,0.000268902088773992,0.000173467264926268,0.000542589324253724,0.000268902088773992
ID_VST6U7,0.0037460068598686195,0.0032430054757017156,0.005480233395030808,0.0037460068598686195,0.0032430054757017156,0.005480233395030808
ID_G3ZX83,0.000173467264926268,0.00039475891043158,0.000268902088773992,0.000173467264926268,0.00039475891043158,0.000268902088773992
ID_OBGAY8,0.00084516631050668,0.0012337541579437639,0.000268902088773992,0.00084516631050668,0.0012337541579437639,0.000268902088773992
ID_7898T5,1e-07,0.000173228401258036,8.5309045558336e-05,1e-07,0.000173228401258036,8.5309045558336e-05
ID_GA55FI,0.001024168960701944,0.0018492922036229841,0.002043730777224188,0.001024168960701944,0.0018492922036229841,0.002043730777224188
ID_IP9G8X,0.0005212553526418321,0.00201628760588338,0.003394389117167896,0.0005212553526418321,0.00201628760588338,0.003394389117167896
ID_I1NTQJ,0.016883028652494768,0.04362153190275088,0.05802628158955139,0.016883028652494768,0.04362153190275088,0.05802628158955139
ID_J1IMQO,0.000173467264926268,0.000524639817829912,0.000268902088773992,0.000173467264926268,0.000524639817829912,0.000268902088773992
ID_FJY7M6,1e-07,0.000173228401258036,8.5309045558336e-05,1e-07,0.000173228401258036,8.5309045558336e-05
ID_XXD9VX,1e-07,0.000173228401258036,8.5309045558336e-05,1e-07,0.000173228401258036,8.5309045558336e-05
ID_95Y6Y3,1e-07,0.000173228401258036,8.5309045558336e-05,1e-07,0.000173228401258036,8.5309045558336e-05
ID_IEG8FD,1e-07,0.000173228401258036,8.5309045558336e-05,1e-07,0.000173228401258036,8.5309045558336e-05
ID_UUT71P,0.0039618570513736675,0.007755864856473491,0.007325604671577572,0.0039618570513736675,0.007755864856473491,0.007325604671577572
ID_ZVGYIZ,1e-07,0.00011007826474440401,8.5309045558336e-05,1e-07,0.00011007826474440401,8.5309045558336e-05
ID_GSRCHF,0.0038035345952896074,0.005616161167504608,0.00711535366478676,0.0038035345952896074,0.005616161167504608,0.00711535366478676
ID_KBNPFA,0.000173467264926268,0.000524639817829912,0.000268902088773992,0.000173467264926268,0.000524639817829912,0.000268902088773992
ID_K92S3H,0.000173467264926268,0.000524639817829912,0.000268902088773992,0.000173467264926268,0.000524639817829912,0.000268902088773992
ID_TIZ8GI,0.000173467264926268,0.0006930687259336039,0.000268902088773992,0.000173467264926268,0.0006930687259336039,0.000268902088773992
ID_43O6DO,1e-07,0.00033890012349652003,8.5309045558336e-05,1e-07,0.00033890012349652003,8.5309045558336e-05
ID_I69X2E,1e-07,0.000173228401258036,8.5309045558336e-05,1e-07,0.000173228401258036,8.5309045558336e-05
ID_IGUSKY,0.027742294399859688,0.05966588286058047,0.11040556922957591,0.027742294399859688,0.05966588286058047,0.11040556922957591
ID_IO9T8L,0.004546183778039187,0.011586474437714843,0.018461762900428356,0.004546183778039187,0.011586474437714843,0.018461762900428356
ID_GP1DHX,0.000173467264926268,0.00011007826474440401,8.5309045558336e-05,0.000173467264926268,0.00011007826474440401,8.5309045558336e-05
ID_6072SC,0.000173467264926268,0.000524639817829912,0.000268902088773992,0.000173467264926268,0.000524639817829912,0.000268902088773992
ID_60NL3S,0.0017297240423344,0.00295611188978874,0.003625866121009232,0.0017297240423344,0.00295611188978874,0.003625866121009232
ID_ITEO5N,0.000173467264926268,0.000617323082674828,0.000268902088773992,0.000173467264926268,0.000617323082674828,0.000268902088773992
ID_OYNTET,0.0037460068598686195,0.0033039345688085277,0.003415615114218504,0.0037460068598686195,0.0033039345688085277,0.003415615114218504
ID_D4YOQ7,0.04158693673667517,0.07425490121425364,0.0904032333792341,0.04158693673667517,0.07425490121425364,0.0904032333792341
ID_6REL2T,1e-07,0.00011007826474440401,8.5309045558336e-05,1e-07,0.00011007826474440401,8.5309045558336e-05
ID_88HS7P,1e-07,0.000173228401258036,8.5309045558336e-05,1e-07,0.000173228401258036,8.5309045558336e-05
ID_UST3WB,0.00113535366592248,0.002733488272172256,0.003415615114218504,0.00113535366592248,0.002733488272172256,0.003415615114218504
ID_ETJ0ZE,0.000173467264926268,0.000524639817829912,0.000268902088773992,0.000173467264926268,0.000524639817829912,0.000268902088773992
ID_7BGHTB,0.000173467264926268,0.0015130464249414439,0.000380667392243464,0.000173467264926268,0.0015130464249414439,0.000380667392243464
ID_ZDJ1XZ,1e-07,0.00032270772424845996,8.5309045558336e-05,1e-07,0.00032270772424845996,8.5309045558336e-05
ID_Y7ND6Y,1e-07,0.00011007826474440401,8.5309045558336e-05,1e-07,0.00011007826474440401,8.5309045558336e-05
ID_QRPH0R,0.000840129265364936,0.001986905356239476,0.003415615114218504,0.000840129265364936,0.001986905356239476,0.003415615114218504
ID_C01ZXM,1e-07,0.000206498789318764,0.000268902088773992,1e-07,0.000206498789318764,0.000268902088773992
ID_ZN6VHC,1e-07,0.00065059347073564,8.5309045558336e-05,1e-07,0.00065059347073564,8.5309045558336e-05
ID_3RTO71,0.000173467264926268,0.00037416041615003203,0.000268902088773992,0.000173467264926268,0.00037416041615003203,0.000268902088773992
ID_7AWBEY,0.001734406940799012,0.00324278288713428,0.006604057107566132,0.001734406940799012,0.00324278288713428,0.006604057107566132
ID_6OBWMT,0.004267707518139268,0.006356066128353816,0.007325604671577572,0.004267707518139268,0.006356066128353816,0.007325604671577572
ID_70AEKG,0.000173467264926268,0.00037416041615003203,0.000268902088773992,0.000173467264926268,0.00037416041615003203,0.000268902088773992
ID_MVQMU6,0.000173467264926268,0.00037416041615003203,0.000268902088773992,0.000173467264926268,0.00037416041615003203,0.000268902088773992
ID_XNFNA4,0.000173467264926268,0.000546364878428356,0.000268902088773992,0.000173467264926268,0.000546364878428356,0.000268902088773992
ID_1Y57MO,1e-07,0.000206498789318764,8.5309045558336e-05,1e-07,0.000206498789318764,8.5309045558336e-05
ID_GAOFDO,0.000184139695337008,0.000999344982919204,0.000656271285941792,0.000184139695337008,0.000999344982919204,0.000656271285941792
ID_WBEYQ0,1e-07,0.000173228401258036,8.5309045558336e-05,1e-07,0.000173228401258036,8.5309045558336e-05
ID_46KU2G,1e-07,0.00011007826474440401,8.5309045558336e-05,1e-07,0.00011007826474440401,8.5309045558336e-05
ID_IR8LH0,0.00040758578892641196,0.000542589324253724,0.000268902088773992,0.00040758578892641196,0.000542589324253724,0.000268902088773992
ID_S85UA7,1e-07,0.0006344010714875799,8.5309045558336e-05,1e-07,0.0006344010714875799,8.5309045558336e-05
ID_JI8Z14,1e-07,0.00050199973730974,0.000268902088773992,1e-07,0.00050199973730974,0.000268902088773992
ID_RNSP8B,0.017476681545675284,0.02504421962088141,0.04125831188371474,0.017476681545675284,0.02504421962088141,0.04125831188371474
ID_4GRPQ9,0.013945978156046616,0.03268231662054095,0.06843054386462473,0.013945978156046616,0.03268231662054095,0.06843054386462473
ID_8JTFNT,1e-07,0.00011007826474440401,8.5309045558336e-05,1e-07,0.00011007826474440401,8.5309045558336e-05
ID_2TMUS6,1e-07,0.000173228401258036,8.5309045558336e-05,1e-07,0.000173228401258036,8.5309045558336e-05
ID_UBIINM,0.000173467264926268,0.0005849128791336999,0.000268902088773992,0.000173467264926268,0.0005849128791336999,0.000268902088773992
ID_TFLD6S,1e-07,0.000173228401258036,8.5309045558336e-05,1e-07,0.000173228401258036,8.5309045558336e-05
ID_ESYJ2B,0.000173467264926268,0.00037416041615003203,0.000268902088773992,0.000173467264926268,0.00037416041615003203,0.000268902088773992
ID_KNDB9Y,0.000173467264926268,0.00011007826474440401,0.000268902088773992,0.000173467264926268,0.00011007826474440401,0.000268902088773992
ID_KBMX7S,1e-07,0.000173228401258036,8.5309045558336e-05,1e-07,0.000173228401258036,8.5309045558336e-05
ID_UFWO9L,0.0017297240423344,0.00295611188978874,0.003625866121009232,0.0017297240423344,0.00295611188978874,0.003625866121009232
ID_LFO2EU,1e-07,0.000206498789318764,8.5309045558336e-05,1e-07,0.000206498789318764,8.5309045558336e-05
ID_2ZBL24,1e-07,0.00033890012349652003,8.5309045558336e-05,1e-07,0.00033890012349652003,8.5309045558336e-05
ID_2WWX3O,0.000173467264926268,0.000416483971030024,0.000268902088773992,0.000173467264926268,0.000416483971030024,0.000268902088773992
ID_L9N1KK,0.0017297240423344,0.00295611188978874,0.003625866121009232,0.0017297240423344,0.00295611188978874,0.003625866121009232
ID_MFBDFI,1e-07,0.00065059347073564,8.5309045558336e-05,1e-07,0.00065059347073564,8.5309045558336e-05
ID_FSYPFJ,1e-07,0.00048492174849707197,8.5309045558336e-05,1e-07,0.00048492174849707197,8.5309045558336e-05
ID_7DOBZ7,1e-07,0.000283241219641924,0.0004818770081486319,1e-07,0.000283241219641924,0.0004818770081486319
ID_C6D32M,0.00582006997399104,0.005596914216075416,0.013672658107055015,0.00582006997399104,0.005596914216075416,0.013672658107055015
ID_UZW285,0.000308656577142436,0.028213042407944054,0.004205047931468912,0.000308656577142436,0.028213042407944054,0.004205047931468912
ID_5BJBQN,0.00040758578892641196,0.027565518573657206,0.00435551897171022,0.00040758578892641196,0.027565518573657206,0.00435551897171022
ID_IIL1YE,1e-07,0.000248662036580284,0.00017316733224289601,1e-07,0.000248662036580284,0.00017316733224289601
ID_35Q4VL,1e-07,0.0007273359010588,0.0004818770081486319,1e-07,0.0007273359010588,0.0004818770081486319
ID_0D8BV7,1e-07,0.000283241219641924,0.0004818770081486319,1e-07,0.000283241219641924,0.0004818770081486319
ID_F1CKKX,0.000184139695337008,0.000902080634572868,0.000744129572626352,0.000184139695337008,0.000902080634572868,0.000744129572626352
ID_NWINB1,0.012277731600021692,0.014709769682075508,0.02298279404009111,0.012277731600021692,0.014709769682075508,0.02298279404009111
ID_M3FL8L,1e-07,0.00011007826474440401,8.5309045558336e-05,1e-07,0.00011007826474440401,8.5309045558336e-05
ID_2L800L,0.000173467264926268,0.000885002645760116,0.000268902088773992,0.000173467264926268,0.000885002645760116,0.000268902088773992
ID_WE66R6,1e-07,0.000248662036580284,0.00017316733224289601,1e-07,0.000248662036580284,0.00017316733224289601
ID_3P9NV3,1e-07,0.0007273359010588,0.0004818770081486319,1e-07,0.0007273359010588,0.0004818770081486319
ID_GV31Z2,0.0104685859409961,0.011337293540156076,0.02234197685840931,0.0104685859409961,0.011337293540156076,0.02234197685840931
ID_JF5PXT,0.004137676458940508,0.003517595699687252,0.00688278907247276,0.004137676458940508,0.003517595699687252,0.00688278907247276
ID_DHMWLG,1e-07,0.000283241219641924,0.0004818770081486319,1e-07,0.000283241219641924,0.0004818770081486319
ID_6UCW4P,1e-07,0.00011007826474440401,8.5309045558336e-05,1e-07,0.00011007826474440401,8.5309045558336e-05
ID_YA5S91,1e-07,0.000173228401258036,8.5309045558336e-05,1e-07,0.000173228401258036,8.5309045558336e-05
ID_8IPOB2,1e-07,0.00011007826474440401,8.5309045558336e-05,1e-07,0.00011007826474440401,8.5309045558336e-05
ID_13CYF8,0.004137676458940508,0.0037326622100017364,0.005947889374645952,0.004137676458940508,0.0037326622100017364,0.005947889374645952
ID_MHUXYA,0.000265891851527608,0.027721488922214932,0.004205047931468912,0.000265891851527608,0.027721488922214932,0.004205047931468912
ID_QAMSN8,0.00040758578892641196,0.027308288816081203,0.004520796501112548,0.00040758578892641196,0.027308288816081203,0.004520796501112548
ID_4QEJQO,0.000173467264926268,0.00011007826474440401,0.000268902088773992,0.000173467264926268,0.00011007826474440401,0.000268902088773992
ID_AESDDG,0.000173467264926268,0.00011007826474440401,0.000268902088773992,0.000173467264926268,0.00011007826474440401,0.000268902088773992
ID_9Z1OH9,1e-07,0.00011007826474440401,8.5309045558336e-05,1e-07,0.00011007826474440401,8.5309045558336e-05
ID_AG8V7R,1e-07,0.000173228401258036,8.5309045558336e-05,1e-07,0.000173228401258036,8.5309045558336e-05
ID_W6WUS8,0.000173467264926268,0.00011007826474440401,0.000268902088773992,0.000173467264926268,0.00011007826474440401,0.000268902088773992
ID_M5OV7R,0.000184139695337008,0.00019030639007070399,0.000268902088773992,0.000184139695337008,0.00019030639007070399,0.000268902088773992
ID_OQBR7N,0.000173467264926268,0.000542589324253724,0.000268902088773992,0.000173467264926268,0.000542589324253724,0.000268902088773992
ID_VYAECN,0.0054216710424832,0.008770405839907246,0.01649924632072694,0.0054216710424832,0.008770405839907246,0.01649924632072694
ID_26AKFY,0.004957638767856004,0.004339981005510404,0.013672658107055015,0.004957638767856004,0.004339981005510404,0.013672658107055015
ID_VQGG2L,0.000265891851527608,0.027721488922214932,0.004205047931468912,0.000265891851527608,0.027721488922214932,0.004205047931468912
ID_Z2H98N,0.0006434767478494719,0.02806226899280407,0.004205047931468912,0.0006434767478494719,0.02806226899280407,0.004205047931468912
ID_DMNH7M,0.000308656577142436,0.028213042407944054,0.004205047931468912,0.000308656577142436,0.028213042407944054,0.004205047931468912
ID_BGOJK7,0.000184139695337008,0.02757071550707486,0.004205047931468912,0.000184139695337008,0.02757071550707486,0.004205047931468912
ID_7R8S23,1e-07,0.000173228401258036,8.5309045558336e-05,1e-07,0.000173228401258036,8.5309045558336e-05
ID_MQO3VY,0.000184139695337008,0.02757071550707486,0.004205047931468912,0.000184139695337008,0.02757071550707486,0.004205047931468912
ID_O51O42,0.000184139695337008,0.027640621726317052,0.004205047931468912,0.000184139695337008,0.027640621726317052,0.004205047931468912
ID_4ISUVM,0.000184139695337008,0.02757071550707486,0.004205047931468912,0.000184139695337008,0.02757071550707486,0.004205047931468912
ID_PGEE11,0.000173467264926268,0.00011007826474440401,0.000268902088773992,0.000173467264926268,0.00011007826474440401,0.000268902088773992
ID_I5VRO5,1e-07,0.000902080634572868,0.000380667392243464,1e-07,0.000902080634572868,0.000380667392243464
ID_T0N43N,0.000184139695337008,0.0007273359010588,0.0013210986878832921,0.000184139695337008,0.0007273359010588,0.0013210986878832921
ID_15F3L2,0.0071665210050126755,0.005102616069674277,0.011214240731954027,0.0071665210050126755,0.005102616069674277,0.011214240731954027
ID_MYJQBV,0.00630840644701822,0.007430695350371219,0.014201452078656212,0.00630840644701822,0.007430695350371219,0.014201452078656212
ID_SIXKWK,1e-07,0.000206498789318764,8.5309045558336e-05,1e-07,0.000206498789318764,8.5309045558336e-05
ID_R062SB,1e-07,0.000173228401258036,8.5309045558336e-05,1e-07,0.000173228401258036,8.5309045558336e-05
ID_JQMJO8,0.000173467264926268,0.0005669633727099039,0.000380667392243464,0.000173467264926268,0.0005669633727099039,0.000380667392243464
ID_N1KQ0P,0.002452878165672732,0.004181083772185388,0.012393855807576303,0.002452878165672732,0.004181083772185388,0.012393855807576303
ID_17EH3F,1e-07,0.000173228401258036,8.5309045558336e-05,1e-07,0.000173228401258036,8.5309045558336e-05
ID_WHQS9J,1e-07,0.00048492174849707197,0.000268902088773992,1e-07,0.00048492174849707197,0.000268902088773992
ID_E9MYEG,1e-07,0.000173228401258036,8.5309045558336e-05,1e-07,0.000173228401258036,8.5309045558336e-05
ID_P4VAZC,0.00040758578892641196,0.0012337541579437639,0.000268902088773992,0.00040758578892641196,0.0012337541579437639,0.000268902088773992
ID_8EUWNU,1e-07,0.000416483971030024,0.000380667392243464,1e-07,0.000416483971030024,0.000380667392243464
ID_S5TAQL,1e-07,0.000173228401258036,0.000268902088773992,1e-07,0.000173228401258036,0.000268902088773992
ID_0S0PVH,1e-07,0.000173228401258036,8.5309045558336e-05,1e-07,0.000173228401258036,8.5309045558336e-05
ID_HKCU5C,0.008705707247521507,0.010000585385080463,0.013672658107055015,0.008705707247521507,0.010000585385080463,0.013672658107055015
ID_9SXKX7,1e-07,0.000173228401258036,8.5309045558336e-05,1e-07,0.000173228401258036,8.5309045558336e-05
ID_CAC8HA,1e-07,0.00011007826474440401,8.5309045558336e-05,1e-07,0.00011007826474440401,8.5309045558336e-05
ID_LTTNP4,1e-07,0.00033890012349652003,0.0004818770081486319,1e-07,0.00033890012349652003,0.0004818770081486319
ID_8Y6GYA,1e-07,0.00011007826474440401,8.5309045558336e-05,1e-07,0.00011007826474440401,8.5309045558336e-05
ID_JAHUY4,1e-07,0.000173228401258036,8.5309045558336e-05,1e-07,0.000173228401258036,8.5309045558336e-05
ID_7WRXP5,0.000173467264926268,0.00011007826474440401,0.000268902088773992,0.000173467264926268,0.00011007826474440401,0.000268902088773992
ID_E6FGS1,0.004219428615131023,0.00434045483609856,0.00688278907247276,0.004219428615131023,0.00434045483609856,0.00688278907247276
ID_J23PY3,0.005304404442765716,0.006222466187803832,0.014201452078656212,0.005304404442765716,0.006222466187803832,0.014201452078656212
ID_I8EM0Z,0.007499297635925268,0.008427549927859134,0.0128762190379025,0.007499297635925268,0.008427549927859134,0.0128762190379025
ID_M0AGW7,0.00040758578892641196,0.00048492174849707197,0.000268902088773992,0.00040758578892641196,0.00048492174849707197,0.000268902088773992
ID_FM2PGK,0.000173467264926268,0.00037416041615003203,0.000268902088773992,0.000173467264926268,0.00037416041615003203,0.000268902088773992
ID_WR1UYY,1e-07,0.000305629735435792,8.5309045558336e-05,1e-07,0.000305629735435792,8.5309045558336e-05
ID_G2J9TV,0.001326845858536556,0.0035396782378830363,0.005609390658053048,0.001326845858536556,0.0035396782378830363,0.005609390658053048
ID_XCOLR8,1e-07,0.00011007826474440401,8.5309045558336e-05,1e-07,0.00011007826474440401,8.5309045558336e-05
ID_9J6DPQ,1e-07,0.000173228401258036,8.5309045558336e-05,1e-07,0.000173228401258036,8.5309045558336e-05
ID_X6MXTF,0.000173467264926268,0.00011007826474440401,0.000268902088773992,0.000173467264926268,0.00011007826474440401,0.000268902088773992
ID_YFL07C,0.000173467264926268,0.00011007826474440401,0.000268902088773992,0.000173467264926268,0.00011007826474440401,0.000268902088773992
ID_BCF7Y5,0.01222020386460079,0.00922133868988418,0.019077448259887952,0.01222020386460079,0.00922133868988418,0.019077448259887952
ID_WW13YS,0.000173467264926268,0.00011007826474440401,8.5309045558336e-05,0.000173467264926268,0.00011007826474440401,8.5309045558336e-05
ID_DEQONK,1e-07,0.00048492174849707197,0.000268902088773992,1e-07,0.00048492174849707197,0.000268902088773992
ID_8NIMUF,0.008812754667734204,0.012163310543917324,0.02226089083475196,0.008812754667734204,0.012163310543917324,0.02226089083475196
ID_AN1U1Q,0.000173467264926268,0.000524639817829912,0.000268902088773992,0.000173467264926268,0.000524639817829912,0.000268902088773992
ID_SYTJK4,0.000173467264926268,0.000542589324253724,0.000268902088773992,0.000173467264926268,0.000542589324253724,0.000268902088773992
ID_GE0PML,1e-07,0.00048492174849707197,0.000268902088773992,1e-07,0.00048492174849707197,0.000268902088773992
ID_2HISEV,0.000184139695337008,0.000617323082674828,0.000268902088773992,0.000184139695337008,0.000617323082674828,0.000268902088773992
ID_MDD7FZ,1e-07,0.000173228401258036,8.5309045558336e-05,1e-07,0.000173228401258036,8.5309045558336e-05
ID_FQNAWD,1e-07,0.000127156253557072,8.5309045558336e-05,1e-07,0.000127156253557072,8.5309045558336e-05
ID_FVWFLK,0.000173467264926268,0.00037416041615003203,0.000268902088773992,0.000173467264926268,0.00037416041615003203,0.000268902088773992
ID_ADU6RR,0.00040758578892641196,0.0012337541579437639,0.000268902088773992,0.00040758578892641196,0.0012337541579437639,0.000268902088773992
ID_XH1LC3,1e-07,0.000173228401258036,8.5309045558336e-05,1e-07,0.000173228401258036,8.5309045558336e-05
ID_P98LKD,0.000969683192312108,0.028925617961032716,0.004520796501112548,0.000969683192312108,0.028925617961032716,0.004520796501112548
ID_9OMVON,0.002452878165672732,0.004181083772185388,0.012393855807576303,0.002452878165672732,0.004181083772185388,0.012393855807576303
ID_FKYCE5,0.0023488805248044198,0.004181083772185388,0.009196879316095096,0.0023488805248044198,0.004181083772185388,0.009196879316095096
ID_V3YM6S,0.000173467264926268,0.000542589324253724,0.000268902088773992,0.000173467264926268,0.000542589324253724,0.000268902088773992
ID_HRFMYC,0.000265891851527608,0.028464529571781284,0.004205047931468912,0.000265891851527608,0.028464529571781284,0.004205047931468912
ID_D088YD,0.000173467264926268,0.0005669633727099039,0.000380667392243464,0.000173467264926268,0.0005669633727099039,0.000380667392243464
ID_CLQ4CW,0.000173467264926268,0.00011007826474440401,0.000268902088773992,0.000173467264926268,0.00011007826474440401,0.000268902088773992
ID_RL7E2I,1e-07,0.000173228401258036,8.5309045558336e-05,1e-07,0.000173228401258036,8.5309045558336e-05
ID_VK25IA,0.006197654870312988,0.006488267802802284,0.011214240731954027,0.006197654870312988,0.006488267802802284,0.011214240731954027
ID_RN5N5F,1e-07,0.000173228401258036,0.000268902088773992,1e-07,0.000173228401258036,0.000268902088773992
ID_5TLZMB,0.000173467264926268,0.000524639817829912,0.000268902088773992,0.000173467264926268,0.000524639817829912,0.000268902088773992
ID_7OSIUD,0.000173467264926268,0.00011007826474440401,0.000268902088773992,0.000173467264926268,0.00011007826474440401,0.000268902088773992
ID_MZPJPB,0.0023488805248044198,0.004181083772185388,0.009196879316095096,0.0023488805248044198,0.004181083772185388,0.009196879316095096
ID_1QMC23,0.000173467264926268,0.00011007826474440401,0.000268902088773992,0.000173467264926268,0.00011007826474440401,0.000268902088773992
ID_HE9HVL,0.000173467264926268,0.000416483971030024,0.000268902088773992,0.000173467264926268,0.000416483971030024,0.000268902088773992
ID_H2IQKE,1e-07,0.000305629735435792,8.5309045558336e-05,1e-07,0.000305629735435792,8.5309045558336e-05
ID_YHLHJU,1e-07,0.000173228401258036,0.000268902088773992,1e-07,0.000173228401258036,0.000268902088773992
ID_5QLFQX,1e-07,0.000173228401258036,8.5309045558336e-05,1e-07,0.000173228401258036,8.5309045558336e-05
ID_8XAE26,0.01223871331805956,0.012729844721230116,0.04541422875094197,0.01223871331805956,0.012729844721230116,0.04541422875094197
ID_4OPMF7,0.000184139695337008,0.0007273359010588,0.0007333280450826519,0.000184139695337008,0.0007273359010588,0.0007333280450826519
ID_N4FQXD,0.000184139695337008,0.000692756717997076,0.000744129572626352,0.000184139695337008,0.000692756717997076,0.000744129572626352
ID_BLEVN1,1e-07,0.000173228401258036,8.5309045558336e-05,1e-07,0.000173228401258036,8.5309045558336e-05
ID_LHUDOH,1e-07,0.000127156253557072,8.5309045558336e-05,1e-07,0.000127156253557072,8.5309045558336e-05
ID_OKOAZY,0.000173467264926268,0.00011007826474440401,0.000268902088773992,0.000173467264926268,0.00011007826474440401,0.000268902088773992
ID_E57G26,1e-07,0.000617323082674828,0.000268902088773992,1e-07,0.000617323082674828,0.000268902088773992
ID_2STV22,0.008867156053380296,0.012532894575276307,0.02226089083475196,0.008867156053380296,0.012532894575276307,0.02226089083475196
ID_7UZ55C,0.000173467264926268,0.000173228401258036,0.000268902088773992,0.000173467264926268,0.000173228401258036,0.000268902088773992
ID_DD2PDS,0.00040758578892641196,0.00108957658942816,0.000268902088773992,0.00040758578892641196,0.00108957658942816,0.000268902088773992
ID_KDHH6J,1e-07,0.00048492174849707197,8.5309045558336e-05,1e-07,0.00048492174849707197,8.5309045558336e-05
ID_A7UKVZ,0.002713815275680808,0.00547359232614506,0.012372629810525596,0.002713815275680808,0.00547359232614506,0.012372629810525596
ID_663PZ9,1e-07,0.000173228401258036,8.5309045558336e-05,1e-07,0.000173228401258036,8.5309045558336e-05
ID_URF0I1,0.004825087119599104,0.005534521419251872,0.020522604379115253,0.004825087119599104,0.005534521419251872,0.020522604379115253
ID_4N5TQ6,0.000173467264926268,0.00019030639007070399,0.000268902088773992,0.000173467264926268,0.00019030639007070399,0.000268902088773992
ID_60ZK2I,1e-07,0.00048492174849707197,0.000268902088773992,1e-07,0.00048492174849707197,0.000268902088773992
ID_QC43VZ,0.008705707247521507,0.010000585385080463,0.013672658107055015,0.008705707247521507,0.010000585385080463,0.013672658107055015
ID_13U1NY,1e-07,0.000173228401258036,8.5309045558336e-05,1e-07,0.000173228401258036,8.5309045558336e-05
ID_1VBX12,0.000173467264926268,0.000542589324253724,0.000268902088773992,0.000173467264926268,0.000542589324253724,0.000268902088773992
ID_7HH53L,0.000173467264926268,0.00011007826474440401,0.000268902088773992,0.000173467264926268,0.00011007826474440401,0.000268902088773992
ID_O7C7KQ,1e-07,0.00011007826474440401,8.5309045558336e-05,1e-07,0.00011007826474440401,8.5309045558336e-05
ID_G5JSBH,0.000173467264926268,0.00037416041615003203,0.000268902088773992,0.000173467264926268,0.00037416041615003203,0.000268902088773992
ID_VKKIH3,0.00040758578892641196,0.0012337541579437639,0.000268902088773992,0.00040758578892641196,0.0012337541579437639,0.000268902088773992
ID_665YVK,0.000184139695337008,0.0007273359010588,0.0007333280450826519,0.000184139695337008,0.0007273359010588,0.0007333280450826519
ID_I3WYPK,0.000184139695337008,0.000692756717997076,0.000744129572626352,0.000184139695337008,0.000692756717997076,0.000744129572626352
ID_UVJVQX,0.008705707247521507,0.010000585385080463,0.013672658107055015,0.008705707247521507,0.010000585385080463,0.013672658107055015
ID_574Q8E,0.000173467264926268,0.00037416041615003203,0.000268902088773992,0.000173467264926268,0.00037416041615003203,0.000268902088773992
ID_L6LXEE,0.004957638767856004,0.0044009100986173,0.010496907612624515,0.004957638767856004,0.0044009100986173,0.010496907612624515
ID_74MOYS,0.00040758578892641196,0.0012337541579437639,0.000268902088773992,0.00040758578892641196,0.0012337541579437639,0.000268902088773992
ID_N6IRKL,0.000173467264926268,0.00037416041615003203,0.000268902088773992,0.000173467264926268,0.00037416041615003203,0.000268902088773992
ID_3F60LX,0.000173467264926268,0.00108957658942816,0.000268902088773992,0.000173467264926268,0.00108957658942816,0.000268902088773992
ID_D6GTQM,0.000173467264926268,0.001120384806946796,0.000268902088773992,0.000173467264926268,0.001120384806946796,0.000268902088773992
ID_28MU6X,1e-07,0.000173228401258036,8.5309045558336e-05,1e-07,0.000173228401258036,8.5309045558336e-05
ID_4EA27V,0.000173467264926268,0.00011007826474440401,0.000268902088773992,0.000173467264926268,0.00011007826474440401,0.000268902088773992
ID_JMKVHA,1e-07,0.00047012021074363996,0.000744129572626352,1e-07,0.00047012021074363996,0.000744129572626352
ID_T8PROT,0.000173467264926268,0.000173228401258036,0.000268902088773992,0.000173467264926268,0.000173228401258036,0.000268902088773992
ID_KFZT1Z,0.010364664870558217,0.01237199064935658,0.018318618800020996,0.010364664870558217,0.01237199064935658,0.018318618800020996
ID_1L92EP,1e-07,0.000173228401258036,8.5309045558336e-05,1e-07,0.000173228401258036,8.5309045558336e-05
ID_D16TQ3,1e-07,0.000283241219641924,0.0004818770081486319,1e-07,0.000283241219641924,0.0004818770081486319
ID_4KJBXU,0.000184139695337008,0.0007273359010588,0.0013210986878832921,0.000184139695337008,0.0007273359010588,0.0013210986878832921
ID_HAGZ8S,1e-07,0.00011007826474440401,8.5309045558336e-05,1e-07,0.00011007826474440401,8.5309045558336e-05
ID_BZOPQK,1e-07,0.000617323082674828,0.000268902088773992,1e-07,0.000617323082674828,0.000268902088773992
ID_83J5WV,0.00040758578892641196,0.00108957658942816,0.000268902088773992,0.00040758578892641196,0.00108957658942816,0.000268902088773992
ID_2WYS02,1e-07,0.00011007826474440401,0.000268902088773992,1e-07,0.00011007826474440401,0.000268902088773992
ID_OHLMK5,0.01222020386460079,0.014083502846701035,0.01952829616524461,0.01222020386460079,0.014083502846701035,0.01952829616524461
ID_TENL85,0.000173467264926268,0.00011007826474440401,8.5309045558336e-05,0.000173467264926268,0.00011007826474440401,8.5309045558336e-05
ID_BIVD7V,0.000173467264926268,0.00011007826474440401,0.000268902088773992,0.000173467264926268,0.00011007826474440401,0.000268902088773992
ID_J28DNK,1e-07,0.000173228401258036,8.5309045558336e-05,1e-07,0.000173228401258036,8.5309045558336e-05
ID_BWIO8Z,1e-07,0.000173228401258036,0.000268902088773992,1e-07,0.000173228401258036,0.000268902088773992
ID_OCWO27,1e-07,0.000173228401258036,8.5309045558336e-05,1e-07,0.000173228401258036,8.5309045558336e-05
ID_IGHXNY,0.000184139695337008,0.027324693628137907,0.004205047931468912,0.000184139695337008,0.027324693628137907,0.004205047931468912
ID_LIIIBA,0.026523748634082876,0.026079189013950156,0.031046723450909336,0.026523748634082876,0.026079189013950156,0.031046723450909336
ID_1PO93P,0.000184139695337008,0.0007273359010588,0.0013210986878832921,0.000184139695337008,0.0007273359010588,0.0013210986878832921
ID_JS0FD0,0.000173467264926268,0.000173228401258036,0.000268902088773992,0.000173467264926268,0.000173228401258036,0.000268902088773992
ID_4YQUG6,0.00040758578892641196,0.029016185379193798,0.005656708917242564,0.00040758578892641196,0.029016185379193798,0.005656708917242564
ID_GGCNVE,0.0058986562770653355,0.006734066366365087,0.018446801453101222,0.0058986562770653355,0.006734066366365087,0.018446801453101222
ID_4MU095,0.006160477693018732,0.006955810369055539,0.011126985918492628,0.006160477693018732,0.006955810369055539,0.011126985918492628
ID_CF2J5G,0.007202213278914536,0.012222479327866423,0.021759569659638406,0.007202213278914536,0.012222479327866423,0.021759569659638406
ID_69KUSA,1e-07,0.00011007826474440401,0.000268902088773992,1e-07,0.00011007826474440401,0.000268902088773992
ID_47WWSO,1e-07,0.00019030639007070399,8.5309045558336e-05,1e-07,0.00019030639007070399,8.5309045558336e-05
ID_8EMU7E,1e-07,0.00011007826474440401,8.5309045558336e-05,1e-07,0.00011007826474440401,8.5309045558336e-05
ID_SSSQEE,0.000173467264926268,0.00037416041615003203,0.000268902088773992,0.000173467264926268,0.00037416041615003203,0.000268902088773992
ID_NC40LD,0.000926918466697196,0.02958448129524617,0.005821986446644892,0.000926918466697196,0.02958448129524617,0.005821986446644892
ID_RXX5K6,1e-07,0.000173228401258036,0.000268902088773992,1e-07,0.000173228401258036,0.000268902088773992
ID_O60MXV,1e-07,0.00065059347073564,0.0007333280450826519,1e-07,0.00065059347073564,0.0007333280450826519
ID_OG238E,1e-07,0.000173228401258036,0.000268902088773992,1e-07,0.000173228401258036,0.000268902088773992
ID_VA27BH,0.00040758578892641196,0.0012337541579437639,0.000268902088773992,0.00040758578892641196,0.0012337541579437639,0.000268902088773992
ID_5GVW6U,0.000173467264926268,0.000542589324253724,0.000268902088773992,0.000173467264926268,0.000542589324253724,0.000268902088773992
ID_74LR12,0.001592637710064164,0.003719690608734192,0.00688278907247276,0.001592637710064164,0.003719690608734192,0.00688278907247276
ID_345SCW,1e-07,0.00011007826474440401,8.5309045558336e-05,1e-07,0.00011007826474440401,8.5309045558336e-05
ID_AYT8DU,0.000173467264926268,0.00048492174849707197,0.000268902088773992,0.000173467264926268,0.00048492174849707197,0.000268902088773992
ID_XW5DPZ,1e-07,0.00047012021074363996,0.000744129572626352,1e-07,0.00047012021074363996,0.000744129572626352
ID_4IB9N7,1e-07,0.00048492174849707197,0.000268902088773992,1e-07,0.00048492174849707197,0.000268902088773992
ID_270DJ8,0.00040758578892641196,0.000868810246512056,0.000268902088773992,0.00040758578892641196,0.000868810246512056,0.000268902088773992
ID_NSAKGY,0.000184139695337008,0.00032270772424845996,8.5309045558336e-05,0.000184139695337008,0.00032270772424845996,8.5309045558336e-05
ID_1PTB19,1e-07,0.000173228401258036,8.5309045558336e-05,1e-07,0.000173228401258036,8.5309045558336e-05
ID_RDTW4J,0.000173467264926268,0.00037416041615003203,0.000268902088773992,0.000173467264926268,0.00037416041615003203,0.000268902088773992
ID_R8D4HS,1e-07,0.000283241219641924,0.0004818770081486319,1e-07,0.000283241219641924,0.0004818770081486319
ID_UF3LOQ,0.00630840644701822,0.007430695350371219,0.014201452078656212,0.00630840644701822,0.007430695350371219,0.014201452078656212
ID_AZRY44,1e-07,0.000173228401258036,8.5309045558336e-05,1e-07,0.000173228401258036,8.5309045558336e-05
ID_2KRTKC,1e-07,0.001349571388858064,0.000744129572626352,1e-07,0.001349571388858064,0.000744129572626352
ID_ISJZ5E,1e-07,0.0012170062575155918,0.000744129572626352,1e-07,0.0012170062575155918,0.000744129572626352
ID_DB3FQ6,1e-07,0.0012170062575155918,0.000744129572626352,1e-07,0.0012170062575155918,0.000744129572626352
ID_55KL6G,1e-07,0.0012170062575155918,0.000744129572626352,1e-07,0.0012170062575155918,0.000744129572626352
ID_X7RL40,1e-07,0.001582113966112016,0.000380667392243464,1e-07,0.001582113966112016,0.000380667392243464
ID_38TR4Q,1e-07,0.001714515300289772,0.000744129572626352,1e-07,0.001714515300289772,0.000744129572626352
ID_L8T6ZB,1e-07,0.001714515300289772,0.001650615625308152,1e-07,0.001714515300289772,0.001650615625308152
ID_D1SBOO,1e-07,0.000954799246173016,0.000656271285941792,1e-07,0.000954799246173016,0.000656271285941792
ID_83M5MJ,1e-07,0.0012170062575155918,0.000744129572626352,1e-07,0.0012170062575155918,0.000744129572626352
ID_XOU76K,1e-07,0.00141904762330042,0.000380667392243464,1e-07,0.00141904762330042,0.000380667392243464
ID_IWZ84Z,1e-07,0.001714515300289772,0.000656271285941792,1e-07,0.001714515300289772,0.000656271285941792
